Backup failed for Site test-site.local. Database or site_config.json may be corrupted
Traceback with variables (most recent call last):
  File "apps/frappe/frappe/commands/site.py", line 845, in backup
    odb = scheduled_backup(
      context = {'sites': ['test-site.local', 'vendor-qc.local'], 'force': False, 'verbose': True, 'profile': False}
      with_files = False
      backup_path = None
      backup_path_db = None
      backup_path_files = None
      backup_path_private_files = None
      backup_path_conf = None
      ignore_backup_conf = False
      verbose = True
      compress = False
      include = ''
      exclude = ''
      old_backup_metadata = False
      scheduled_backup = <function scheduled_backup at 0x10a05ba60>
      exit_code = 0
      rollback_callback = None
      site = 'test-site.local'
  File "apps/frappe/frappe/utils/backups.py", line 568, in scheduled_backup
    return new_backup(
      older_than = 6
      ignore_files = True
      backup_path = None
      backup_path_db = None
      backup_path_files = None
      backup_path_private_files = None
      backup_path_conf = None
      ignore_conf = False
      include_doctypes = ''
      exclude_doctypes = ''
      compress = False
      force = True
      verbose = True
      old_backup_metadata = False
      rollback_callback = <frappe.utils.CallbackManager object at 0x10a243c70>
  File "apps/frappe/frappe/utils/backups.py", line 626, in new_backup
    odb.get_backup(older_than, ignore_files, force=force)
      older_than = 6
      ignore_files = True
      backup_path = None
      backup_path_db = None
      backup_path_files = None
      backup_path_private_files = None
      backup_path_conf = None
      ignore_conf = False
      include_doctypes = ''
      exclude_doctypes = ''
      compress = False
      force = True
      verbose = True
      old_backup_metadata = False
      rollback_callback = <frappe.utils.CallbackManager object at 0x10a243c70>
      odb = <frappe.utils.backups.BackupGenerator object at 0x10a1e7230>
  File "apps/frappe/frappe/utils/backups.py", line 195, in get_backup
    self.delete_if_step_fails(self.take_dump, self.backup_path_db)
      self = <frappe.utils.backups.BackupGenerator object at 0x10a1e7230>
      older_than = 6
      ignore_files = True
      force = True
      last_db = False
      last_file = False
      last_private_file = False
      site_config_backup_path = False
  File "apps/frappe/frappe/utils/backups.py", line 520, in delete_if_step_fails
    raise e
      self = <frappe.utils.backups.BackupGenerator object at 0x10a1e7230>
      step = <bound method BackupGenerator.take_dump of <frappe.utils.backups.BackupGenerator object at 0x10a1e7230>>
      paths = ('./test-site.local/private/backups/20251101_120005-test-site_local-database.sql.gz',)
      path = './test-site.local/private/backups/20251101_120005-test-site_local-database.sql.gz'
  File "apps/frappe/frappe/utils/backups.py", line 515, in delete_if_step_fails
    step()
      self = <frappe.utils.backups.BackupGenerator object at 0x10a1e7230>
      step = <bound method BackupGenerator.take_dump of <frappe.utils.backups.BackupGenerator object at 0x10a1e7230>>
      paths = ('./test-site.local/private/backups/20251101_120005-test-site_local-database.sql.gz',)
      path = './test-site.local/private/backups/20251101_120005-test-site_local-database.sql.gz'
  File "apps/frappe/frappe/utils/backups.py", line 457, in take_dump
    frappe.throw(
      self = <frappe.utils.backups.BackupGenerator object at 0x10a1e7230>
      shlex = <module 'shlex' from '/opt/homebrew/Cellar/python@3.13/3.13.1/Frameworks/Python.framework/Versions/3.13/lib/python3.13/shlex.py'>
      frappe = <module 'frappe' from 'apps/frappe/frappe/__init__.py'>
      get_app_branch = <function get_app_branch at 0x10a03eac0>
      gzip_exc = '/usr/bin/gzip'
      database_header_content = ['begin frappe metadata', '[frappe]', 'version = 15.87.0', 'branch = version-15', 'end frappe metadata', '']
      generated_header = '-- begin frappe metadata\n-- [frappe]\n-- version = 15.87.0\n-- branch = version-15\n-- end frappe metadata\n-- \n'
      f = <_io.TextIOWrapper name='./test-site.local/private/backups/20251101_120005-test-site_local-database.sql.gz' encoding='UTF-8'>
      cmd = []
      extra = []
      get_command = <function get_command at 0x109cebb00>
      bin = None
      args = ['--user=_537373b7e3047fb7', '--host=127.0.0.1', '--port=3306', '--password=U5hxfjpquKPDmY5A', '--single-transaction', '--quick', '--lock-tables=false', '_537373b7e3047fb7']
      bin_name = 'mariadb-dump'
  File "apps/frappe/frappe/__init__.py", line 609, in throw
    msgprint(
      msg = 'mariadb-dump not found in PATH! This is required to take a backup.'
      exc = <class 'frappe.exceptions.ExecutableNotFound'>
      title = None
      is_minimizable = False
      wide = False
      as_list = False
      primary_action = None
  File "apps/frappe/frappe/__init__.py", line 574, in msgprint
    _raise_exception()
      msg = 'mariadb-dump not found in PATH! This is required to take a backup.'
      title = None
      raise_exception = <class 'frappe.exceptions.ExecutableNotFound'>
      as_table = False
      as_list = False
      indicator = 'red'
      alert = False
      primary_action = None
      is_minimizable = False
      wide = False
      realtime = False
      sys = <module 'sys' (built-in)>
      _raise_exception = <function msgprint.<locals>._raise_exception at 0x107ea1da0>
      inspect = <module 'inspect' from '/opt/homebrew/Cellar/python@3.13/3.13.1/Frameworks/Python.framework/Versions/3.13/lib/python3.13/inspect.py'>
      out = {'message': 'mariadb-dump not found in PATH! This is required to take a backup.', 'title': 'Message', 'indicator': 'red', 'raise_exception': 1, '__frappe_exc_id': '9ed3f1966e53f9ce6d8f7dfa4d8e5931d0d705119dfa050daa7b19c2'}
  File "apps/frappe/frappe/__init__.py", line 525, in _raise_exception
    raise exc
      exc = ExecutableNotFound('mariadb-dump not found in PATH! This is required to take a backup.')
      inspect = <module 'inspect' from '/opt/homebrew/Cellar/python@3.13/3.13.1/Frameworks/Python.framework/Versions/3.13/lib/python3.13/inspect.py'>
      msg = 'mariadb-dump not found in PATH! This is required to take a backup.'
      out = {'message': 'mariadb-dump not found in PATH! This is required to take a backup.', 'title': 'Message', 'indicator': 'red', 'raise_exception': 1, '__frappe_exc_id': '9ed3f1966e53f9ce6d8f7dfa4d8e5931d0d705119dfa050daa7b19c2'}
      raise_exception = <class 'frappe.exceptions.ExecutableNotFound'>
frappe.exceptions.ExecutableNotFound: mariadb-dump not found in PATH! This is required to take a backup.
Backup failed for Site vendor-qc.local. Database or site_config.json may be corrupted
Traceback with variables (most recent call last):
  File "apps/frappe/frappe/commands/site.py", line 845, in backup
    odb = scheduled_backup(
      context = {'sites': ['test-site.local', 'vendor-qc.local'], 'force': False, 'verbose': True, 'profile': False}
      with_files = False
      backup_path = None
      backup_path_db = None
      backup_path_files = None
      backup_path_private_files = None
      backup_path_conf = None
      ignore_backup_conf = False
      verbose = True
      compress = False
      include = ''
      exclude = ''
      old_backup_metadata = False
      scheduled_backup = <function scheduled_backup at 0x10a05ba60>
      exit_code = 1
      rollback_callback = None
      site = 'vendor-qc.local'
  File "apps/frappe/frappe/utils/backups.py", line 568, in scheduled_backup
    return new_backup(
      older_than = 6
      ignore_files = True
      backup_path = None
      backup_path_db = None
      backup_path_files = None
      backup_path_private_files = None
      backup_path_conf = None
      ignore_conf = False
      include_doctypes = ''
      exclude_doctypes = ''
      compress = False
      force = True
      verbose = True
      old_backup_metadata = False
      rollback_callback = <frappe.utils.CallbackManager object at 0x10a3d3fd0>
  File "apps/frappe/frappe/utils/backups.py", line 626, in new_backup
    odb.get_backup(older_than, ignore_files, force=force)
      older_than = 6
      ignore_files = True
      backup_path = None
      backup_path_db = None
      backup_path_files = None
      backup_path_private_files = None
      backup_path_conf = None
      ignore_conf = False
      include_doctypes = ''
      exclude_doctypes = ''
      compress = False
      force = True
      verbose = True
      old_backup_metadata = False
      rollback_callback = <frappe.utils.CallbackManager object at 0x10a3d3fd0>
      odb = <frappe.utils.backups.BackupGenerator object at 0x10a2e2350>
  File "apps/frappe/frappe/utils/backups.py", line 195, in get_backup
    self.delete_if_step_fails(self.take_dump, self.backup_path_db)
      self = <frappe.utils.backups.BackupGenerator object at 0x10a2e2350>
      older_than = 6
      ignore_files = True
      force = True
      last_db = False
      last_file = False
      last_private_file = False
      site_config_backup_path = False
  File "apps/frappe/frappe/utils/backups.py", line 520, in delete_if_step_fails
    raise e
      self = <frappe.utils.backups.BackupGenerator object at 0x10a2e2350>
      step = <bound method BackupGenerator.take_dump of <frappe.utils.backups.BackupGenerator object at 0x10a2e2350>>
      paths = ('./test-site.local/private/backups/20251101_120005-test-site_local-database.sql.gz',)
      path = './test-site.local/private/backups/20251101_120005-test-site_local-database.sql.gz'
  File "apps/frappe/frappe/utils/backups.py", line 515, in delete_if_step_fails
    step()
      self = <frappe.utils.backups.BackupGenerator object at 0x10a2e2350>
      step = <bound method BackupGenerator.take_dump of <frappe.utils.backups.BackupGenerator object at 0x10a2e2350>>
      paths = ('./test-site.local/private/backups/20251101_120005-test-site_local-database.sql.gz',)
      path = './test-site.local/private/backups/20251101_120005-test-site_local-database.sql.gz'
  File "apps/frappe/frappe/utils/backups.py", line 457, in take_dump
    frappe.throw(
      self = <frappe.utils.backups.BackupGenerator object at 0x10a2e2350>
      shlex = <module 'shlex' from '/opt/homebrew/Cellar/python@3.13/3.13.1/Frameworks/Python.framework/Versions/3.13/lib/python3.13/shlex.py'>
      frappe = <module 'frappe' from 'apps/frappe/frappe/__init__.py'>
      get_app_branch = <function get_app_branch at 0x10a03eac0>
      gzip_exc = '/usr/bin/gzip'
      database_header_content = ['begin frappe metadata', '[frappe]', 'version = 15.87.0', 'branch = version-15', 'end frappe metadata', '']
      generated_header = '-- begin frappe metadata\n-- [frappe]\n-- version = 15.87.0\n-- branch = version-15\n-- end frappe metadata\n-- \n'
      f = <_io.TextIOWrapper name='./test-site.local/private/backups/20251101_120005-test-site_local-database.sql.gz' encoding='UTF-8'>
      cmd = []
      extra = []
      get_command = <function get_command at 0x109cebb00>
      bin = None
      args = ['--user=_537373b7e3047fb7', '--host=127.0.0.1', '--port=3306', '--password=U5hxfjpquKPDmY5A', '--single-transaction', '--quick', '--lock-tables=false', '_537373b7e3047fb7']
      bin_name = 'mariadb-dump'
  File "apps/frappe/frappe/__init__.py", line 609, in throw
    msgprint(
      msg = 'mariadb-dump not found in PATH! This is required to take a backup.'
      exc = <class 'frappe.exceptions.ExecutableNotFound'>
      title = None
      is_minimizable = False
      wide = False
      as_list = False
      primary_action = None
  File "apps/frappe/frappe/__init__.py", line 574, in msgprint
    _raise_exception()
      msg = 'mariadb-dump not found in PATH! This is required to take a backup.'
      title = None
      raise_exception = <class 'frappe.exceptions.ExecutableNotFound'>
      as_table = False
      as_list = False
      indicator = 'red'
      alert = False
      primary_action = None
      is_minimizable = False
      wide = False
      realtime = False
      sys = <module 'sys' (built-in)>
      _raise_exception = <function msgprint.<locals>._raise_exception at 0x10a289d00>
      inspect = <module 'inspect' from '/opt/homebrew/Cellar/python@3.13/3.13.1/Frameworks/Python.framework/Versions/3.13/lib/python3.13/inspect.py'>
      out = {'message': 'mariadb-dump not found in PATH! This is required to take a backup.', 'title': 'Message', 'indicator': 'red', 'raise_exception': 1, '__frappe_exc_id': '846aca5f2620f987bd0ef66c2e67fee272bc7fb4e09729d99a9af443'}
  File "apps/frappe/frappe/__init__.py", line 525, in _raise_exception
    raise exc
      exc = ExecutableNotFound('mariadb-dump not found in PATH! This is required to take a backup.')
      inspect = <module 'inspect' from '/opt/homebrew/Cellar/python@3.13/3.13.1/Frameworks/Python.framework/Versions/3.13/lib/python3.13/inspect.py'>
      msg = 'mariadb-dump not found in PATH! This is required to take a backup.'
      out = {'message': 'mariadb-dump not found in PATH! This is required to take a backup.', 'title': 'Message', 'indicator': 'red', 'raise_exception': 1, '__frappe_exc_id': '846aca5f2620f987bd0ef66c2e67fee272bc7fb4e09729d99a9af443'}
      raise_exception = <class 'frappe.exceptions.ExecutableNotFound'>
frappe.exceptions.ExecutableNotFound: mariadb-dump not found in PATH! This is required to take a backup.
Backup failed for Site test-site.local. Database or site_config.json may be corrupted
Traceback with variables (most recent call last):
  File "apps/frappe/frappe/commands/site.py", line 845, in backup
    odb = scheduled_backup(
      context = {'sites': ['test-site.local', 'vendor-qc.local'], 'force': False, 'verbose': True, 'profile': False}
      with_files = False
      backup_path = None
      backup_path_db = None
      backup_path_files = None
      backup_path_private_files = None
      backup_path_conf = None
      ignore_backup_conf = False
      verbose = True
      compress = False
      include = ''
      exclude = ''
      old_backup_metadata = False
      scheduled_backup = <function scheduled_backup at 0x108ac3a60>
      exit_code = 0
      rollback_callback = None
      site = 'test-site.local'
  File "apps/frappe/frappe/utils/backups.py", line 568, in scheduled_backup
    return new_backup(
      older_than = 6
      ignore_files = True
      backup_path = None
      backup_path_db = None
      backup_path_files = None
      backup_path_private_files = None
      backup_path_conf = None
      ignore_conf = False
      include_doctypes = ''
      exclude_doctypes = ''
      compress = False
      force = True
      verbose = True
      old_backup_metadata = False
      rollback_callback = <frappe.utils.CallbackManager object at 0x108d13bb0>
  File "apps/frappe/frappe/utils/backups.py", line 626, in new_backup
    odb.get_backup(older_than, ignore_files, force=force)
      older_than = 6
      ignore_files = True
      backup_path = None
      backup_path_db = None
      backup_path_files = None
      backup_path_private_files = None
      backup_path_conf = None
      ignore_conf = False
      include_doctypes = ''
      exclude_doctypes = ''
      compress = False
      force = True
      verbose = True
      old_backup_metadata = False
      rollback_callback = <frappe.utils.CallbackManager object at 0x108d13bb0>
      odb = <frappe.utils.backups.BackupGenerator object at 0x108cb3230>
  File "apps/frappe/frappe/utils/backups.py", line 195, in get_backup
    self.delete_if_step_fails(self.take_dump, self.backup_path_db)
      self = <frappe.utils.backups.BackupGenerator object at 0x108cb3230>
      older_than = 6
      ignore_files = True
      force = True
      last_db = False
      last_file = False
      last_private_file = False
      site_config_backup_path = False
  File "apps/frappe/frappe/utils/backups.py", line 520, in delete_if_step_fails
    raise e
      self = <frappe.utils.backups.BackupGenerator object at 0x108cb3230>
      step = <bound method BackupGenerator.take_dump of <frappe.utils.backups.BackupGenerator object at 0x108cb3230>>
      paths = ('./test-site.local/private/backups/20251101_180001-test-site_local-database.sql.gz',)
      path = './test-site.local/private/backups/20251101_180001-test-site_local-database.sql.gz'
  File "apps/frappe/frappe/utils/backups.py", line 515, in delete_if_step_fails
    step()
      self = <frappe.utils.backups.BackupGenerator object at 0x108cb3230>
      step = <bound method BackupGenerator.take_dump of <frappe.utils.backups.BackupGenerator object at 0x108cb3230>>
      paths = ('./test-site.local/private/backups/20251101_180001-test-site_local-database.sql.gz',)
      path = './test-site.local/private/backups/20251101_180001-test-site_local-database.sql.gz'
  File "apps/frappe/frappe/utils/backups.py", line 457, in take_dump
    frappe.throw(
      self = <frappe.utils.backups.BackupGenerator object at 0x108cb3230>
      shlex = <module 'shlex' from '/opt/homebrew/Cellar/python@3.13/3.13.1/Frameworks/Python.framework/Versions/3.13/lib/python3.13/shlex.py'>
      frappe = <module 'frappe' from 'apps/frappe/frappe/__init__.py'>
      get_app_branch = <function get_app_branch at 0x108aa6ac0>
      gzip_exc = '/usr/bin/gzip'
      database_header_content = ['begin frappe metadata', '[frappe]', 'version = 15.87.0', 'branch = version-15', 'end frappe metadata', '']
      generated_header = '-- begin frappe metadata\n-- [frappe]\n-- version = 15.87.0\n-- branch = version-15\n-- end frappe metadata\n-- \n'
      f = <_io.TextIOWrapper name='./test-site.local/private/backups/20251101_180001-test-site_local-database.sql.gz' encoding='UTF-8'>
      cmd = []
      extra = []
      get_command = <function get_command at 0x108793b00>
      bin = None
      args = ['--user=_537373b7e3047fb7', '--host=127.0.0.1', '--port=3306', '--password=U5hxfjpquKPDmY5A', '--single-transaction', '--quick', '--lock-tables=false', '_537373b7e3047fb7']
      bin_name = 'mariadb-dump'
  File "apps/frappe/frappe/__init__.py", line 609, in throw
    msgprint(
      msg = 'mariadb-dump not found in PATH! This is required to take a backup.'
      exc = <class 'frappe.exceptions.ExecutableNotFound'>
      title = None
      is_minimizable = False
      wide = False
      as_list = False
      primary_action = None
  File "apps/frappe/frappe/__init__.py", line 574, in msgprint
    _raise_exception()
      msg = 'mariadb-dump not found in PATH! This is required to take a backup.'
      title = None
      raise_exception = <class 'frappe.exceptions.ExecutableNotFound'>
      as_table = False
      as_list = False
      indicator = 'red'
      alert = False
      primary_action = None
      is_minimizable = False
      wide = False
      realtime = False
      sys = <module 'sys' (built-in)>
      _raise_exception = <function msgprint.<locals>._raise_exception at 0x10698dda0>
      inspect = <module 'inspect' from '/opt/homebrew/Cellar/python@3.13/3.13.1/Frameworks/Python.framework/Versions/3.13/lib/python3.13/inspect.py'>
      out = {'message': 'mariadb-dump not found in PATH! This is required to take a backup.', 'title': 'Message', 'indicator': 'red', 'raise_exception': 1, '__frappe_exc_id': 'ecbb1c0507c9132904a28d1522dd0f5efac28c74339dddb6abec742d'}
  File "apps/frappe/frappe/__init__.py", line 525, in _raise_exception
    raise exc
      exc = ExecutableNotFound('mariadb-dump not found in PATH! This is required to take a backup.')
      inspect = <module 'inspect' from '/opt/homebrew/Cellar/python@3.13/3.13.1/Frameworks/Python.framework/Versions/3.13/lib/python3.13/inspect.py'>
      msg = 'mariadb-dump not found in PATH! This is required to take a backup.'
      out = {'message': 'mariadb-dump not found in PATH! This is required to take a backup.', 'title': 'Message', 'indicator': 'red', 'raise_exception': 1, '__frappe_exc_id': 'ecbb1c0507c9132904a28d1522dd0f5efac28c74339dddb6abec742d'}
      raise_exception = <class 'frappe.exceptions.ExecutableNotFound'>
frappe.exceptions.ExecutableNotFound: mariadb-dump not found in PATH! This is required to take a backup.
Backup failed for Site vendor-qc.local. Database or site_config.json may be corrupted
Traceback with variables (most recent call last):
  File "apps/frappe/frappe/commands/site.py", line 845, in backup
    odb = scheduled_backup(
      context = {'sites': ['test-site.local', 'vendor-qc.local'], 'force': False, 'verbose': True, 'profile': False}
      with_files = False
      backup_path = None
      backup_path_db = None
      backup_path_files = None
      backup_path_private_files = None
      backup_path_conf = None
      ignore_backup_conf = False
      verbose = True
      compress = False
      include = ''
      exclude = ''
      old_backup_metadata = False
      scheduled_backup = <function scheduled_backup at 0x108ac3a60>
      exit_code = 1
      rollback_callback = None
      site = 'vendor-qc.local'
  File "apps/frappe/frappe/utils/backups.py", line 568, in scheduled_backup
    return new_backup(
      older_than = 6
      ignore_files = True
      backup_path = None
      backup_path_db = None
      backup_path_files = None
      backup_path_private_files = None
      backup_path_conf = None
      ignore_conf = False
      include_doctypes = ''
      exclude_doctypes = ''
      compress = False
      force = True
      verbose = True
      old_backup_metadata = False
      rollback_callback = <frappe.utils.CallbackManager object at 0x108f20fd0>
  File "apps/frappe/frappe/utils/backups.py", line 626, in new_backup
    odb.get_backup(older_than, ignore_files, force=force)
      older_than = 6
      ignore_files = True
      backup_path = None
      backup_path_db = None
      backup_path_files = None
      backup_path_private_files = None
      backup_path_conf = None
      ignore_conf = False
      include_doctypes = ''
      exclude_doctypes = ''
      compress = False
      force = True
      verbose = True
      old_backup_metadata = False
      rollback_callback = <frappe.utils.CallbackManager object at 0x108f20fd0>
      odb = <frappe.utils.backups.BackupGenerator object at 0x108dae490>
  File "apps/frappe/frappe/utils/backups.py", line 195, in get_backup
    self.delete_if_step_fails(self.take_dump, self.backup_path_db)
      self = <frappe.utils.backups.BackupGenerator object at 0x108dae490>
      older_than = 6
      ignore_files = True
      force = True
      last_db = False
      last_file = False
      last_private_file = False
      site_config_backup_path = False
  File "apps/frappe/frappe/utils/backups.py", line 520, in delete_if_step_fails
    raise e
      self = <frappe.utils.backups.BackupGenerator object at 0x108dae490>
      step = <bound method BackupGenerator.take_dump of <frappe.utils.backups.BackupGenerator object at 0x108dae490>>
      paths = ('./test-site.local/private/backups/20251101_180002-test-site_local-database.sql.gz',)
      path = './test-site.local/private/backups/20251101_180002-test-site_local-database.sql.gz'
  File "apps/frappe/frappe/utils/backups.py", line 515, in delete_if_step_fails
    step()
      self = <frappe.utils.backups.BackupGenerator object at 0x108dae490>
      step = <bound method BackupGenerator.take_dump of <frappe.utils.backups.BackupGenerator object at 0x108dae490>>
      paths = ('./test-site.local/private/backups/20251101_180002-test-site_local-database.sql.gz',)
      path = './test-site.local/private/backups/20251101_180002-test-site_local-database.sql.gz'
  File "apps/frappe/frappe/utils/backups.py", line 457, in take_dump
    frappe.throw(
      self = <frappe.utils.backups.BackupGenerator object at 0x108dae490>
      shlex = <module 'shlex' from '/opt/homebrew/Cellar/python@3.13/3.13.1/Frameworks/Python.framework/Versions/3.13/lib/python3.13/shlex.py'>
      frappe = <module 'frappe' from 'apps/frappe/frappe/__init__.py'>
      get_app_branch = <function get_app_branch at 0x108aa6ac0>
      gzip_exc = '/usr/bin/gzip'
      database_header_content = ['begin frappe metadata', '[frappe]', 'version = 15.87.0', 'branch = version-15', 'end frappe metadata', '']
      generated_header = '-- begin frappe metadata\n-- [frappe]\n-- version = 15.87.0\n-- branch = version-15\n-- end frappe metadata\n-- \n'
      f = <_io.TextIOWrapper name='./test-site.local/private/backups/20251101_180002-test-site_local-database.sql.gz' encoding='UTF-8'>
      cmd = []
      extra = []
      get_command = <function get_command at 0x108793b00>
      bin = None
      args = ['--user=_537373b7e3047fb7', '--host=127.0.0.1', '--port=3306', '--password=U5hxfjpquKPDmY5A', '--single-transaction', '--quick', '--lock-tables=false', '_537373b7e3047fb7']
      bin_name = 'mariadb-dump'
  File "apps/frappe/frappe/__init__.py", line 609, in throw
    msgprint(
      msg = 'mariadb-dump not found in PATH! This is required to take a backup.'
      exc = <class 'frappe.exceptions.ExecutableNotFound'>
      title = None
      is_minimizable = False
      wide = False
      as_list = False
      primary_action = None
  File "apps/frappe/frappe/__init__.py", line 574, in msgprint
    _raise_exception()
      msg = 'mariadb-dump not found in PATH! This is required to take a backup.'
      title = None
      raise_exception = <class 'frappe.exceptions.ExecutableNotFound'>
      as_table = False
      as_list = False
      indicator = 'red'
      alert = False
      primary_action = None
      is_minimizable = False
      wide = False
      realtime = False
      sys = <module 'sys' (built-in)>
      _raise_exception = <function msgprint.<locals>._raise_exception at 0x1091e9f80>
      inspect = <module 'inspect' from '/opt/homebrew/Cellar/python@3.13/3.13.1/Frameworks/Python.framework/Versions/3.13/lib/python3.13/inspect.py'>
      out = {'message': 'mariadb-dump not found in PATH! This is required to take a backup.', 'title': 'Message', 'indicator': 'red', 'raise_exception': 1, '__frappe_exc_id': 'bb988dccb04abf94addbfee9e8ee2c5085b9b1af4c1f5d611c74adf9'}
  File "apps/frappe/frappe/__init__.py", line 525, in _raise_exception
    raise exc
      exc = ExecutableNotFound('mariadb-dump not found in PATH! This is required to take a backup.')
      inspect = <module 'inspect' from '/opt/homebrew/Cellar/python@3.13/3.13.1/Frameworks/Python.framework/Versions/3.13/lib/python3.13/inspect.py'>
      msg = 'mariadb-dump not found in PATH! This is required to take a backup.'
      out = {'message': 'mariadb-dump not found in PATH! This is required to take a backup.', 'title': 'Message', 'indicator': 'red', 'raise_exception': 1, '__frappe_exc_id': 'bb988dccb04abf94addbfee9e8ee2c5085b9b1af4c1f5d611c74adf9'}
      raise_exception = <class 'frappe.exceptions.ExecutableNotFound'>
frappe.exceptions.ExecutableNotFound: mariadb-dump not found in PATH! This is required to take a backup.
Backup failed for Site test-site.local. Database or site_config.json may be corrupted
Traceback with variables (most recent call last):
  File "apps/frappe/frappe/commands/site.py", line 845, in backup
    odb = scheduled_backup(
      context = {'sites': ['test-site.local', 'vendor-qc.local'], 'force': False, 'verbose': True, 'profile': False}
      with_files = False
      backup_path = None
      backup_path_db = None
      backup_path_files = None
      backup_path_private_files = None
      backup_path_conf = None
      ignore_backup_conf = False
      verbose = True
      compress = False
      include = ''
      exclude = ''
      old_backup_metadata = False
      scheduled_backup = <function scheduled_backup at 0x10cc1fa60>
      exit_code = 0
      rollback_callback = None
      site = 'test-site.local'
  File "apps/frappe/frappe/utils/backups.py", line 568, in scheduled_backup
    return new_backup(
      older_than = 6
      ignore_files = True
      backup_path = None
      backup_path_db = None
      backup_path_files = None
      backup_path_private_files = None
      backup_path_conf = None
      ignore_conf = False
      include_doctypes = ''
      exclude_doctypes = ''
      compress = False
      force = True
      verbose = True
      old_backup_metadata = False
      rollback_callback = <frappe.utils.CallbackManager object at 0x10ce6ffa0>
  File "apps/frappe/frappe/utils/backups.py", line 626, in new_backup
    odb.get_backup(older_than, ignore_files, force=force)
      older_than = 6
      ignore_files = True
      backup_path = None
      backup_path_db = None
      backup_path_files = None
      backup_path_private_files = None
      backup_path_conf = None
      ignore_conf = False
      include_doctypes = ''
      exclude_doctypes = ''
      compress = False
      force = True
      verbose = True
      old_backup_metadata = False
      rollback_callback = <frappe.utils.CallbackManager object at 0x10ce6ffa0>
      odb = <frappe.utils.backups.BackupGenerator object at 0x10ce13230>
  File "apps/frappe/frappe/utils/backups.py", line 195, in get_backup
    self.delete_if_step_fails(self.take_dump, self.backup_path_db)
      self = <frappe.utils.backups.BackupGenerator object at 0x10ce13230>
      older_than = 6
      ignore_files = True
      force = True
      last_db = False
      last_file = False
      last_private_file = False
      site_config_backup_path = False
  File "apps/frappe/frappe/utils/backups.py", line 520, in delete_if_step_fails
    raise e
      self = <frappe.utils.backups.BackupGenerator object at 0x10ce13230>
      step = <bound method BackupGenerator.take_dump of <frappe.utils.backups.BackupGenerator object at 0x10ce13230>>
      paths = ('./test-site.local/private/backups/20251102_000002-test-site_local-database.sql.gz',)
      path = './test-site.local/private/backups/20251102_000002-test-site_local-database.sql.gz'
  File "apps/frappe/frappe/utils/backups.py", line 515, in delete_if_step_fails
    step()
      self = <frappe.utils.backups.BackupGenerator object at 0x10ce13230>
      step = <bound method BackupGenerator.take_dump of <frappe.utils.backups.BackupGenerator object at 0x10ce13230>>
      paths = ('./test-site.local/private/backups/20251102_000002-test-site_local-database.sql.gz',)
      path = './test-site.local/private/backups/20251102_000002-test-site_local-database.sql.gz'
  File "apps/frappe/frappe/utils/backups.py", line 457, in take_dump
    frappe.throw(
      self = <frappe.utils.backups.BackupGenerator object at 0x10ce13230>
      shlex = <module 'shlex' from '/opt/homebrew/Cellar/python@3.13/3.13.1/Frameworks/Python.framework/Versions/3.13/lib/python3.13/shlex.py'>
      frappe = <module 'frappe' from 'apps/frappe/frappe/__init__.py'>
      get_app_branch = <function get_app_branch at 0x10cc02ac0>
      gzip_exc = '/usr/bin/gzip'
      database_header_content = ['begin frappe metadata', '[frappe]', 'version = 15.87.0', 'branch = version-15', 'end frappe metadata', '']
      generated_header = '-- begin frappe metadata\n-- [frappe]\n-- version = 15.87.0\n-- branch = version-15\n-- end frappe metadata\n-- \n'
      f = <_io.TextIOWrapper name='./test-site.local/private/backups/20251102_000002-test-site_local-database.sql.gz' encoding='UTF-8'>
      cmd = []
      extra = []
      get_command = <function get_command at 0x10c8efb00>
      bin = None
      args = ['--user=_537373b7e3047fb7', '--host=127.0.0.1', '--port=3306', '--password=U5hxfjpquKPDmY5A', '--single-transaction', '--quick', '--lock-tables=false', '_537373b7e3047fb7']
      bin_name = 'mariadb-dump'
  File "apps/frappe/frappe/__init__.py", line 609, in throw
    msgprint(
      msg = 'mariadb-dump not found in PATH! This is required to take a backup.'
      exc = <class 'frappe.exceptions.ExecutableNotFound'>
      title = None
      is_minimizable = False
      wide = False
      as_list = False
      primary_action = None
  File "apps/frappe/frappe/__init__.py", line 574, in msgprint
    _raise_exception()
      msg = 'mariadb-dump not found in PATH! This is required to take a backup.'
      title = None
      raise_exception = <class 'frappe.exceptions.ExecutableNotFound'>
      as_table = False
      as_list = False
      indicator = 'red'
      alert = False
      primary_action = None
      is_minimizable = False
      wide = False
      realtime = False
      sys = <module 'sys' (built-in)>
      _raise_exception = <function msgprint.<locals>._raise_exception at 0x10aae9da0>
      inspect = <module 'inspect' from '/opt/homebrew/Cellar/python@3.13/3.13.1/Frameworks/Python.framework/Versions/3.13/lib/python3.13/inspect.py'>
      out = {'message': 'mariadb-dump not found in PATH! This is required to take a backup.', 'title': 'Message', 'indicator': 'red', 'raise_exception': 1, '__frappe_exc_id': '1c7506ac2439bbade49bf7eb25a27bcf1d47ad89d8294f3d44116f1a'}
  File "apps/frappe/frappe/__init__.py", line 525, in _raise_exception
    raise exc
      exc = ExecutableNotFound('mariadb-dump not found in PATH! This is required to take a backup.')
      inspect = <module 'inspect' from '/opt/homebrew/Cellar/python@3.13/3.13.1/Frameworks/Python.framework/Versions/3.13/lib/python3.13/inspect.py'>
      msg = 'mariadb-dump not found in PATH! This is required to take a backup.'
      out = {'message': 'mariadb-dump not found in PATH! This is required to take a backup.', 'title': 'Message', 'indicator': 'red', 'raise_exception': 1, '__frappe_exc_id': '1c7506ac2439bbade49bf7eb25a27bcf1d47ad89d8294f3d44116f1a'}
      raise_exception = <class 'frappe.exceptions.ExecutableNotFound'>
frappe.exceptions.ExecutableNotFound: mariadb-dump not found in PATH! This is required to take a backup.
Backup failed for Site vendor-qc.local. Database or site_config.json may be corrupted
Traceback with variables (most recent call last):
  File "apps/frappe/frappe/commands/site.py", line 845, in backup
    odb = scheduled_backup(
      context = {'sites': ['test-site.local', 'vendor-qc.local'], 'force': False, 'verbose': True, 'profile': False}
      with_files = False
      backup_path = None
      backup_path_db = None
      backup_path_files = None
      backup_path_private_files = None
      backup_path_conf = None
      ignore_backup_conf = False
      verbose = True
      compress = False
      include = ''
      exclude = ''
      old_backup_metadata = False
      scheduled_backup = <function scheduled_backup at 0x10cc1fa60>
      exit_code = 1
      rollback_callback = None
      site = 'vendor-qc.local'
  File "apps/frappe/frappe/utils/backups.py", line 568, in scheduled_backup
    return new_backup(
      older_than = 6
      ignore_files = True
      backup_path = None
      backup_path_db = None
      backup_path_files = None
      backup_path_private_files = None
      backup_path_conf = None
      ignore_conf = False
      include_doctypes = ''
      exclude_doctypes = ''
      compress = False
      force = True
      verbose = True
      old_backup_metadata = False
      rollback_callback = <frappe.utils.CallbackManager object at 0x10d07d180>
  File "apps/frappe/frappe/utils/backups.py", line 626, in new_backup
    odb.get_backup(older_than, ignore_files, force=force)
      older_than = 6
      ignore_files = True
      backup_path = None
      backup_path_db = None
      backup_path_files = None
      backup_path_private_files = None
      backup_path_conf = None
      ignore_conf = False
      include_doctypes = ''
      exclude_doctypes = ''
      compress = False
      force = True
      verbose = True
      old_backup_metadata = False
      rollback_callback = <frappe.utils.CallbackManager object at 0x10d07d180>
      odb = <frappe.utils.backups.BackupGenerator object at 0x10cf0a490>
  File "apps/frappe/frappe/utils/backups.py", line 195, in get_backup
    self.delete_if_step_fails(self.take_dump, self.backup_path_db)
      self = <frappe.utils.backups.BackupGenerator object at 0x10cf0a490>
      older_than = 6
      ignore_files = True
      force = True
      last_db = False
      last_file = False
      last_private_file = False
      site_config_backup_path = False
  File "apps/frappe/frappe/utils/backups.py", line 520, in delete_if_step_fails
    raise e
      self = <frappe.utils.backups.BackupGenerator object at 0x10cf0a490>
      step = <bound method BackupGenerator.take_dump of <frappe.utils.backups.BackupGenerator object at 0x10cf0a490>>
      paths = ('./test-site.local/private/backups/20251102_000002-test-site_local-database.sql.gz',)
      path = './test-site.local/private/backups/20251102_000002-test-site_local-database.sql.gz'
  File "apps/frappe/frappe/utils/backups.py", line 515, in delete_if_step_fails
    step()
      self = <frappe.utils.backups.BackupGenerator object at 0x10cf0a490>
      step = <bound method BackupGenerator.take_dump of <frappe.utils.backups.BackupGenerator object at 0x10cf0a490>>
      paths = ('./test-site.local/private/backups/20251102_000002-test-site_local-database.sql.gz',)
      path = './test-site.local/private/backups/20251102_000002-test-site_local-database.sql.gz'
  File "apps/frappe/frappe/utils/backups.py", line 457, in take_dump
    frappe.throw(
      self = <frappe.utils.backups.BackupGenerator object at 0x10cf0a490>
      shlex = <module 'shlex' from '/opt/homebrew/Cellar/python@3.13/3.13.1/Frameworks/Python.framework/Versions/3.13/lib/python3.13/shlex.py'>
      frappe = <module 'frappe' from 'apps/frappe/frappe/__init__.py'>
      get_app_branch = <function get_app_branch at 0x10cc02ac0>
      gzip_exc = '/usr/bin/gzip'
      database_header_content = ['begin frappe metadata', '[frappe]', 'version = 15.87.0', 'branch = version-15', 'end frappe metadata', '']
      generated_header = '-- begin frappe metadata\n-- [frappe]\n-- version = 15.87.0\n-- branch = version-15\n-- end frappe metadata\n-- \n'
      f = <_io.TextIOWrapper name='./test-site.local/private/backups/20251102_000002-test-site_local-database.sql.gz' encoding='UTF-8'>
      cmd = []
      extra = []
      get_command = <function get_command at 0x10c8efb00>
      bin = None
      args = ['--user=_537373b7e3047fb7', '--host=127.0.0.1', '--port=3306', '--password=U5hxfjpquKPDmY5A', '--single-transaction', '--quick', '--lock-tables=false', '_537373b7e3047fb7']
      bin_name = 'mariadb-dump'
  File "apps/frappe/frappe/__init__.py", line 609, in throw
    msgprint(
      msg = 'mariadb-dump not found in PATH! This is required to take a backup.'
      exc = <class 'frappe.exceptions.ExecutableNotFound'>
      title = None
      is_minimizable = False
      wide = False
      as_list = False
      primary_action = None
  File "apps/frappe/frappe/__init__.py", line 574, in msgprint
    _raise_exception()
      msg = 'mariadb-dump not found in PATH! This is required to take a backup.'
      title = None
      raise_exception = <class 'frappe.exceptions.ExecutableNotFound'>
      as_table = False
      as_list = False
      indicator = 'red'
      alert = False
      primary_action = None
      is_minimizable = False
      wide = False
      realtime = False
      sys = <module 'sys' (built-in)>
      _raise_exception = <function msgprint.<locals>._raise_exception at 0x10d345f80>
      inspect = <module 'inspect' from '/opt/homebrew/Cellar/python@3.13/3.13.1/Frameworks/Python.framework/Versions/3.13/lib/python3.13/inspect.py'>
      out = {'message': 'mariadb-dump not found in PATH! This is required to take a backup.', 'title': 'Message', 'indicator': 'red', 'raise_exception': 1, '__frappe_exc_id': '713e61cc44514f53c6ef60dafca35d0763ed840147593d7922f8ffd8'}
  File "apps/frappe/frappe/__init__.py", line 525, in _raise_exception
    raise exc
      exc = ExecutableNotFound('mariadb-dump not found in PATH! This is required to take a backup.')
      inspect = <module 'inspect' from '/opt/homebrew/Cellar/python@3.13/3.13.1/Frameworks/Python.framework/Versions/3.13/lib/python3.13/inspect.py'>
      msg = 'mariadb-dump not found in PATH! This is required to take a backup.'
      out = {'message': 'mariadb-dump not found in PATH! This is required to take a backup.', 'title': 'Message', 'indicator': 'red', 'raise_exception': 1, '__frappe_exc_id': '713e61cc44514f53c6ef60dafca35d0763ed840147593d7922f8ffd8'}
      raise_exception = <class 'frappe.exceptions.ExecutableNotFound'>
frappe.exceptions.ExecutableNotFound: mariadb-dump not found in PATH! This is required to take a backup.
Backup failed for Site test-site.local. Database or site_config.json may be corrupted
Traceback with variables (most recent call last):
  File "apps/frappe/frappe/commands/site.py", line 845, in backup
    odb = scheduled_backup(
      context = {'sites': ['test-site.local', 'vendor-qc.local'], 'force': False, 'verbose': True, 'profile': False}
      with_files = False
      backup_path = None
      backup_path_db = None
      backup_path_files = None
      backup_path_private_files = None
      backup_path_conf = None
      ignore_backup_conf = False
      verbose = True
      compress = False
      include = ''
      exclude = ''
      old_backup_metadata = False
      scheduled_backup = <function scheduled_backup at 0x10c637a60>
      exit_code = 0
      rollback_callback = None
      site = 'test-site.local'
  File "apps/frappe/frappe/utils/backups.py", line 568, in scheduled_backup
    return new_backup(
      older_than = 6
      ignore_files = True
      backup_path = None
      backup_path_db = None
      backup_path_files = None
      backup_path_private_files = None
      backup_path_conf = None
      ignore_conf = False
      include_doctypes = ''
      exclude_doctypes = ''
      compress = False
      force = True
      verbose = True
      old_backup_metadata = False
      rollback_callback = <frappe.utils.CallbackManager object at 0x10c8878b0>
  File "apps/frappe/frappe/utils/backups.py", line 626, in new_backup
    odb.get_backup(older_than, ignore_files, force=force)
      older_than = 6
      ignore_files = True
      backup_path = None
      backup_path_db = None
      backup_path_files = None
      backup_path_private_files = None
      backup_path_conf = None
      ignore_conf = False
      include_doctypes = ''
      exclude_doctypes = ''
      compress = False
      force = True
      verbose = True
      old_backup_metadata = False
      rollback_callback = <frappe.utils.CallbackManager object at 0x10c8878b0>
      odb = <frappe.utils.backups.BackupGenerator object at 0x10c827230>
  File "apps/frappe/frappe/utils/backups.py", line 195, in get_backup
    self.delete_if_step_fails(self.take_dump, self.backup_path_db)
      self = <frappe.utils.backups.BackupGenerator object at 0x10c827230>
      older_than = 6
      ignore_files = True
      force = True
      last_db = False
      last_file = False
      last_private_file = False
      site_config_backup_path = False
  File "apps/frappe/frappe/utils/backups.py", line 520, in delete_if_step_fails
    raise e
      self = <frappe.utils.backups.BackupGenerator object at 0x10c827230>
      step = <bound method BackupGenerator.take_dump of <frappe.utils.backups.BackupGenerator object at 0x10c827230>>
      paths = ('./test-site.local/private/backups/20251102_060001-test-site_local-database.sql.gz',)
      path = './test-site.local/private/backups/20251102_060001-test-site_local-database.sql.gz'
  File "apps/frappe/frappe/utils/backups.py", line 515, in delete_if_step_fails
    step()
      self = <frappe.utils.backups.BackupGenerator object at 0x10c827230>
      step = <bound method BackupGenerator.take_dump of <frappe.utils.backups.BackupGenerator object at 0x10c827230>>
      paths = ('./test-site.local/private/backups/20251102_060001-test-site_local-database.sql.gz',)
      path = './test-site.local/private/backups/20251102_060001-test-site_local-database.sql.gz'
  File "apps/frappe/frappe/utils/backups.py", line 457, in take_dump
    frappe.throw(
      self = <frappe.utils.backups.BackupGenerator object at 0x10c827230>
      shlex = <module 'shlex' from '/opt/homebrew/Cellar/python@3.13/3.13.1/Frameworks/Python.framework/Versions/3.13/lib/python3.13/shlex.py'>
      frappe = <module 'frappe' from 'apps/frappe/frappe/__init__.py'>
      get_app_branch = <function get_app_branch at 0x10c61aac0>
      gzip_exc = '/usr/bin/gzip'
      database_header_content = ['begin frappe metadata', '[frappe]', 'version = 15.87.0', 'branch = version-15', 'end frappe metadata', '']
      generated_header = '-- begin frappe metadata\n-- [frappe]\n-- version = 15.87.0\n-- branch = version-15\n-- end frappe metadata\n-- \n'
      f = <_io.TextIOWrapper name='./test-site.local/private/backups/20251102_060001-test-site_local-database.sql.gz' encoding='UTF-8'>
      cmd = []
      extra = []
      get_command = <function get_command at 0x10c307b00>
      bin = None
      args = ['--user=_537373b7e3047fb7', '--host=127.0.0.1', '--port=3306', '--password=U5hxfjpquKPDmY5A', '--single-transaction', '--quick', '--lock-tables=false', '_537373b7e3047fb7']
      bin_name = 'mariadb-dump'
  File "apps/frappe/frappe/__init__.py", line 609, in throw
    msgprint(
      msg = 'mariadb-dump not found in PATH! This is required to take a backup.'
      exc = <class 'frappe.exceptions.ExecutableNotFound'>
      title = None
      is_minimizable = False
      wide = False
      as_list = False
      primary_action = None
  File "apps/frappe/frappe/__init__.py", line 574, in msgprint
    _raise_exception()
      msg = 'mariadb-dump not found in PATH! This is required to take a backup.'
      title = None
      raise_exception = <class 'frappe.exceptions.ExecutableNotFound'>
      as_table = False
      as_list = False
      indicator = 'red'
      alert = False
      primary_action = None
      is_minimizable = False
      wide = False
      realtime = False
      sys = <module 'sys' (built-in)>
      _raise_exception = <function msgprint.<locals>._raise_exception at 0x10a525da0>
      inspect = <module 'inspect' from '/opt/homebrew/Cellar/python@3.13/3.13.1/Frameworks/Python.framework/Versions/3.13/lib/python3.13/inspect.py'>
      out = {'message': 'mariadb-dump not found in PATH! This is required to take a backup.', 'title': 'Message', 'indicator': 'red', 'raise_exception': 1, '__frappe_exc_id': '87c033e236bcf135b248cbdc5beccaa309bb4f09e60da49d61fcb260'}
  File "apps/frappe/frappe/__init__.py", line 525, in _raise_exception
    raise exc
      exc = ExecutableNotFound('mariadb-dump not found in PATH! This is required to take a backup.')
      inspect = <module 'inspect' from '/opt/homebrew/Cellar/python@3.13/3.13.1/Frameworks/Python.framework/Versions/3.13/lib/python3.13/inspect.py'>
      msg = 'mariadb-dump not found in PATH! This is required to take a backup.'
      out = {'message': 'mariadb-dump not found in PATH! This is required to take a backup.', 'title': 'Message', 'indicator': 'red', 'raise_exception': 1, '__frappe_exc_id': '87c033e236bcf135b248cbdc5beccaa309bb4f09e60da49d61fcb260'}
      raise_exception = <class 'frappe.exceptions.ExecutableNotFound'>
frappe.exceptions.ExecutableNotFound: mariadb-dump not found in PATH! This is required to take a backup.
Backup failed for Site vendor-qc.local. Database or site_config.json may be corrupted
Traceback with variables (most recent call last):
  File "apps/frappe/frappe/commands/site.py", line 845, in backup
    odb = scheduled_backup(
      context = {'sites': ['test-site.local', 'vendor-qc.local'], 'force': False, 'verbose': True, 'profile': False}
      with_files = False
      backup_path = None
      backup_path_db = None
      backup_path_files = None
      backup_path_private_files = None
      backup_path_conf = None
      ignore_backup_conf = False
      verbose = True
      compress = False
      include = ''
      exclude = ''
      old_backup_metadata = False
      scheduled_backup = <function scheduled_backup at 0x10c637a60>
      exit_code = 1
      rollback_callback = None
      site = 'vendor-qc.local'
  File "apps/frappe/frappe/utils/backups.py", line 568, in scheduled_backup
    return new_backup(
      older_than = 6
      ignore_files = True
      backup_path = None
      backup_path_db = None
      backup_path_files = None
      backup_path_private_files = None
      backup_path_conf = None
      ignore_conf = False
      include_doctypes = ''
      exclude_doctypes = ''
      compress = False
      force = True
      verbose = True
      old_backup_metadata = False
      rollback_callback = <frappe.utils.CallbackManager object at 0x10ca94c70>
  File "apps/frappe/frappe/utils/backups.py", line 626, in new_backup
    odb.get_backup(older_than, ignore_files, force=force)
      older_than = 6
      ignore_files = True
      backup_path = None
      backup_path_db = None
      backup_path_files = None
      backup_path_private_files = None
      backup_path_conf = None
      ignore_conf = False
      include_doctypes = ''
      exclude_doctypes = ''
      compress = False
      force = True
      verbose = True
      old_backup_metadata = False
      rollback_callback = <frappe.utils.CallbackManager object at 0x10ca94c70>
      odb = <frappe.utils.backups.BackupGenerator object at 0x10c922490>
  File "apps/frappe/frappe/utils/backups.py", line 195, in get_backup
    self.delete_if_step_fails(self.take_dump, self.backup_path_db)
      self = <frappe.utils.backups.BackupGenerator object at 0x10c922490>
      older_than = 6
      ignore_files = True
      force = True
      last_db = False
      last_file = False
      last_private_file = False
      site_config_backup_path = False
  File "apps/frappe/frappe/utils/backups.py", line 520, in delete_if_step_fails
    raise e
      self = <frappe.utils.backups.BackupGenerator object at 0x10c922490>
      step = <bound method BackupGenerator.take_dump of <frappe.utils.backups.BackupGenerator object at 0x10c922490>>
      paths = ('./test-site.local/private/backups/20251102_060002-test-site_local-database.sql.gz',)
      path = './test-site.local/private/backups/20251102_060002-test-site_local-database.sql.gz'
  File "apps/frappe/frappe/utils/backups.py", line 515, in delete_if_step_fails
    step()
      self = <frappe.utils.backups.BackupGenerator object at 0x10c922490>
      step = <bound method BackupGenerator.take_dump of <frappe.utils.backups.BackupGenerator object at 0x10c922490>>
      paths = ('./test-site.local/private/backups/20251102_060002-test-site_local-database.sql.gz',)
      path = './test-site.local/private/backups/20251102_060002-test-site_local-database.sql.gz'
  File "apps/frappe/frappe/utils/backups.py", line 457, in take_dump
    frappe.throw(
      self = <frappe.utils.backups.BackupGenerator object at 0x10c922490>
      shlex = <module 'shlex' from '/opt/homebrew/Cellar/python@3.13/3.13.1/Frameworks/Python.framework/Versions/3.13/lib/python3.13/shlex.py'>
      frappe = <module 'frappe' from 'apps/frappe/frappe/__init__.py'>
      get_app_branch = <function get_app_branch at 0x10c61aac0>
      gzip_exc = '/usr/bin/gzip'
      database_header_content = ['begin frappe metadata', '[frappe]', 'version = 15.87.0', 'branch = version-15', 'end frappe metadata', '']
      generated_header = '-- begin frappe metadata\n-- [frappe]\n-- version = 15.87.0\n-- branch = version-15\n-- end frappe metadata\n-- \n'
      f = <_io.TextIOWrapper name='./test-site.local/private/backups/20251102_060002-test-site_local-database.sql.gz' encoding='UTF-8'>
      cmd = []
      extra = []
      get_command = <function get_command at 0x10c307b00>
      bin = None
      args = ['--user=_537373b7e3047fb7', '--host=127.0.0.1', '--port=3306', '--password=U5hxfjpquKPDmY5A', '--single-transaction', '--quick', '--lock-tables=false', '_537373b7e3047fb7']
      bin_name = 'mariadb-dump'
  File "apps/frappe/frappe/__init__.py", line 609, in throw
    msgprint(
      msg = 'mariadb-dump not found in PATH! This is required to take a backup.'
      exc = <class 'frappe.exceptions.ExecutableNotFound'>
      title = None
      is_minimizable = False
      wide = False
      as_list = False
      primary_action = None
  File "apps/frappe/frappe/__init__.py", line 574, in msgprint
    _raise_exception()
      msg = 'mariadb-dump not found in PATH! This is required to take a backup.'
      title = None
      raise_exception = <class 'frappe.exceptions.ExecutableNotFound'>
      as_table = False
      as_list = False
      indicator = 'red'
      alert = False
      primary_action = None
      is_minimizable = False
      wide = False
      realtime = False
      sys = <module 'sys' (built-in)>
      _raise_exception = <function msgprint.<locals>._raise_exception at 0x10cd61f80>
      inspect = <module 'inspect' from '/opt/homebrew/Cellar/python@3.13/3.13.1/Frameworks/Python.framework/Versions/3.13/lib/python3.13/inspect.py'>
      out = {'message': 'mariadb-dump not found in PATH! This is required to take a backup.', 'title': 'Message', 'indicator': 'red', 'raise_exception': 1, '__frappe_exc_id': 'd27abc590957fe31640db0bedf2d9cc5211376d6341bcca76699fc39'}
  File "apps/frappe/frappe/__init__.py", line 525, in _raise_exception
    raise exc
      exc = ExecutableNotFound('mariadb-dump not found in PATH! This is required to take a backup.')
      inspect = <module 'inspect' from '/opt/homebrew/Cellar/python@3.13/3.13.1/Frameworks/Python.framework/Versions/3.13/lib/python3.13/inspect.py'>
      msg = 'mariadb-dump not found in PATH! This is required to take a backup.'
      out = {'message': 'mariadb-dump not found in PATH! This is required to take a backup.', 'title': 'Message', 'indicator': 'red', 'raise_exception': 1, '__frappe_exc_id': 'd27abc590957fe31640db0bedf2d9cc5211376d6341bcca76699fc39'}
      raise_exception = <class 'frappe.exceptions.ExecutableNotFound'>
frappe.exceptions.ExecutableNotFound: mariadb-dump not found in PATH! This is required to take a backup.
Backup failed for Site test-site.local. Database or site_config.json may be corrupted
Traceback with variables (most recent call last):
  File "apps/frappe/frappe/commands/site.py", line 845, in backup
    odb = scheduled_backup(
      context = {'sites': ['test-site.local', 'vendor-qc.local'], 'force': False, 'verbose': True, 'profile': False}
      with_files = False
      backup_path = None
      backup_path_db = None
      backup_path_files = None
      backup_path_private_files = None
      backup_path_conf = None
      ignore_backup_conf = False
      verbose = True
      compress = False
      include = ''
      exclude = ''
      old_backup_metadata = False
      scheduled_backup = <function scheduled_backup at 0x10bf0ba60>
      exit_code = 0
      rollback_callback = None
      site = 'test-site.local'
  File "apps/frappe/frappe/utils/backups.py", line 568, in scheduled_backup
    return new_backup(
      older_than = 6
      ignore_files = True
      backup_path = None
      backup_path_db = None
      backup_path_files = None
      backup_path_private_files = None
      backup_path_conf = None
      ignore_conf = False
      include_doctypes = ''
      exclude_doctypes = ''
      compress = False
      force = True
      verbose = True
      old_backup_metadata = False
      rollback_callback = <frappe.utils.CallbackManager object at 0x10c15bf10>
  File "apps/frappe/frappe/utils/backups.py", line 626, in new_backup
    odb.get_backup(older_than, ignore_files, force=force)
      older_than = 6
      ignore_files = True
      backup_path = None
      backup_path_db = None
      backup_path_files = None
      backup_path_private_files = None
      backup_path_conf = None
      ignore_conf = False
      include_doctypes = ''
      exclude_doctypes = ''
      compress = False
      force = True
      verbose = True
      old_backup_metadata = False
      rollback_callback = <frappe.utils.CallbackManager object at 0x10c15bf10>
      odb = <frappe.utils.backups.BackupGenerator object at 0x10c0ff230>
  File "apps/frappe/frappe/utils/backups.py", line 195, in get_backup
    self.delete_if_step_fails(self.take_dump, self.backup_path_db)
      self = <frappe.utils.backups.BackupGenerator object at 0x10c0ff230>
      older_than = 6
      ignore_files = True
      force = True
      last_db = False
      last_file = False
      last_private_file = False
      site_config_backup_path = False
  File "apps/frappe/frappe/utils/backups.py", line 520, in delete_if_step_fails
    raise e
      self = <frappe.utils.backups.BackupGenerator object at 0x10c0ff230>
      step = <bound method BackupGenerator.take_dump of <frappe.utils.backups.BackupGenerator object at 0x10c0ff230>>
      paths = ('./test-site.local/private/backups/20251102_120002-test-site_local-database.sql.gz',)
      path = './test-site.local/private/backups/20251102_120002-test-site_local-database.sql.gz'
  File "apps/frappe/frappe/utils/backups.py", line 515, in delete_if_step_fails
    step()
      self = <frappe.utils.backups.BackupGenerator object at 0x10c0ff230>
      step = <bound method BackupGenerator.take_dump of <frappe.utils.backups.BackupGenerator object at 0x10c0ff230>>
      paths = ('./test-site.local/private/backups/20251102_120002-test-site_local-database.sql.gz',)
      path = './test-site.local/private/backups/20251102_120002-test-site_local-database.sql.gz'
  File "apps/frappe/frappe/utils/backups.py", line 457, in take_dump
    frappe.throw(
      self = <frappe.utils.backups.BackupGenerator object at 0x10c0ff230>
      shlex = <module 'shlex' from '/opt/homebrew/Cellar/python@3.13/3.13.1/Frameworks/Python.framework/Versions/3.13/lib/python3.13/shlex.py'>
      frappe = <module 'frappe' from 'apps/frappe/frappe/__init__.py'>
      get_app_branch = <function get_app_branch at 0x10beeeac0>
      gzip_exc = '/usr/bin/gzip'
      database_header_content = ['begin frappe metadata', '[frappe]', 'version = 15.87.0', 'branch = version-15', 'end frappe metadata', '']
      generated_header = '-- begin frappe metadata\n-- [frappe]\n-- version = 15.87.0\n-- branch = version-15\n-- end frappe metadata\n-- \n'
      f = <_io.TextIOWrapper name='./test-site.local/private/backups/20251102_120002-test-site_local-database.sql.gz' encoding='UTF-8'>
      cmd = []
      extra = []
      get_command = <function get_command at 0x10bbdbb00>
      bin = None
      args = ['--user=_537373b7e3047fb7', '--host=127.0.0.1', '--port=3306', '--password=U5hxfjpquKPDmY5A', '--single-transaction', '--quick', '--lock-tables=false', '_537373b7e3047fb7']
      bin_name = 'mariadb-dump'
  File "apps/frappe/frappe/__init__.py", line 609, in throw
    msgprint(
      msg = 'mariadb-dump not found in PATH! This is required to take a backup.'
      exc = <class 'frappe.exceptions.ExecutableNotFound'>
      title = None
      is_minimizable = False
      wide = False
      as_list = False
      primary_action = None
  File "apps/frappe/frappe/__init__.py", line 574, in msgprint
    _raise_exception()
      msg = 'mariadb-dump not found in PATH! This is required to take a backup.'
      title = None
      raise_exception = <class 'frappe.exceptions.ExecutableNotFound'>
      as_table = False
      as_list = False
      indicator = 'red'
      alert = False
      primary_action = None
      is_minimizable = False
      wide = False
      realtime = False
      sys = <module 'sys' (built-in)>
      _raise_exception = <function msgprint.<locals>._raise_exception at 0x109df9da0>
      inspect = <module 'inspect' from '/opt/homebrew/Cellar/python@3.13/3.13.1/Frameworks/Python.framework/Versions/3.13/lib/python3.13/inspect.py'>
      out = {'message': 'mariadb-dump not found in PATH! This is required to take a backup.', 'title': 'Message', 'indicator': 'red', 'raise_exception': 1, '__frappe_exc_id': 'af214632b6ab4477acfa02db171b9e0e3d31f7bf7b549099c7e01f4a'}
  File "apps/frappe/frappe/__init__.py", line 525, in _raise_exception
    raise exc
      exc = ExecutableNotFound('mariadb-dump not found in PATH! This is required to take a backup.')
      inspect = <module 'inspect' from '/opt/homebrew/Cellar/python@3.13/3.13.1/Frameworks/Python.framework/Versions/3.13/lib/python3.13/inspect.py'>
      msg = 'mariadb-dump not found in PATH! This is required to take a backup.'
      out = {'message': 'mariadb-dump not found in PATH! This is required to take a backup.', 'title': 'Message', 'indicator': 'red', 'raise_exception': 1, '__frappe_exc_id': 'af214632b6ab4477acfa02db171b9e0e3d31f7bf7b549099c7e01f4a'}
      raise_exception = <class 'frappe.exceptions.ExecutableNotFound'>
frappe.exceptions.ExecutableNotFound: mariadb-dump not found in PATH! This is required to take a backup.
Backup failed for Site vendor-qc.local. Database or site_config.json may be corrupted
Traceback with variables (most recent call last):
  File "apps/frappe/frappe/commands/site.py", line 845, in backup
    odb = scheduled_backup(
      context = {'sites': ['test-site.local', 'vendor-qc.local'], 'force': False, 'verbose': True, 'profile': False}
      with_files = False
      backup_path = None
      backup_path_db = None
      backup_path_files = None
      backup_path_private_files = None
      backup_path_conf = None
      ignore_backup_conf = False
      verbose = True
      compress = False
      include = ''
      exclude = ''
      old_backup_metadata = False
      scheduled_backup = <function scheduled_backup at 0x10bf0ba60>
      exit_code = 1
      rollback_callback = None
      site = 'vendor-qc.local'
  File "apps/frappe/frappe/utils/backups.py", line 568, in scheduled_backup
    return new_backup(
      older_than = 6
      ignore_files = True
      backup_path = None
      backup_path_db = None
      backup_path_files = None
      backup_path_private_files = None
      backup_path_conf = None
      ignore_conf = False
      include_doctypes = ''
      exclude_doctypes = ''
      compress = False
      force = True
      verbose = True
      old_backup_metadata = False
      rollback_callback = <frappe.utils.CallbackManager object at 0x10c3691e0>
  File "apps/frappe/frappe/utils/backups.py", line 626, in new_backup
    odb.get_backup(older_than, ignore_files, force=force)
      older_than = 6
      ignore_files = True
      backup_path = None
      backup_path_db = None
      backup_path_files = None
      backup_path_private_files = None
      backup_path_conf = None
      ignore_conf = False
      include_doctypes = ''
      exclude_doctypes = ''
      compress = False
      force = True
      verbose = True
      old_backup_metadata = False
      rollback_callback = <frappe.utils.CallbackManager object at 0x10c3691e0>
      odb = <frappe.utils.backups.BackupGenerator object at 0x10c1f6490>
  File "apps/frappe/frappe/utils/backups.py", line 195, in get_backup
    self.delete_if_step_fails(self.take_dump, self.backup_path_db)
      self = <frappe.utils.backups.BackupGenerator object at 0x10c1f6490>
      older_than = 6
      ignore_files = True
      force = True
      last_db = False
      last_file = False
      last_private_file = False
      site_config_backup_path = False
  File "apps/frappe/frappe/utils/backups.py", line 520, in delete_if_step_fails
    raise e
      self = <frappe.utils.backups.BackupGenerator object at 0x10c1f6490>
      step = <bound method BackupGenerator.take_dump of <frappe.utils.backups.BackupGenerator object at 0x10c1f6490>>
      paths = ('./test-site.local/private/backups/20251102_120002-test-site_local-database.sql.gz',)
      path = './test-site.local/private/backups/20251102_120002-test-site_local-database.sql.gz'
  File "apps/frappe/frappe/utils/backups.py", line 515, in delete_if_step_fails
    step()
      self = <frappe.utils.backups.BackupGenerator object at 0x10c1f6490>
      step = <bound method BackupGenerator.take_dump of <frappe.utils.backups.BackupGenerator object at 0x10c1f6490>>
      paths = ('./test-site.local/private/backups/20251102_120002-test-site_local-database.sql.gz',)
      path = './test-site.local/private/backups/20251102_120002-test-site_local-database.sql.gz'
  File "apps/frappe/frappe/utils/backups.py", line 457, in take_dump
    frappe.throw(
      self = <frappe.utils.backups.BackupGenerator object at 0x10c1f6490>
      shlex = <module 'shlex' from '/opt/homebrew/Cellar/python@3.13/3.13.1/Frameworks/Python.framework/Versions/3.13/lib/python3.13/shlex.py'>
      frappe = <module 'frappe' from 'apps/frappe/frappe/__init__.py'>
      get_app_branch = <function get_app_branch at 0x10beeeac0>
      gzip_exc = '/usr/bin/gzip'
      database_header_content = ['begin frappe metadata', '[frappe]', 'version = 15.87.0', 'branch = version-15', 'end frappe metadata', '']
      generated_header = '-- begin frappe metadata\n-- [frappe]\n-- version = 15.87.0\n-- branch = version-15\n-- end frappe metadata\n-- \n'
      f = <_io.TextIOWrapper name='./test-site.local/private/backups/20251102_120002-test-site_local-database.sql.gz' encoding='UTF-8'>
      cmd = []
      extra = []
      get_command = <function get_command at 0x10bbdbb00>
      bin = None
      args = ['--user=_537373b7e3047fb7', '--host=127.0.0.1', '--port=3306', '--password=U5hxfjpquKPDmY5A', '--single-transaction', '--quick', '--lock-tables=false', '_537373b7e3047fb7']
      bin_name = 'mariadb-dump'
  File "apps/frappe/frappe/__init__.py", line 609, in throw
    msgprint(
      msg = 'mariadb-dump not found in PATH! This is required to take a backup.'
      exc = <class 'frappe.exceptions.ExecutableNotFound'>
      title = None
      is_minimizable = False
      wide = False
      as_list = False
      primary_action = None
  File "apps/frappe/frappe/__init__.py", line 574, in msgprint
    _raise_exception()
      msg = 'mariadb-dump not found in PATH! This is required to take a backup.'
      title = None
      raise_exception = <class 'frappe.exceptions.ExecutableNotFound'>
      as_table = False
      as_list = False
      indicator = 'red'
      alert = False
      primary_action = None
      is_minimizable = False
      wide = False
      realtime = False
      sys = <module 'sys' (built-in)>
      _raise_exception = <function msgprint.<locals>._raise_exception at 0x10c631f80>
      inspect = <module 'inspect' from '/opt/homebrew/Cellar/python@3.13/3.13.1/Frameworks/Python.framework/Versions/3.13/lib/python3.13/inspect.py'>
      out = {'message': 'mariadb-dump not found in PATH! This is required to take a backup.', 'title': 'Message', 'indicator': 'red', 'raise_exception': 1, '__frappe_exc_id': '84714ebe88225750270d3558e7c939e520779c3d26e7823ade0010ae'}
  File "apps/frappe/frappe/__init__.py", line 525, in _raise_exception
    raise exc
      exc = ExecutableNotFound('mariadb-dump not found in PATH! This is required to take a backup.')
      inspect = <module 'inspect' from '/opt/homebrew/Cellar/python@3.13/3.13.1/Frameworks/Python.framework/Versions/3.13/lib/python3.13/inspect.py'>
      msg = 'mariadb-dump not found in PATH! This is required to take a backup.'
      out = {'message': 'mariadb-dump not found in PATH! This is required to take a backup.', 'title': 'Message', 'indicator': 'red', 'raise_exception': 1, '__frappe_exc_id': '84714ebe88225750270d3558e7c939e520779c3d26e7823ade0010ae'}
      raise_exception = <class 'frappe.exceptions.ExecutableNotFound'>
frappe.exceptions.ExecutableNotFound: mariadb-dump not found in PATH! This is required to take a backup.
Backup failed for Site test-site.local. Database or site_config.json may be corrupted
Traceback with variables (most recent call last):
  File "apps/frappe/frappe/commands/site.py", line 845, in backup
    odb = scheduled_backup(
      context = {'sites': ['test-site.local', 'vendor-qc.local'], 'force': False, 'verbose': True, 'profile': False}
      with_files = False
      backup_path = None
      backup_path_db = None
      backup_path_files = None
      backup_path_private_files = None
      backup_path_conf = None
      ignore_backup_conf = False
      verbose = True
      compress = False
      include = ''
      exclude = ''
      old_backup_metadata = False
      scheduled_backup = <function scheduled_backup at 0x10a68fa60>
      exit_code = 0
      rollback_callback = None
      site = 'test-site.local'
  File "apps/frappe/frappe/utils/backups.py", line 568, in scheduled_backup
    return new_backup(
      older_than = 6
      ignore_files = True
      backup_path = None
      backup_path_db = None
      backup_path_files = None
      backup_path_private_files = None
      backup_path_conf = None
      ignore_conf = False
      include_doctypes = ''
      exclude_doctypes = ''
      compress = False
      force = True
      verbose = True
      old_backup_metadata = False
      rollback_callback = <frappe.utils.CallbackManager object at 0x10a8dfe50>
  File "apps/frappe/frappe/utils/backups.py", line 626, in new_backup
    odb.get_backup(older_than, ignore_files, force=force)
      older_than = 6
      ignore_files = True
      backup_path = None
      backup_path_db = None
      backup_path_files = None
      backup_path_private_files = None
      backup_path_conf = None
      ignore_conf = False
      include_doctypes = ''
      exclude_doctypes = ''
      compress = False
      force = True
      verbose = True
      old_backup_metadata = False
      rollback_callback = <frappe.utils.CallbackManager object at 0x10a8dfe50>
      odb = <frappe.utils.backups.BackupGenerator object at 0x10a883230>
  File "apps/frappe/frappe/utils/backups.py", line 195, in get_backup
    self.delete_if_step_fails(self.take_dump, self.backup_path_db)
      self = <frappe.utils.backups.BackupGenerator object at 0x10a883230>
      older_than = 6
      ignore_files = True
      force = True
      last_db = False
      last_file = False
      last_private_file = False
      site_config_backup_path = False
  File "apps/frappe/frappe/utils/backups.py", line 520, in delete_if_step_fails
    raise e
      self = <frappe.utils.backups.BackupGenerator object at 0x10a883230>
      step = <bound method BackupGenerator.take_dump of <frappe.utils.backups.BackupGenerator object at 0x10a883230>>
      paths = ('./test-site.local/private/backups/20251102_180001-test-site_local-database.sql.gz',)
      path = './test-site.local/private/backups/20251102_180001-test-site_local-database.sql.gz'
  File "apps/frappe/frappe/utils/backups.py", line 515, in delete_if_step_fails
    step()
      self = <frappe.utils.backups.BackupGenerator object at 0x10a883230>
      step = <bound method BackupGenerator.take_dump of <frappe.utils.backups.BackupGenerator object at 0x10a883230>>
      paths = ('./test-site.local/private/backups/20251102_180001-test-site_local-database.sql.gz',)
      path = './test-site.local/private/backups/20251102_180001-test-site_local-database.sql.gz'
  File "apps/frappe/frappe/utils/backups.py", line 457, in take_dump
    frappe.throw(
      self = <frappe.utils.backups.BackupGenerator object at 0x10a883230>
      shlex = <module 'shlex' from '/opt/homebrew/Cellar/python@3.13/3.13.1/Frameworks/Python.framework/Versions/3.13/lib/python3.13/shlex.py'>
      frappe = <module 'frappe' from 'apps/frappe/frappe/__init__.py'>
      get_app_branch = <function get_app_branch at 0x10a672ac0>
      gzip_exc = '/usr/bin/gzip'
      database_header_content = ['begin frappe metadata', '[frappe]', 'version = 15.87.0', 'branch = version-15', 'end frappe metadata', '']
      generated_header = '-- begin frappe metadata\n-- [frappe]\n-- version = 15.87.0\n-- branch = version-15\n-- end frappe metadata\n-- \n'
      f = <_io.TextIOWrapper name='./test-site.local/private/backups/20251102_180001-test-site_local-database.sql.gz' encoding='UTF-8'>
      cmd = []
      extra = []
      get_command = <function get_command at 0x10a35fb00>
      bin = None
      args = ['--user=_537373b7e3047fb7', '--host=127.0.0.1', '--port=3306', '--password=U5hxfjpquKPDmY5A', '--single-transaction', '--quick', '--lock-tables=false', '_537373b7e3047fb7']
      bin_name = 'mariadb-dump'
  File "apps/frappe/frappe/__init__.py", line 609, in throw
    msgprint(
      msg = 'mariadb-dump not found in PATH! This is required to take a backup.'
      exc = <class 'frappe.exceptions.ExecutableNotFound'>
      title = None
      is_minimizable = False
      wide = False
      as_list = False
      primary_action = None
  File "apps/frappe/frappe/__init__.py", line 574, in msgprint
    _raise_exception()
      msg = 'mariadb-dump not found in PATH! This is required to take a backup.'
      title = None
      raise_exception = <class 'frappe.exceptions.ExecutableNotFound'>
      as_table = False
      as_list = False
      indicator = 'red'
      alert = False
      primary_action = None
      is_minimizable = False
      wide = False
      realtime = False
      sys = <module 'sys' (built-in)>
      _raise_exception = <function msgprint.<locals>._raise_exception at 0x108589da0>
      inspect = <module 'inspect' from '/opt/homebrew/Cellar/python@3.13/3.13.1/Frameworks/Python.framework/Versions/3.13/lib/python3.13/inspect.py'>
      out = {'message': 'mariadb-dump not found in PATH! This is required to take a backup.', 'title': 'Message', 'indicator': 'red', 'raise_exception': 1, '__frappe_exc_id': '868d6f1d7666e764ed94ab8f6a72236db614a0f8b1a4ffbff42a63a1'}
  File "apps/frappe/frappe/__init__.py", line 525, in _raise_exception
    raise exc
      exc = ExecutableNotFound('mariadb-dump not found in PATH! This is required to take a backup.')
      inspect = <module 'inspect' from '/opt/homebrew/Cellar/python@3.13/3.13.1/Frameworks/Python.framework/Versions/3.13/lib/python3.13/inspect.py'>
      msg = 'mariadb-dump not found in PATH! This is required to take a backup.'
      out = {'message': 'mariadb-dump not found in PATH! This is required to take a backup.', 'title': 'Message', 'indicator': 'red', 'raise_exception': 1, '__frappe_exc_id': '868d6f1d7666e764ed94ab8f6a72236db614a0f8b1a4ffbff42a63a1'}
      raise_exception = <class 'frappe.exceptions.ExecutableNotFound'>
frappe.exceptions.ExecutableNotFound: mariadb-dump not found in PATH! This is required to take a backup.
Backup failed for Site vendor-qc.local. Database or site_config.json may be corrupted
Traceback with variables (most recent call last):
  File "apps/frappe/frappe/commands/site.py", line 845, in backup
    odb = scheduled_backup(
      context = {'sites': ['test-site.local', 'vendor-qc.local'], 'force': False, 'verbose': True, 'profile': False}
      with_files = False
      backup_path = None
      backup_path_db = None
      backup_path_files = None
      backup_path_private_files = None
      backup_path_conf = None
      ignore_backup_conf = False
      verbose = True
      compress = False
      include = ''
      exclude = ''
      old_backup_metadata = False
      scheduled_backup = <function scheduled_backup at 0x10a68fa60>
      exit_code = 1
      rollback_callback = None
      site = 'vendor-qc.local'
  File "apps/frappe/frappe/utils/backups.py", line 568, in scheduled_backup
    return new_backup(
      older_than = 6
      ignore_files = True
      backup_path = None
      backup_path_db = None
      backup_path_files = None
      backup_path_private_files = None
      backup_path_conf = None
      ignore_conf = False
      include_doctypes = ''
      exclude_doctypes = ''
      compress = False
      force = True
      verbose = True
      old_backup_metadata = False
      rollback_callback = <frappe.utils.CallbackManager object at 0x10a809150>
  File "apps/frappe/frappe/utils/backups.py", line 626, in new_backup
    odb.get_backup(older_than, ignore_files, force=force)
      older_than = 6
      ignore_files = True
      backup_path = None
      backup_path_db = None
      backup_path_files = None
      backup_path_private_files = None
      backup_path_conf = None
      ignore_conf = False
      include_doctypes = ''
      exclude_doctypes = ''
      compress = False
      force = True
      verbose = True
      old_backup_metadata = False
      rollback_callback = <frappe.utils.CallbackManager object at 0x10a809150>
      odb = <frappe.utils.backups.BackupGenerator object at 0x10a89afd0>
  File "apps/frappe/frappe/utils/backups.py", line 195, in get_backup
    self.delete_if_step_fails(self.take_dump, self.backup_path_db)
      self = <frappe.utils.backups.BackupGenerator object at 0x10a89afd0>
      older_than = 6
      ignore_files = True
      force = True
      last_db = False
      last_file = False
      last_private_file = False
      site_config_backup_path = False
  File "apps/frappe/frappe/utils/backups.py", line 520, in delete_if_step_fails
    raise e
      self = <frappe.utils.backups.BackupGenerator object at 0x10a89afd0>
      step = <bound method BackupGenerator.take_dump of <frappe.utils.backups.BackupGenerator object at 0x10a89afd0>>
      paths = ('./test-site.local/private/backups/20251102_180001-test-site_local-database.sql.gz',)
      path = './test-site.local/private/backups/20251102_180001-test-site_local-database.sql.gz'
  File "apps/frappe/frappe/utils/backups.py", line 515, in delete_if_step_fails
    step()
      self = <frappe.utils.backups.BackupGenerator object at 0x10a89afd0>
      step = <bound method BackupGenerator.take_dump of <frappe.utils.backups.BackupGenerator object at 0x10a89afd0>>
      paths = ('./test-site.local/private/backups/20251102_180001-test-site_local-database.sql.gz',)
      path = './test-site.local/private/backups/20251102_180001-test-site_local-database.sql.gz'
  File "apps/frappe/frappe/utils/backups.py", line 457, in take_dump
    frappe.throw(
      self = <frappe.utils.backups.BackupGenerator object at 0x10a89afd0>
      shlex = <module 'shlex' from '/opt/homebrew/Cellar/python@3.13/3.13.1/Frameworks/Python.framework/Versions/3.13/lib/python3.13/shlex.py'>
      frappe = <module 'frappe' from 'apps/frappe/frappe/__init__.py'>
      get_app_branch = <function get_app_branch at 0x10a672ac0>
      gzip_exc = '/usr/bin/gzip'
      database_header_content = ['begin frappe metadata', '[frappe]', 'version = 15.87.0', 'branch = version-15', 'end frappe metadata', '']
      generated_header = '-- begin frappe metadata\n-- [frappe]\n-- version = 15.87.0\n-- branch = version-15\n-- end frappe metadata\n-- \n'
      f = <_io.TextIOWrapper name='./test-site.local/private/backups/20251102_180001-test-site_local-database.sql.gz' encoding='UTF-8'>
      cmd = []
      extra = []
      get_command = <function get_command at 0x10a35fb00>
      bin = None
      args = ['--user=_537373b7e3047fb7', '--host=127.0.0.1', '--port=3306', '--password=U5hxfjpquKPDmY5A', '--single-transaction', '--quick', '--lock-tables=false', '_537373b7e3047fb7']
      bin_name = 'mariadb-dump'
  File "apps/frappe/frappe/__init__.py", line 609, in throw
    msgprint(
      msg = 'mariadb-dump not found in PATH! This is required to take a backup.'
      exc = <class 'frappe.exceptions.ExecutableNotFound'>
      title = None
      is_minimizable = False
      wide = False
      as_list = False
      primary_action = None
  File "apps/frappe/frappe/__init__.py", line 574, in msgprint
    _raise_exception()
      msg = 'mariadb-dump not found in PATH! This is required to take a backup.'
      title = None
      raise_exception = <class 'frappe.exceptions.ExecutableNotFound'>
      as_table = False
      as_list = False
      indicator = 'red'
      alert = False
      primary_action = None
      is_minimizable = False
      wide = False
      realtime = False
      sys = <module 'sys' (built-in)>
      _raise_exception = <function msgprint.<locals>._raise_exception at 0x10a972980>
      inspect = <module 'inspect' from '/opt/homebrew/Cellar/python@3.13/3.13.1/Frameworks/Python.framework/Versions/3.13/lib/python3.13/inspect.py'>
      out = {'message': 'mariadb-dump not found in PATH! This is required to take a backup.', 'title': 'Message', 'indicator': 'red', 'raise_exception': 1, '__frappe_exc_id': '255e8edf9425921f94a3ccd1ce1b7ad35cef4b4d5e11b04bfca32a7f'}
  File "apps/frappe/frappe/__init__.py", line 525, in _raise_exception
    raise exc
      exc = ExecutableNotFound('mariadb-dump not found in PATH! This is required to take a backup.')
      inspect = <module 'inspect' from '/opt/homebrew/Cellar/python@3.13/3.13.1/Frameworks/Python.framework/Versions/3.13/lib/python3.13/inspect.py'>
      msg = 'mariadb-dump not found in PATH! This is required to take a backup.'
      out = {'message': 'mariadb-dump not found in PATH! This is required to take a backup.', 'title': 'Message', 'indicator': 'red', 'raise_exception': 1, '__frappe_exc_id': '255e8edf9425921f94a3ccd1ce1b7ad35cef4b4d5e11b04bfca32a7f'}
      raise_exception = <class 'frappe.exceptions.ExecutableNotFound'>
frappe.exceptions.ExecutableNotFound: mariadb-dump not found in PATH! This is required to take a backup.
Backup failed for Site test-site.local. Database or site_config.json may be corrupted
Traceback with variables (most recent call last):
  File "apps/frappe/frappe/commands/site.py", line 845, in backup
    odb = scheduled_backup(
      context = {'sites': ['test-site.local', 'vendor-qc.local'], 'force': False, 'verbose': True, 'profile': False}
      with_files = False
      backup_path = None
      backup_path_db = None
      backup_path_files = None
      backup_path_private_files = None
      backup_path_conf = None
      ignore_backup_conf = False
      verbose = True
      compress = False
      include = ''
      exclude = ''
      old_backup_metadata = False
      scheduled_backup = <function scheduled_backup at 0x10c03fa60>
      exit_code = 0
      rollback_callback = None
      site = 'test-site.local'
  File "apps/frappe/frappe/utils/backups.py", line 568, in scheduled_backup
    return new_backup(
      older_than = 6
      ignore_files = True
      backup_path = None
      backup_path_db = None
      backup_path_files = None
      backup_path_private_files = None
      backup_path_conf = None
      ignore_conf = False
      include_doctypes = ''
      exclude_doctypes = ''
      compress = False
      force = True
      verbose = True
      old_backup_metadata = False
      rollback_callback = <frappe.utils.CallbackManager object at 0x10c227af0>
  File "apps/frappe/frappe/utils/backups.py", line 626, in new_backup
    odb.get_backup(older_than, ignore_files, force=force)
      older_than = 6
      ignore_files = True
      backup_path = None
      backup_path_db = None
      backup_path_files = None
      backup_path_private_files = None
      backup_path_conf = None
      ignore_conf = False
      include_doctypes = ''
      exclude_doctypes = ''
      compress = False
      force = True
      verbose = True
      old_backup_metadata = False
      rollback_callback = <frappe.utils.CallbackManager object at 0x10c227af0>
      odb = <frappe.utils.backups.BackupGenerator object at 0x10c1c7230>
  File "apps/frappe/frappe/utils/backups.py", line 195, in get_backup
    self.delete_if_step_fails(self.take_dump, self.backup_path_db)
      self = <frappe.utils.backups.BackupGenerator object at 0x10c1c7230>
      older_than = 6
      ignore_files = True
      force = True
      last_db = False
      last_file = False
      last_private_file = False
      site_config_backup_path = False
  File "apps/frappe/frappe/utils/backups.py", line 520, in delete_if_step_fails
    raise e
      self = <frappe.utils.backups.BackupGenerator object at 0x10c1c7230>
      step = <bound method BackupGenerator.take_dump of <frappe.utils.backups.BackupGenerator object at 0x10c1c7230>>
      paths = ('./test-site.local/private/backups/20251103_000001-test-site_local-database.sql.gz',)
      path = './test-site.local/private/backups/20251103_000001-test-site_local-database.sql.gz'
  File "apps/frappe/frappe/utils/backups.py", line 515, in delete_if_step_fails
    step()
      self = <frappe.utils.backups.BackupGenerator object at 0x10c1c7230>
      step = <bound method BackupGenerator.take_dump of <frappe.utils.backups.BackupGenerator object at 0x10c1c7230>>
      paths = ('./test-site.local/private/backups/20251103_000001-test-site_local-database.sql.gz',)
      path = './test-site.local/private/backups/20251103_000001-test-site_local-database.sql.gz'
  File "apps/frappe/frappe/utils/backups.py", line 457, in take_dump
    frappe.throw(
      self = <frappe.utils.backups.BackupGenerator object at 0x10c1c7230>
      shlex = <module 'shlex' from '/opt/homebrew/Cellar/python@3.13/3.13.1/Frameworks/Python.framework/Versions/3.13/lib/python3.13/shlex.py'>
      frappe = <module 'frappe' from 'apps/frappe/frappe/__init__.py'>
      get_app_branch = <function get_app_branch at 0x10c022ac0>
      gzip_exc = '/usr/bin/gzip'
      database_header_content = ['begin frappe metadata', '[frappe]', 'version = 15.87.0', 'branch = version-15', 'end frappe metadata', '']
      generated_header = '-- begin frappe metadata\n-- [frappe]\n-- version = 15.87.0\n-- branch = version-15\n-- end frappe metadata\n-- \n'
      f = <_io.TextIOWrapper name='./test-site.local/private/backups/20251103_000001-test-site_local-database.sql.gz' encoding='UTF-8'>
      cmd = []
      extra = []
      get_command = <function get_command at 0x10bc57b00>
      bin = None
      args = ['--user=_537373b7e3047fb7', '--host=127.0.0.1', '--port=3306', '--password=U5hxfjpquKPDmY5A', '--single-transaction', '--quick', '--lock-tables=false', '_537373b7e3047fb7']
      bin_name = 'mariadb-dump'
  File "apps/frappe/frappe/__init__.py", line 609, in throw
    msgprint(
      msg = 'mariadb-dump not found in PATH! This is required to take a backup.'
      exc = <class 'frappe.exceptions.ExecutableNotFound'>
      title = None
      is_minimizable = False
      wide = False
      as_list = False
      primary_action = None
  File "apps/frappe/frappe/__init__.py", line 574, in msgprint
    _raise_exception()
      msg = 'mariadb-dump not found in PATH! This is required to take a backup.'
      title = None
      raise_exception = <class 'frappe.exceptions.ExecutableNotFound'>
      as_table = False
      as_list = False
      indicator = 'red'
      alert = False
      primary_action = None
      is_minimizable = False
      wide = False
      realtime = False
      sys = <module 'sys' (built-in)>
      _raise_exception = <function msgprint.<locals>._raise_exception at 0x109ea5da0>
      inspect = <module 'inspect' from '/opt/homebrew/Cellar/python@3.13/3.13.1/Frameworks/Python.framework/Versions/3.13/lib/python3.13/inspect.py'>
      out = {'message': 'mariadb-dump not found in PATH! This is required to take a backup.', 'title': 'Message', 'indicator': 'red', 'raise_exception': 1, '__frappe_exc_id': '1d63794d448e04b330737e1d77d483b35884d5e1214c060959b9383c'}
  File "apps/frappe/frappe/__init__.py", line 525, in _raise_exception
    raise exc
      exc = ExecutableNotFound('mariadb-dump not found in PATH! This is required to take a backup.')
      inspect = <module 'inspect' from '/opt/homebrew/Cellar/python@3.13/3.13.1/Frameworks/Python.framework/Versions/3.13/lib/python3.13/inspect.py'>
      msg = 'mariadb-dump not found in PATH! This is required to take a backup.'
      out = {'message': 'mariadb-dump not found in PATH! This is required to take a backup.', 'title': 'Message', 'indicator': 'red', 'raise_exception': 1, '__frappe_exc_id': '1d63794d448e04b330737e1d77d483b35884d5e1214c060959b9383c'}
      raise_exception = <class 'frappe.exceptions.ExecutableNotFound'>
frappe.exceptions.ExecutableNotFound: mariadb-dump not found in PATH! This is required to take a backup.
Backup failed for Site vendor-qc.local. Database or site_config.json may be corrupted
Traceback with variables (most recent call last):
  File "apps/frappe/frappe/commands/site.py", line 845, in backup
    odb = scheduled_backup(
      context = {'sites': ['test-site.local', 'vendor-qc.local'], 'force': False, 'verbose': True, 'profile': False}
      with_files = False
      backup_path = None
      backup_path_db = None
      backup_path_files = None
      backup_path_private_files = None
      backup_path_conf = None
      ignore_backup_conf = False
      verbose = True
      compress = False
      include = ''
      exclude = ''
      old_backup_metadata = False
      scheduled_backup = <function scheduled_backup at 0x10c03fa60>
      exit_code = 1
      rollback_callback = None
      site = 'vendor-qc.local'
  File "apps/frappe/frappe/utils/backups.py", line 568, in scheduled_backup
    return new_backup(
      older_than = 6
      ignore_files = True
      backup_path = None
      backup_path_db = None
      backup_path_files = None
      backup_path_private_files = None
      backup_path_conf = None
      ignore_conf = False
      include_doctypes = ''
      exclude_doctypes = ''
      compress = False
      force = True
      verbose = True
      old_backup_metadata = False
      rollback_callback = <frappe.utils.CallbackManager object at 0x10c25bfd0>
  File "apps/frappe/frappe/utils/backups.py", line 626, in new_backup
    odb.get_backup(older_than, ignore_files, force=force)
      older_than = 6
      ignore_files = True
      backup_path = None
      backup_path_db = None
      backup_path_files = None
      backup_path_private_files = None
      backup_path_conf = None
      ignore_conf = False
      include_doctypes = ''
      exclude_doctypes = ''
      compress = False
      force = True
      verbose = True
      old_backup_metadata = False
      rollback_callback = <frappe.utils.CallbackManager object at 0x10c25bfd0>
      odb = <frappe.utils.backups.BackupGenerator object at 0x10c1e2fd0>
  File "apps/frappe/frappe/utils/backups.py", line 195, in get_backup
    self.delete_if_step_fails(self.take_dump, self.backup_path_db)
      self = <frappe.utils.backups.BackupGenerator object at 0x10c1e2fd0>
      older_than = 6
      ignore_files = True
      force = True
      last_db = False
      last_file = False
      last_private_file = False
      site_config_backup_path = False
  File "apps/frappe/frappe/utils/backups.py", line 520, in delete_if_step_fails
    raise e
      self = <frappe.utils.backups.BackupGenerator object at 0x10c1e2fd0>
      step = <bound method BackupGenerator.take_dump of <frappe.utils.backups.BackupGenerator object at 0x10c1e2fd0>>
      paths = ('./test-site.local/private/backups/20251103_000001-test-site_local-database.sql.gz',)
      path = './test-site.local/private/backups/20251103_000001-test-site_local-database.sql.gz'
  File "apps/frappe/frappe/utils/backups.py", line 515, in delete_if_step_fails
    step()
      self = <frappe.utils.backups.BackupGenerator object at 0x10c1e2fd0>
      step = <bound method BackupGenerator.take_dump of <frappe.utils.backups.BackupGenerator object at 0x10c1e2fd0>>
      paths = ('./test-site.local/private/backups/20251103_000001-test-site_local-database.sql.gz',)
      path = './test-site.local/private/backups/20251103_000001-test-site_local-database.sql.gz'
  File "apps/frappe/frappe/utils/backups.py", line 457, in take_dump
    frappe.throw(
      self = <frappe.utils.backups.BackupGenerator object at 0x10c1e2fd0>
      shlex = <module 'shlex' from '/opt/homebrew/Cellar/python@3.13/3.13.1/Frameworks/Python.framework/Versions/3.13/lib/python3.13/shlex.py'>
      frappe = <module 'frappe' from 'apps/frappe/frappe/__init__.py'>
      get_app_branch = <function get_app_branch at 0x10c022ac0>
      gzip_exc = '/usr/bin/gzip'
      database_header_content = ['begin frappe metadata', '[frappe]', 'version = 15.87.0', 'branch = version-15', 'end frappe metadata', '']
      generated_header = '-- begin frappe metadata\n-- [frappe]\n-- version = 15.87.0\n-- branch = version-15\n-- end frappe metadata\n-- \n'
      f = <_io.TextIOWrapper name='./test-site.local/private/backups/20251103_000001-test-site_local-database.sql.gz' encoding='UTF-8'>
      cmd = []
      extra = []
      get_command = <function get_command at 0x10bc57b00>
      bin = None
      args = ['--user=_537373b7e3047fb7', '--host=127.0.0.1', '--port=3306', '--password=U5hxfjpquKPDmY5A', '--single-transaction', '--quick', '--lock-tables=false', '_537373b7e3047fb7']
      bin_name = 'mariadb-dump'
  File "apps/frappe/frappe/__init__.py", line 609, in throw
    msgprint(
      msg = 'mariadb-dump not found in PATH! This is required to take a backup.'
      exc = <class 'frappe.exceptions.ExecutableNotFound'>
      title = None
      is_minimizable = False
      wide = False
      as_list = False
      primary_action = None
  File "apps/frappe/frappe/__init__.py", line 574, in msgprint
    _raise_exception()
      msg = 'mariadb-dump not found in PATH! This is required to take a backup.'
      title = None
      raise_exception = <class 'frappe.exceptions.ExecutableNotFound'>
      as_table = False
      as_list = False
      indicator = 'red'
      alert = False
      primary_action = None
      is_minimizable = False
      wide = False
      realtime = False
      sys = <module 'sys' (built-in)>
      _raise_exception = <function msgprint.<locals>._raise_exception at 0x10c2ba980>
      inspect = <module 'inspect' from '/opt/homebrew/Cellar/python@3.13/3.13.1/Frameworks/Python.framework/Versions/3.13/lib/python3.13/inspect.py'>
      out = {'message': 'mariadb-dump not found in PATH! This is required to take a backup.', 'title': 'Message', 'indicator': 'red', 'raise_exception': 1, '__frappe_exc_id': '03bada91202b45ba7882225bda97bfe3cb4f6b3c3f4598926a442c44'}
  File "apps/frappe/frappe/__init__.py", line 525, in _raise_exception
    raise exc
      exc = ExecutableNotFound('mariadb-dump not found in PATH! This is required to take a backup.')
      inspect = <module 'inspect' from '/opt/homebrew/Cellar/python@3.13/3.13.1/Frameworks/Python.framework/Versions/3.13/lib/python3.13/inspect.py'>
      msg = 'mariadb-dump not found in PATH! This is required to take a backup.'
      out = {'message': 'mariadb-dump not found in PATH! This is required to take a backup.', 'title': 'Message', 'indicator': 'red', 'raise_exception': 1, '__frappe_exc_id': '03bada91202b45ba7882225bda97bfe3cb4f6b3c3f4598926a442c44'}
      raise_exception = <class 'frappe.exceptions.ExecutableNotFound'>
frappe.exceptions.ExecutableNotFound: mariadb-dump not found in PATH! This is required to take a backup.
Backup failed for Site test-site.local. Database or site_config.json may be corrupted
Traceback with variables (most recent call last):
  File "apps/frappe/frappe/commands/site.py", line 845, in backup
    odb = scheduled_backup(
      context = {'sites': ['test-site.local', 'vendor-qc.local'], 'force': False, 'verbose': True, 'profile': False}
      with_files = False
      backup_path = None
      backup_path_db = None
      backup_path_files = None
      backup_path_private_files = None
      backup_path_conf = None
      ignore_backup_conf = False
      verbose = True
      compress = False
      include = ''
      exclude = ''
      old_backup_metadata = False
      scheduled_backup = <function scheduled_backup at 0x10c1dfa60>
      exit_code = 0
      rollback_callback = None
      site = 'test-site.local'
  File "apps/frappe/frappe/utils/backups.py", line 568, in scheduled_backup
    return new_backup(
      older_than = 6
      ignore_files = True
      backup_path = None
      backup_path_db = None
      backup_path_files = None
      backup_path_private_files = None
      backup_path_conf = None
      ignore_conf = False
      include_doctypes = ''
      exclude_doctypes = ''
      compress = False
      force = True
      verbose = True
      old_backup_metadata = False
      rollback_callback = <frappe.utils.CallbackManager object at 0x10c42fac0>
  File "apps/frappe/frappe/utils/backups.py", line 626, in new_backup
    odb.get_backup(older_than, ignore_files, force=force)
      older_than = 6
      ignore_files = True
      backup_path = None
      backup_path_db = None
      backup_path_files = None
      backup_path_private_files = None
      backup_path_conf = None
      ignore_conf = False
      include_doctypes = ''
      exclude_doctypes = ''
      compress = False
      force = True
      verbose = True
      old_backup_metadata = False
      rollback_callback = <frappe.utils.CallbackManager object at 0x10c42fac0>
      odb = <frappe.utils.backups.BackupGenerator object at 0x10c3cf230>
  File "apps/frappe/frappe/utils/backups.py", line 195, in get_backup
    self.delete_if_step_fails(self.take_dump, self.backup_path_db)
      self = <frappe.utils.backups.BackupGenerator object at 0x10c3cf230>
      older_than = 6
      ignore_files = True
      force = True
      last_db = False
      last_file = False
      last_private_file = False
      site_config_backup_path = False
  File "apps/frappe/frappe/utils/backups.py", line 520, in delete_if_step_fails
    raise e
      self = <frappe.utils.backups.BackupGenerator object at 0x10c3cf230>
      step = <bound method BackupGenerator.take_dump of <frappe.utils.backups.BackupGenerator object at 0x10c3cf230>>
      paths = ('./test-site.local/private/backups/20251103_060002-test-site_local-database.sql.gz',)
      path = './test-site.local/private/backups/20251103_060002-test-site_local-database.sql.gz'
  File "apps/frappe/frappe/utils/backups.py", line 515, in delete_if_step_fails
    step()
      self = <frappe.utils.backups.BackupGenerator object at 0x10c3cf230>
      step = <bound method BackupGenerator.take_dump of <frappe.utils.backups.BackupGenerator object at 0x10c3cf230>>
      paths = ('./test-site.local/private/backups/20251103_060002-test-site_local-database.sql.gz',)
      path = './test-site.local/private/backups/20251103_060002-test-site_local-database.sql.gz'
  File "apps/frappe/frappe/utils/backups.py", line 457, in take_dump
    frappe.throw(
      self = <frappe.utils.backups.BackupGenerator object at 0x10c3cf230>
      shlex = <module 'shlex' from '/opt/homebrew/Cellar/python@3.13/3.13.1/Frameworks/Python.framework/Versions/3.13/lib/python3.13/shlex.py'>
      frappe = <module 'frappe' from 'apps/frappe/frappe/__init__.py'>
      get_app_branch = <function get_app_branch at 0x10c1c2ac0>
      gzip_exc = '/usr/bin/gzip'
      database_header_content = ['begin frappe metadata', '[frappe]', 'version = 15.87.0', 'branch = version-15', 'end frappe metadata', '']
      generated_header = '-- begin frappe metadata\n-- [frappe]\n-- version = 15.87.0\n-- branch = version-15\n-- end frappe metadata\n-- \n'
      f = <_io.TextIOWrapper name='./test-site.local/private/backups/20251103_060002-test-site_local-database.sql.gz' encoding='UTF-8'>
      cmd = []
      extra = []
      get_command = <function get_command at 0x10beafb00>
      bin = None
      args = ['--user=_537373b7e3047fb7', '--host=127.0.0.1', '--port=3306', '--password=U5hxfjpquKPDmY5A', '--single-transaction', '--quick', '--lock-tables=false', '_537373b7e3047fb7']
      bin_name = 'mariadb-dump'
  File "apps/frappe/frappe/__init__.py", line 609, in throw
    msgprint(
      msg = 'mariadb-dump not found in PATH! This is required to take a backup.'
      exc = <class 'frappe.exceptions.ExecutableNotFound'>
      title = None
      is_minimizable = False
      wide = False
      as_list = False
      primary_action = None
  File "apps/frappe/frappe/__init__.py", line 574, in msgprint
    _raise_exception()
      msg = 'mariadb-dump not found in PATH! This is required to take a backup.'
      title = None
      raise_exception = <class 'frappe.exceptions.ExecutableNotFound'>
      as_table = False
      as_list = False
      indicator = 'red'
      alert = False
      primary_action = None
      is_minimizable = False
      wide = False
      realtime = False
      sys = <module 'sys' (built-in)>
      _raise_exception = <function msgprint.<locals>._raise_exception at 0x10a0d9da0>
      inspect = <module 'inspect' from '/opt/homebrew/Cellar/python@3.13/3.13.1/Frameworks/Python.framework/Versions/3.13/lib/python3.13/inspect.py'>
      out = {'message': 'mariadb-dump not found in PATH! This is required to take a backup.', 'title': 'Message', 'indicator': 'red', 'raise_exception': 1, '__frappe_exc_id': '65ea18d98bda6871bebf5a766877a7c9f0f7de876172a4ab09e6118d'}
  File "apps/frappe/frappe/__init__.py", line 525, in _raise_exception
    raise exc
      exc = ExecutableNotFound('mariadb-dump not found in PATH! This is required to take a backup.')
      inspect = <module 'inspect' from '/opt/homebrew/Cellar/python@3.13/3.13.1/Frameworks/Python.framework/Versions/3.13/lib/python3.13/inspect.py'>
      msg = 'mariadb-dump not found in PATH! This is required to take a backup.'
      out = {'message': 'mariadb-dump not found in PATH! This is required to take a backup.', 'title': 'Message', 'indicator': 'red', 'raise_exception': 1, '__frappe_exc_id': '65ea18d98bda6871bebf5a766877a7c9f0f7de876172a4ab09e6118d'}
      raise_exception = <class 'frappe.exceptions.ExecutableNotFound'>
frappe.exceptions.ExecutableNotFound: mariadb-dump not found in PATH! This is required to take a backup.
Backup failed for Site vendor-qc.local. Database or site_config.json may be corrupted
Traceback with variables (most recent call last):
  File "apps/frappe/frappe/commands/site.py", line 845, in backup
    odb = scheduled_backup(
      context = {'sites': ['test-site.local', 'vendor-qc.local'], 'force': False, 'verbose': True, 'profile': False}
      with_files = False
      backup_path = None
      backup_path_db = None
      backup_path_files = None
      backup_path_private_files = None
      backup_path_conf = None
      ignore_backup_conf = False
      verbose = True
      compress = False
      include = ''
      exclude = ''
      old_backup_metadata = False
      scheduled_backup = <function scheduled_backup at 0x10c1dfa60>
      exit_code = 1
      rollback_callback = None
      site = 'vendor-qc.local'
  File "apps/frappe/frappe/utils/backups.py", line 568, in scheduled_backup
    return new_backup(
      older_than = 6
      ignore_files = True
      backup_path = None
      backup_path_db = None
      backup_path_files = None
      backup_path_private_files = None
      backup_path_conf = None
      ignore_conf = False
      include_doctypes = ''
      exclude_doctypes = ''
      compress = False
      force = True
      verbose = True
      old_backup_metadata = False
      rollback_callback = <frappe.utils.CallbackManager object at 0x10c463fd0>
  File "apps/frappe/frappe/utils/backups.py", line 626, in new_backup
    odb.get_backup(older_than, ignore_files, force=force)
      older_than = 6
      ignore_files = True
      backup_path = None
      backup_path_db = None
      backup_path_files = None
      backup_path_private_files = None
      backup_path_conf = None
      ignore_conf = False
      include_doctypes = ''
      exclude_doctypes = ''
      compress = False
      force = True
      verbose = True
      old_backup_metadata = False
      rollback_callback = <frappe.utils.CallbackManager object at 0x10c463fd0>
      odb = <frappe.utils.backups.BackupGenerator object at 0x10c3eafd0>
  File "apps/frappe/frappe/utils/backups.py", line 195, in get_backup
    self.delete_if_step_fails(self.take_dump, self.backup_path_db)
      self = <frappe.utils.backups.BackupGenerator object at 0x10c3eafd0>
      older_than = 6
      ignore_files = True
      force = True
      last_db = False
      last_file = False
      last_private_file = False
      site_config_backup_path = False
  File "apps/frappe/frappe/utils/backups.py", line 520, in delete_if_step_fails
    raise e
      self = <frappe.utils.backups.BackupGenerator object at 0x10c3eafd0>
      step = <bound method BackupGenerator.take_dump of <frappe.utils.backups.BackupGenerator object at 0x10c3eafd0>>
      paths = ('./test-site.local/private/backups/20251103_060002-test-site_local-database.sql.gz',)
      path = './test-site.local/private/backups/20251103_060002-test-site_local-database.sql.gz'
  File "apps/frappe/frappe/utils/backups.py", line 515, in delete_if_step_fails
    step()
      self = <frappe.utils.backups.BackupGenerator object at 0x10c3eafd0>
      step = <bound method BackupGenerator.take_dump of <frappe.utils.backups.BackupGenerator object at 0x10c3eafd0>>
      paths = ('./test-site.local/private/backups/20251103_060002-test-site_local-database.sql.gz',)
      path = './test-site.local/private/backups/20251103_060002-test-site_local-database.sql.gz'
  File "apps/frappe/frappe/utils/backups.py", line 457, in take_dump
    frappe.throw(
      self = <frappe.utils.backups.BackupGenerator object at 0x10c3eafd0>
      shlex = <module 'shlex' from '/opt/homebrew/Cellar/python@3.13/3.13.1/Frameworks/Python.framework/Versions/3.13/lib/python3.13/shlex.py'>
      frappe = <module 'frappe' from 'apps/frappe/frappe/__init__.py'>
      get_app_branch = <function get_app_branch at 0x10c1c2ac0>
      gzip_exc = '/usr/bin/gzip'
      database_header_content = ['begin frappe metadata', '[frappe]', 'version = 15.87.0', 'branch = version-15', 'end frappe metadata', '']
      generated_header = '-- begin frappe metadata\n-- [frappe]\n-- version = 15.87.0\n-- branch = version-15\n-- end frappe metadata\n-- \n'
      f = <_io.TextIOWrapper name='./test-site.local/private/backups/20251103_060002-test-site_local-database.sql.gz' encoding='UTF-8'>
      cmd = []
      extra = []
      get_command = <function get_command at 0x10beafb00>
      bin = None
      args = ['--user=_537373b7e3047fb7', '--host=127.0.0.1', '--port=3306', '--password=U5hxfjpquKPDmY5A', '--single-transaction', '--quick', '--lock-tables=false', '_537373b7e3047fb7']
      bin_name = 'mariadb-dump'
  File "apps/frappe/frappe/__init__.py", line 609, in throw
    msgprint(
      msg = 'mariadb-dump not found in PATH! This is required to take a backup.'
      exc = <class 'frappe.exceptions.ExecutableNotFound'>
      title = None
      is_minimizable = False
      wide = False
      as_list = False
      primary_action = None
  File "apps/frappe/frappe/__init__.py", line 574, in msgprint
    _raise_exception()
      msg = 'mariadb-dump not found in PATH! This is required to take a backup.'
      title = None
      raise_exception = <class 'frappe.exceptions.ExecutableNotFound'>
      as_table = False
      as_list = False
      indicator = 'red'
      alert = False
      primary_action = None
      is_minimizable = False
      wide = False
      realtime = False
      sys = <module 'sys' (built-in)>
      _raise_exception = <function msgprint.<locals>._raise_exception at 0x10c4c2980>
      inspect = <module 'inspect' from '/opt/homebrew/Cellar/python@3.13/3.13.1/Frameworks/Python.framework/Versions/3.13/lib/python3.13/inspect.py'>
      out = {'message': 'mariadb-dump not found in PATH! This is required to take a backup.', 'title': 'Message', 'indicator': 'red', 'raise_exception': 1, '__frappe_exc_id': 'e04b3239c9fb6e595c0b29e2e7290fdee6e32bd2d25e506f7817a542'}
  File "apps/frappe/frappe/__init__.py", line 525, in _raise_exception
    raise exc
      exc = ExecutableNotFound('mariadb-dump not found in PATH! This is required to take a backup.')
      inspect = <module 'inspect' from '/opt/homebrew/Cellar/python@3.13/3.13.1/Frameworks/Python.framework/Versions/3.13/lib/python3.13/inspect.py'>
      msg = 'mariadb-dump not found in PATH! This is required to take a backup.'
      out = {'message': 'mariadb-dump not found in PATH! This is required to take a backup.', 'title': 'Message', 'indicator': 'red', 'raise_exception': 1, '__frappe_exc_id': 'e04b3239c9fb6e595c0b29e2e7290fdee6e32bd2d25e506f7817a542'}
      raise_exception = <class 'frappe.exceptions.ExecutableNotFound'>
frappe.exceptions.ExecutableNotFound: mariadb-dump not found in PATH! This is required to take a backup.
Backup failed for Site test-site.local. Database or site_config.json may be corrupted
Traceback with variables (most recent call last):
  File "apps/frappe/frappe/commands/site.py", line 845, in backup
    odb = scheduled_backup(
      context = {'sites': ['test-site.local', 'vendor-qc.local'], 'force': False, 'verbose': True, 'profile': False}
      with_files = False
      backup_path = None
      backup_path_db = None
      backup_path_files = None
      backup_path_private_files = None
      backup_path_conf = None
      ignore_backup_conf = False
      verbose = True
      compress = False
      include = ''
      exclude = ''
      old_backup_metadata = False
      scheduled_backup = <function scheduled_backup at 0x107f6ba60>
      exit_code = 0
      rollback_callback = None
      site = 'test-site.local'
  File "apps/frappe/frappe/utils/backups.py", line 568, in scheduled_backup
    return new_backup(
      older_than = 6
      ignore_files = True
      backup_path = None
      backup_path_db = None
      backup_path_files = None
      backup_path_private_files = None
      backup_path_conf = None
      ignore_conf = False
      include_doctypes = ''
      exclude_doctypes = ''
      compress = False
      force = True
      verbose = True
      old_backup_metadata = False
      rollback_callback = <frappe.utils.CallbackManager object at 0x108153ca0>
  File "apps/frappe/frappe/utils/backups.py", line 626, in new_backup
    odb.get_backup(older_than, ignore_files, force=force)
      older_than = 6
      ignore_files = True
      backup_path = None
      backup_path_db = None
      backup_path_files = None
      backup_path_private_files = None
      backup_path_conf = None
      ignore_conf = False
      include_doctypes = ''
      exclude_doctypes = ''
      compress = False
      force = True
      verbose = True
      old_backup_metadata = False
      rollback_callback = <frappe.utils.CallbackManager object at 0x108153ca0>
      odb = <frappe.utils.backups.BackupGenerator object at 0x1080f3230>
  File "apps/frappe/frappe/utils/backups.py", line 195, in get_backup
    self.delete_if_step_fails(self.take_dump, self.backup_path_db)
      self = <frappe.utils.backups.BackupGenerator object at 0x1080f3230>
      older_than = 6
      ignore_files = True
      force = True
      last_db = False
      last_file = False
      last_private_file = False
      site_config_backup_path = False
  File "apps/frappe/frappe/utils/backups.py", line 520, in delete_if_step_fails
    raise e
      self = <frappe.utils.backups.BackupGenerator object at 0x1080f3230>
      step = <bound method BackupGenerator.take_dump of <frappe.utils.backups.BackupGenerator object at 0x1080f3230>>
      paths = ('./test-site.local/private/backups/20251103_120001-test-site_local-database.sql.gz',)
      path = './test-site.local/private/backups/20251103_120001-test-site_local-database.sql.gz'
  File "apps/frappe/frappe/utils/backups.py", line 515, in delete_if_step_fails
    step()
      self = <frappe.utils.backups.BackupGenerator object at 0x1080f3230>
      step = <bound method BackupGenerator.take_dump of <frappe.utils.backups.BackupGenerator object at 0x1080f3230>>
      paths = ('./test-site.local/private/backups/20251103_120001-test-site_local-database.sql.gz',)
      path = './test-site.local/private/backups/20251103_120001-test-site_local-database.sql.gz'
  File "apps/frappe/frappe/utils/backups.py", line 457, in take_dump
    frappe.throw(
      self = <frappe.utils.backups.BackupGenerator object at 0x1080f3230>
      shlex = <module 'shlex' from '/opt/homebrew/Cellar/python@3.13/3.13.1/Frameworks/Python.framework/Versions/3.13/lib/python3.13/shlex.py'>
      frappe = <module 'frappe' from 'apps/frappe/frappe/__init__.py'>
      get_app_branch = <function get_app_branch at 0x107f4eac0>
      gzip_exc = '/usr/bin/gzip'
      database_header_content = ['begin frappe metadata', '[frappe]', 'version = 15.87.0', 'branch = version-15', 'end frappe metadata', '']
      generated_header = '-- begin frappe metadata\n-- [frappe]\n-- version = 15.87.0\n-- branch = version-15\n-- end frappe metadata\n-- \n'
      f = <_io.TextIOWrapper name='./test-site.local/private/backups/20251103_120001-test-site_local-database.sql.gz' encoding='UTF-8'>
      cmd = []
      extra = []
      get_command = <function get_command at 0x107b83b00>
      bin = None
      args = ['--user=_537373b7e3047fb7', '--host=127.0.0.1', '--port=3306', '--password=U5hxfjpquKPDmY5A', '--single-transaction', '--quick', '--lock-tables=false', '_537373b7e3047fb7']
      bin_name = 'mariadb-dump'
  File "apps/frappe/frappe/__init__.py", line 609, in throw
    msgprint(
      msg = 'mariadb-dump not found in PATH! This is required to take a backup.'
      exc = <class 'frappe.exceptions.ExecutableNotFound'>
      title = None
      is_minimizable = False
      wide = False
      as_list = False
      primary_action = None
  File "apps/frappe/frappe/__init__.py", line 574, in msgprint
    _raise_exception()
      msg = 'mariadb-dump not found in PATH! This is required to take a backup.'
      title = None
      raise_exception = <class 'frappe.exceptions.ExecutableNotFound'>
      as_table = False
      as_list = False
      indicator = 'red'
      alert = False
      primary_action = None
      is_minimizable = False
      wide = False
      realtime = False
      sys = <module 'sys' (built-in)>
      _raise_exception = <function msgprint.<locals>._raise_exception at 0x105da1da0>
      inspect = <module 'inspect' from '/opt/homebrew/Cellar/python@3.13/3.13.1/Frameworks/Python.framework/Versions/3.13/lib/python3.13/inspect.py'>
      out = {'message': 'mariadb-dump not found in PATH! This is required to take a backup.', 'title': 'Message', 'indicator': 'red', 'raise_exception': 1, '__frappe_exc_id': 'e1129e2a1be71334e43982d321503cba45e645bf0cb666d6b86e802f'}
  File "apps/frappe/frappe/__init__.py", line 525, in _raise_exception
    raise exc
      exc = ExecutableNotFound('mariadb-dump not found in PATH! This is required to take a backup.')
      inspect = <module 'inspect' from '/opt/homebrew/Cellar/python@3.13/3.13.1/Frameworks/Python.framework/Versions/3.13/lib/python3.13/inspect.py'>
      msg = 'mariadb-dump not found in PATH! This is required to take a backup.'
      out = {'message': 'mariadb-dump not found in PATH! This is required to take a backup.', 'title': 'Message', 'indicator': 'red', 'raise_exception': 1, '__frappe_exc_id': 'e1129e2a1be71334e43982d321503cba45e645bf0cb666d6b86e802f'}
      raise_exception = <class 'frappe.exceptions.ExecutableNotFound'>
frappe.exceptions.ExecutableNotFound: mariadb-dump not found in PATH! This is required to take a backup.
Backup failed for Site vendor-qc.local. Database or site_config.json may be corrupted
Traceback with variables (most recent call last):
  File "apps/frappe/frappe/commands/site.py", line 845, in backup
    odb = scheduled_backup(
      context = {'sites': ['test-site.local', 'vendor-qc.local'], 'force': False, 'verbose': True, 'profile': False}
      with_files = False
      backup_path = None
      backup_path_db = None
      backup_path_files = None
      backup_path_private_files = None
      backup_path_conf = None
      ignore_backup_conf = False
      verbose = True
      compress = False
      include = ''
      exclude = ''
      old_backup_metadata = False
      scheduled_backup = <function scheduled_backup at 0x107f6ba60>
      exit_code = 1
      rollback_callback = None
      site = 'vendor-qc.local'
  File "apps/frappe/frappe/utils/backups.py", line 568, in scheduled_backup
    return new_backup(
      older_than = 6
      ignore_files = True
      backup_path = None
      backup_path_db = None
      backup_path_files = None
      backup_path_private_files = None
      backup_path_conf = None
      ignore_conf = False
      include_doctypes = ''
      exclude_doctypes = ''
      compress = False
      force = True
      verbose = True
      old_backup_metadata = False
      rollback_callback = <frappe.utils.CallbackManager object at 0x108187fd0>
  File "apps/frappe/frappe/utils/backups.py", line 626, in new_backup
    odb.get_backup(older_than, ignore_files, force=force)
      older_than = 6
      ignore_files = True
      backup_path = None
      backup_path_db = None
      backup_path_files = None
      backup_path_private_files = None
      backup_path_conf = None
      ignore_conf = False
      include_doctypes = ''
      exclude_doctypes = ''
      compress = False
      force = True
      verbose = True
      old_backup_metadata = False
      rollback_callback = <frappe.utils.CallbackManager object at 0x108187fd0>
      odb = <frappe.utils.backups.BackupGenerator object at 0x10810efd0>
  File "apps/frappe/frappe/utils/backups.py", line 195, in get_backup
    self.delete_if_step_fails(self.take_dump, self.backup_path_db)
      self = <frappe.utils.backups.BackupGenerator object at 0x10810efd0>
      older_than = 6
      ignore_files = True
      force = True
      last_db = False
      last_file = False
      last_private_file = False
      site_config_backup_path = False
  File "apps/frappe/frappe/utils/backups.py", line 520, in delete_if_step_fails
    raise e
      self = <frappe.utils.backups.BackupGenerator object at 0x10810efd0>
      step = <bound method BackupGenerator.take_dump of <frappe.utils.backups.BackupGenerator object at 0x10810efd0>>
      paths = ('./test-site.local/private/backups/20251103_120001-test-site_local-database.sql.gz',)
      path = './test-site.local/private/backups/20251103_120001-test-site_local-database.sql.gz'
  File "apps/frappe/frappe/utils/backups.py", line 515, in delete_if_step_fails
    step()
      self = <frappe.utils.backups.BackupGenerator object at 0x10810efd0>
      step = <bound method BackupGenerator.take_dump of <frappe.utils.backups.BackupGenerator object at 0x10810efd0>>
      paths = ('./test-site.local/private/backups/20251103_120001-test-site_local-database.sql.gz',)
      path = './test-site.local/private/backups/20251103_120001-test-site_local-database.sql.gz'
  File "apps/frappe/frappe/utils/backups.py", line 457, in take_dump
    frappe.throw(
      self = <frappe.utils.backups.BackupGenerator object at 0x10810efd0>
      shlex = <module 'shlex' from '/opt/homebrew/Cellar/python@3.13/3.13.1/Frameworks/Python.framework/Versions/3.13/lib/python3.13/shlex.py'>
      frappe = <module 'frappe' from 'apps/frappe/frappe/__init__.py'>
      get_app_branch = <function get_app_branch at 0x107f4eac0>
      gzip_exc = '/usr/bin/gzip'
      database_header_content = ['begin frappe metadata', '[frappe]', 'version = 15.87.0', 'branch = version-15', 'end frappe metadata', '']
      generated_header = '-- begin frappe metadata\n-- [frappe]\n-- version = 15.87.0\n-- branch = version-15\n-- end frappe metadata\n-- \n'
      f = <_io.TextIOWrapper name='./test-site.local/private/backups/20251103_120001-test-site_local-database.sql.gz' encoding='UTF-8'>
      cmd = []
      extra = []
      get_command = <function get_command at 0x107b83b00>
      bin = None
      args = ['--user=_537373b7e3047fb7', '--host=127.0.0.1', '--port=3306', '--password=U5hxfjpquKPDmY5A', '--single-transaction', '--quick', '--lock-tables=false', '_537373b7e3047fb7']
      bin_name = 'mariadb-dump'
  File "apps/frappe/frappe/__init__.py", line 609, in throw
    msgprint(
      msg = 'mariadb-dump not found in PATH! This is required to take a backup.'
      exc = <class 'frappe.exceptions.ExecutableNotFound'>
      title = None
      is_minimizable = False
      wide = False
      as_list = False
      primary_action = None
  File "apps/frappe/frappe/__init__.py", line 574, in msgprint
    _raise_exception()
      msg = 'mariadb-dump not found in PATH! This is required to take a backup.'
      title = None
      raise_exception = <class 'frappe.exceptions.ExecutableNotFound'>
      as_table = False
      as_list = False
      indicator = 'red'
      alert = False
      primary_action = None
      is_minimizable = False
      wide = False
      realtime = False
      sys = <module 'sys' (built-in)>
      _raise_exception = <function msgprint.<locals>._raise_exception at 0x1081e6980>
      inspect = <module 'inspect' from '/opt/homebrew/Cellar/python@3.13/3.13.1/Frameworks/Python.framework/Versions/3.13/lib/python3.13/inspect.py'>
      out = {'message': 'mariadb-dump not found in PATH! This is required to take a backup.', 'title': 'Message', 'indicator': 'red', 'raise_exception': 1, '__frappe_exc_id': '92c73a8dd673c630b554ced9e5c67219b36f48abe7b649f42908c773'}
  File "apps/frappe/frappe/__init__.py", line 525, in _raise_exception
    raise exc
      exc = ExecutableNotFound('mariadb-dump not found in PATH! This is required to take a backup.')
      inspect = <module 'inspect' from '/opt/homebrew/Cellar/python@3.13/3.13.1/Frameworks/Python.framework/Versions/3.13/lib/python3.13/inspect.py'>
      msg = 'mariadb-dump not found in PATH! This is required to take a backup.'
      out = {'message': 'mariadb-dump not found in PATH! This is required to take a backup.', 'title': 'Message', 'indicator': 'red', 'raise_exception': 1, '__frappe_exc_id': '92c73a8dd673c630b554ced9e5c67219b36f48abe7b649f42908c773'}
      raise_exception = <class 'frappe.exceptions.ExecutableNotFound'>
frappe.exceptions.ExecutableNotFound: mariadb-dump not found in PATH! This is required to take a backup.
Backup failed for Site test-site.local. Database or site_config.json may be corrupted
Traceback with variables (most recent call last):
  File "apps/frappe/frappe/commands/site.py", line 845, in backup
    odb = scheduled_backup(
      context = {'sites': ['test-site.local', 'vendor-qc.local'], 'force': False, 'verbose': True, 'profile': False}
      with_files = False
      backup_path = None
      backup_path_db = None
      backup_path_files = None
      backup_path_private_files = None
      backup_path_conf = None
      ignore_backup_conf = False
      verbose = True
      compress = False
      include = ''
      exclude = ''
      old_backup_metadata = False
      scheduled_backup = <function scheduled_backup at 0x10a537a60>
      exit_code = 0
      rollback_callback = None
      site = 'test-site.local'
  File "apps/frappe/frappe/utils/backups.py", line 568, in scheduled_backup
    return new_backup(
      older_than = 6
      ignore_files = True
      backup_path = None
      backup_path_db = None
      backup_path_files = None
      backup_path_private_files = None
      backup_path_conf = None
      ignore_conf = False
      include_doctypes = ''
      exclude_doctypes = ''
      compress = False
      force = True
      verbose = True
      old_backup_metadata = False
      rollback_callback = <frappe.utils.CallbackManager object at 0x10a785ed0>
  File "apps/frappe/frappe/utils/backups.py", line 626, in new_backup
    odb.get_backup(older_than, ignore_files, force=force)
      older_than = 6
      ignore_files = True
      backup_path = None
      backup_path_db = None
      backup_path_files = None
      backup_path_private_files = None
      backup_path_conf = None
      ignore_conf = False
      include_doctypes = ''
      exclude_doctypes = ''
      compress = False
      force = True
      verbose = True
      old_backup_metadata = False
      rollback_callback = <frappe.utils.CallbackManager object at 0x10a785ed0>
      odb = <frappe.utils.backups.BackupGenerator object at 0x10a72b230>
  File "apps/frappe/frappe/utils/backups.py", line 195, in get_backup
    self.delete_if_step_fails(self.take_dump, self.backup_path_db)
      self = <frappe.utils.backups.BackupGenerator object at 0x10a72b230>
      older_than = 6
      ignore_files = True
      force = True
      last_db = False
      last_file = False
      last_private_file = False
      site_config_backup_path = False
  File "apps/frappe/frappe/utils/backups.py", line 520, in delete_if_step_fails
    raise e
      self = <frappe.utils.backups.BackupGenerator object at 0x10a72b230>
      step = <bound method BackupGenerator.take_dump of <frappe.utils.backups.BackupGenerator object at 0x10a72b230>>
      paths = ('./test-site.local/private/backups/20251103_180002-test-site_local-database.sql.gz',)
      path = './test-site.local/private/backups/20251103_180002-test-site_local-database.sql.gz'
  File "apps/frappe/frappe/utils/backups.py", line 515, in delete_if_step_fails
    step()
      self = <frappe.utils.backups.BackupGenerator object at 0x10a72b230>
      step = <bound method BackupGenerator.take_dump of <frappe.utils.backups.BackupGenerator object at 0x10a72b230>>
      paths = ('./test-site.local/private/backups/20251103_180002-test-site_local-database.sql.gz',)
      path = './test-site.local/private/backups/20251103_180002-test-site_local-database.sql.gz'
  File "apps/frappe/frappe/utils/backups.py", line 457, in take_dump
    frappe.throw(
      self = <frappe.utils.backups.BackupGenerator object at 0x10a72b230>
      shlex = <module 'shlex' from '/opt/homebrew/Cellar/python@3.13/3.13.1/Frameworks/Python.framework/Versions/3.13/lib/python3.13/shlex.py'>
      frappe = <module 'frappe' from 'apps/frappe/frappe/__init__.py'>
      get_app_branch = <function get_app_branch at 0x10a51aac0>
      gzip_exc = '/usr/bin/gzip'
      database_header_content = ['begin frappe metadata', '[frappe]', 'version = 15.87.0', 'branch = version-15', 'end frappe metadata', '']
      generated_header = '-- begin frappe metadata\n-- [frappe]\n-- version = 15.87.0\n-- branch = version-15\n-- end frappe metadata\n-- \n'
      f = <_io.TextIOWrapper name='./test-site.local/private/backups/20251103_180002-test-site_local-database.sql.gz' encoding='UTF-8'>
      cmd = []
      extra = []
      get_command = <function get_command at 0x10a207b00>
      bin = None
      args = ['--user=_537373b7e3047fb7', '--host=127.0.0.1', '--port=3306', '--password=U5hxfjpquKPDmY5A', '--single-transaction', '--quick', '--lock-tables=false', '_537373b7e3047fb7']
      bin_name = 'mariadb-dump'
  File "apps/frappe/frappe/__init__.py", line 609, in throw
    msgprint(
      msg = 'mariadb-dump not found in PATH! This is required to take a backup.'
      exc = <class 'frappe.exceptions.ExecutableNotFound'>
      title = None
      is_minimizable = False
      wide = False
      as_list = False
      primary_action = None
  File "apps/frappe/frappe/__init__.py", line 574, in msgprint
    _raise_exception()
      msg = 'mariadb-dump not found in PATH! This is required to take a backup.'
      title = None
      raise_exception = <class 'frappe.exceptions.ExecutableNotFound'>
      as_table = False
      as_list = False
      indicator = 'red'
      alert = False
      primary_action = None
      is_minimizable = False
      wide = False
      realtime = False
      sys = <module 'sys' (built-in)>
      _raise_exception = <function msgprint.<locals>._raise_exception at 0x108431da0>
      inspect = <module 'inspect' from '/opt/homebrew/Cellar/python@3.13/3.13.1/Frameworks/Python.framework/Versions/3.13/lib/python3.13/inspect.py'>
      out = {'message': 'mariadb-dump not found in PATH! This is required to take a backup.', 'title': 'Message', 'indicator': 'red', 'raise_exception': 1, '__frappe_exc_id': 'c8e2c67f64a473b849ad3d293974615d802c276c29d4499daf87c9d9'}
  File "apps/frappe/frappe/__init__.py", line 525, in _raise_exception
    raise exc
      exc = ExecutableNotFound('mariadb-dump not found in PATH! This is required to take a backup.')
      inspect = <module 'inspect' from '/opt/homebrew/Cellar/python@3.13/3.13.1/Frameworks/Python.framework/Versions/3.13/lib/python3.13/inspect.py'>
      msg = 'mariadb-dump not found in PATH! This is required to take a backup.'
      out = {'message': 'mariadb-dump not found in PATH! This is required to take a backup.', 'title': 'Message', 'indicator': 'red', 'raise_exception': 1, '__frappe_exc_id': 'c8e2c67f64a473b849ad3d293974615d802c276c29d4499daf87c9d9'}
      raise_exception = <class 'frappe.exceptions.ExecutableNotFound'>
frappe.exceptions.ExecutableNotFound: mariadb-dump not found in PATH! This is required to take a backup.
Backup failed for Site vendor-qc.local. Database or site_config.json may be corrupted
Traceback with variables (most recent call last):
  File "apps/frappe/frappe/commands/site.py", line 845, in backup
    odb = scheduled_backup(
      context = {'sites': ['test-site.local', 'vendor-qc.local'], 'force': False, 'verbose': True, 'profile': False}
      with_files = False
      backup_path = None
      backup_path_db = None
      backup_path_files = None
      backup_path_private_files = None
      backup_path_conf = None
      ignore_backup_conf = False
      verbose = True
      compress = False
      include = ''
      exclude = ''
      old_backup_metadata = False
      scheduled_backup = <function scheduled_backup at 0x10a537a60>
      exit_code = 1
      rollback_callback = None
      site = 'vendor-qc.local'
  File "apps/frappe/frappe/utils/backups.py", line 568, in scheduled_backup
    return new_backup(
      older_than = 6
      ignore_files = True
      backup_path = None
      backup_path_db = None
      backup_path_files = None
      backup_path_private_files = None
      backup_path_conf = None
      ignore_conf = False
      include_doctypes = ''
      exclude_doctypes = ''
      compress = False
      force = True
      verbose = True
      old_backup_metadata = False
      rollback_callback = <frappe.utils.CallbackManager object at 0x10a4d8250>
  File "apps/frappe/frappe/utils/backups.py", line 626, in new_backup
    odb.get_backup(older_than, ignore_files, force=force)
      older_than = 6
      ignore_files = True
      backup_path = None
      backup_path_db = None
      backup_path_files = None
      backup_path_private_files = None
      backup_path_conf = None
      ignore_conf = False
      include_doctypes = ''
      exclude_doctypes = ''
      compress = False
      force = True
      verbose = True
      old_backup_metadata = False
      rollback_callback = <frappe.utils.CallbackManager object at 0x10a4d8250>
      odb = <frappe.utils.backups.BackupGenerator object at 0x10a742fd0>
  File "apps/frappe/frappe/utils/backups.py", line 195, in get_backup
    self.delete_if_step_fails(self.take_dump, self.backup_path_db)
      self = <frappe.utils.backups.BackupGenerator object at 0x10a742fd0>
      older_than = 6
      ignore_files = True
      force = True
      last_db = False
      last_file = False
      last_private_file = False
      site_config_backup_path = False
  File "apps/frappe/frappe/utils/backups.py", line 520, in delete_if_step_fails
    raise e
      self = <frappe.utils.backups.BackupGenerator object at 0x10a742fd0>
      step = <bound method BackupGenerator.take_dump of <frappe.utils.backups.BackupGenerator object at 0x10a742fd0>>
      paths = ('./test-site.local/private/backups/20251103_180003-test-site_local-database.sql.gz',)
      path = './test-site.local/private/backups/20251103_180003-test-site_local-database.sql.gz'
  File "apps/frappe/frappe/utils/backups.py", line 515, in delete_if_step_fails
    step()
      self = <frappe.utils.backups.BackupGenerator object at 0x10a742fd0>
      step = <bound method BackupGenerator.take_dump of <frappe.utils.backups.BackupGenerator object at 0x10a742fd0>>
      paths = ('./test-site.local/private/backups/20251103_180003-test-site_local-database.sql.gz',)
      path = './test-site.local/private/backups/20251103_180003-test-site_local-database.sql.gz'
  File "apps/frappe/frappe/utils/backups.py", line 457, in take_dump
    frappe.throw(
      self = <frappe.utils.backups.BackupGenerator object at 0x10a742fd0>
      shlex = <module 'shlex' from '/opt/homebrew/Cellar/python@3.13/3.13.1/Frameworks/Python.framework/Versions/3.13/lib/python3.13/shlex.py'>
      frappe = <module 'frappe' from 'apps/frappe/frappe/__init__.py'>
      get_app_branch = <function get_app_branch at 0x10a51aac0>
      gzip_exc = '/usr/bin/gzip'
      database_header_content = ['begin frappe metadata', '[frappe]', 'version = 15.87.0', 'branch = version-15', 'end frappe metadata', '']
      generated_header = '-- begin frappe metadata\n-- [frappe]\n-- version = 15.87.0\n-- branch = version-15\n-- end frappe metadata\n-- \n'
      f = <_io.TextIOWrapper name='./test-site.local/private/backups/20251103_180003-test-site_local-database.sql.gz' encoding='UTF-8'>
      cmd = []
      extra = []
      get_command = <function get_command at 0x10a207b00>
      bin = None
      args = ['--user=_537373b7e3047fb7', '--host=127.0.0.1', '--port=3306', '--password=U5hxfjpquKPDmY5A', '--single-transaction', '--quick', '--lock-tables=false', '_537373b7e3047fb7']
      bin_name = 'mariadb-dump'
  File "apps/frappe/frappe/__init__.py", line 609, in throw
    msgprint(
      msg = 'mariadb-dump not found in PATH! This is required to take a backup.'
      exc = <class 'frappe.exceptions.ExecutableNotFound'>
      title = None
      is_minimizable = False
      wide = False
      as_list = False
      primary_action = None
  File "apps/frappe/frappe/__init__.py", line 574, in msgprint
    _raise_exception()
      msg = 'mariadb-dump not found in PATH! This is required to take a backup.'
      title = None
      raise_exception = <class 'frappe.exceptions.ExecutableNotFound'>
      as_table = False
      as_list = False
      indicator = 'red'
      alert = False
      primary_action = None
      is_minimizable = False
      wide = False
      realtime = False
      sys = <module 'sys' (built-in)>
      _raise_exception = <function msgprint.<locals>._raise_exception at 0x10a81a980>
      inspect = <module 'inspect' from '/opt/homebrew/Cellar/python@3.13/3.13.1/Frameworks/Python.framework/Versions/3.13/lib/python3.13/inspect.py'>
      out = {'message': 'mariadb-dump not found in PATH! This is required to take a backup.', 'title': 'Message', 'indicator': 'red', 'raise_exception': 1, '__frappe_exc_id': '70d4bb1717e531cf22f3136c666ed4ea6cee7fce07b208963a7f76c9'}
  File "apps/frappe/frappe/__init__.py", line 525, in _raise_exception
    raise exc
      exc = ExecutableNotFound('mariadb-dump not found in PATH! This is required to take a backup.')
      inspect = <module 'inspect' from '/opt/homebrew/Cellar/python@3.13/3.13.1/Frameworks/Python.framework/Versions/3.13/lib/python3.13/inspect.py'>
      msg = 'mariadb-dump not found in PATH! This is required to take a backup.'
      out = {'message': 'mariadb-dump not found in PATH! This is required to take a backup.', 'title': 'Message', 'indicator': 'red', 'raise_exception': 1, '__frappe_exc_id': '70d4bb1717e531cf22f3136c666ed4ea6cee7fce07b208963a7f76c9'}
      raise_exception = <class 'frappe.exceptions.ExecutableNotFound'>
frappe.exceptions.ExecutableNotFound: mariadb-dump not found in PATH! This is required to take a backup.
Backup failed for Site test-site.local. Database or site_config.json may be corrupted
Traceback with variables (most recent call last):
  File "apps/frappe/frappe/commands/site.py", line 845, in backup
    odb = scheduled_backup(
      context = {'sites': ['test-site.local', 'vendor-qc.local'], 'force': False, 'verbose': True, 'profile': False}
      with_files = False
      backup_path = None
      backup_path_db = None
      backup_path_files = None
      backup_path_private_files = None
      backup_path_conf = None
      ignore_backup_conf = False
      verbose = True
      compress = False
      include = ''
      exclude = ''
      old_backup_metadata = False
      scheduled_backup = <function scheduled_backup at 0x10c22fa60>
      exit_code = 0
      rollback_callback = None
      site = 'test-site.local'
  File "apps/frappe/frappe/utils/backups.py", line 568, in scheduled_backup
    return new_backup(
      older_than = 6
      ignore_files = True
      backup_path = None
      backup_path_db = None
      backup_path_files = None
      backup_path_private_files = None
      backup_path_conf = None
      ignore_conf = False
      include_doctypes = ''
      exclude_doctypes = ''
      compress = False
      force = True
      verbose = True
      old_backup_metadata = False
      rollback_callback = <frappe.utils.CallbackManager object at 0x10b8a9b70>
  File "apps/frappe/frappe/utils/backups.py", line 626, in new_backup
    odb.get_backup(older_than, ignore_files, force=force)
      older_than = 6
      ignore_files = True
      backup_path = None
      backup_path_db = None
      backup_path_files = None
      backup_path_private_files = None
      backup_path_conf = None
      ignore_conf = False
      include_doctypes = ''
      exclude_doctypes = ''
      compress = False
      force = True
      verbose = True
      old_backup_metadata = False
      rollback_callback = <frappe.utils.CallbackManager object at 0x10b8a9b70>
      odb = <frappe.utils.backups.BackupGenerator object at 0x10c423230>
  File "apps/frappe/frappe/utils/backups.py", line 195, in get_backup
    self.delete_if_step_fails(self.take_dump, self.backup_path_db)
      self = <frappe.utils.backups.BackupGenerator object at 0x10c423230>
      older_than = 6
      ignore_files = True
      force = True
      last_db = False
      last_file = False
      last_private_file = False
      site_config_backup_path = False
  File "apps/frappe/frappe/utils/backups.py", line 520, in delete_if_step_fails
    raise e
      self = <frappe.utils.backups.BackupGenerator object at 0x10c423230>
      step = <bound method BackupGenerator.take_dump of <frappe.utils.backups.BackupGenerator object at 0x10c423230>>
      paths = ('./test-site.local/private/backups/20251104_153002-test-site_local-database.sql.gz',)
      path = './test-site.local/private/backups/20251104_153002-test-site_local-database.sql.gz'
  File "apps/frappe/frappe/utils/backups.py", line 515, in delete_if_step_fails
    step()
      self = <frappe.utils.backups.BackupGenerator object at 0x10c423230>
      step = <bound method BackupGenerator.take_dump of <frappe.utils.backups.BackupGenerator object at 0x10c423230>>
      paths = ('./test-site.local/private/backups/20251104_153002-test-site_local-database.sql.gz',)
      path = './test-site.local/private/backups/20251104_153002-test-site_local-database.sql.gz'
  File "apps/frappe/frappe/utils/backups.py", line 457, in take_dump
    frappe.throw(
      self = <frappe.utils.backups.BackupGenerator object at 0x10c423230>
      shlex = <module 'shlex' from '/opt/homebrew/Cellar/python@3.13/3.13.1/Frameworks/Python.framework/Versions/3.13/lib/python3.13/shlex.py'>
      frappe = <module 'frappe' from 'apps/frappe/frappe/__init__.py'>
      get_app_branch = <function get_app_branch at 0x10c212ac0>
      gzip_exc = '/usr/bin/gzip'
      database_header_content = ['begin frappe metadata', '[frappe]', 'version = 15.87.0', 'branch = version-15', 'end frappe metadata', '']
      generated_header = '-- begin frappe metadata\n-- [frappe]\n-- version = 15.87.0\n-- branch = version-15\n-- end frappe metadata\n-- \n'
      f = <_io.TextIOWrapper name='./test-site.local/private/backups/20251104_153002-test-site_local-database.sql.gz' encoding='UTF-8'>
      cmd = []
      extra = []
      get_command = <function get_command at 0x10beffb00>
      bin = None
      args = ['--user=_537373b7e3047fb7', '--host=127.0.0.1', '--port=3306', '--password=U5hxfjpquKPDmY5A', '--single-transaction', '--quick', '--lock-tables=false', '_537373b7e3047fb7']
      bin_name = 'mariadb-dump'
  File "apps/frappe/frappe/__init__.py", line 609, in throw
    msgprint(
      msg = 'mariadb-dump not found in PATH! This is required to take a backup.'
      exc = <class 'frappe.exceptions.ExecutableNotFound'>
      title = None
      is_minimizable = False
      wide = False
      as_list = False
      primary_action = None
  File "apps/frappe/frappe/__init__.py", line 574, in msgprint
    _raise_exception()
      msg = 'mariadb-dump not found in PATH! This is required to take a backup.'
      title = None
      raise_exception = <class 'frappe.exceptions.ExecutableNotFound'>
      as_table = False
      as_list = False
      indicator = 'red'
      alert = False
      primary_action = None
      is_minimizable = False
      wide = False
      realtime = False
      sys = <module 'sys' (built-in)>
      _raise_exception = <function msgprint.<locals>._raise_exception at 0x10a0f9da0>
      inspect = <module 'inspect' from '/opt/homebrew/Cellar/python@3.13/3.13.1/Frameworks/Python.framework/Versions/3.13/lib/python3.13/inspect.py'>
      out = {'message': 'mariadb-dump not found in PATH! This is required to take a backup.', 'title': 'Message', 'indicator': 'red', 'raise_exception': 1, '__frappe_exc_id': '5eacc64c72d33280df54444afc21f91dc03f4ef4a06cd99e13d5e171'}
  File "apps/frappe/frappe/__init__.py", line 525, in _raise_exception
    raise exc
      exc = ExecutableNotFound('mariadb-dump not found in PATH! This is required to take a backup.')
      inspect = <module 'inspect' from '/opt/homebrew/Cellar/python@3.13/3.13.1/Frameworks/Python.framework/Versions/3.13/lib/python3.13/inspect.py'>
      msg = 'mariadb-dump not found in PATH! This is required to take a backup.'
      out = {'message': 'mariadb-dump not found in PATH! This is required to take a backup.', 'title': 'Message', 'indicator': 'red', 'raise_exception': 1, '__frappe_exc_id': '5eacc64c72d33280df54444afc21f91dc03f4ef4a06cd99e13d5e171'}
      raise_exception = <class 'frappe.exceptions.ExecutableNotFound'>
frappe.exceptions.ExecutableNotFound: mariadb-dump not found in PATH! This is required to take a backup.
Backup failed for Site vendor-qc.local. Database or site_config.json may be corrupted
Traceback with variables (most recent call last):
  File "apps/frappe/frappe/commands/site.py", line 845, in backup
    odb = scheduled_backup(
      context = {'sites': ['test-site.local', 'vendor-qc.local'], 'force': False, 'verbose': True, 'profile': False}
      with_files = False
      backup_path = None
      backup_path_db = None
      backup_path_files = None
      backup_path_private_files = None
      backup_path_conf = None
      ignore_backup_conf = False
      verbose = True
      compress = False
      include = ''
      exclude = ''
      old_backup_metadata = False
      scheduled_backup = <function scheduled_backup at 0x10c22fa60>
      exit_code = 1
      rollback_callback = None
      site = 'vendor-qc.local'
  File "apps/frappe/frappe/utils/backups.py", line 568, in scheduled_backup
    return new_backup(
      older_than = 6
      ignore_files = True
      backup_path = None
      backup_path_db = None
      backup_path_files = None
      backup_path_private_files = None
      backup_path_conf = None
      ignore_conf = False
      include_doctypes = ''
      exclude_doctypes = ''
      compress = False
      force = True
      verbose = True
      old_backup_metadata = False
      rollback_callback = <frappe.utils.CallbackManager object at 0x10c4b3fd0>
  File "apps/frappe/frappe/utils/backups.py", line 626, in new_backup
    odb.get_backup(older_than, ignore_files, force=force)
      older_than = 6
      ignore_files = True
      backup_path = None
      backup_path_db = None
      backup_path_files = None
      backup_path_private_files = None
      backup_path_conf = None
      ignore_conf = False
      include_doctypes = ''
      exclude_doctypes = ''
      compress = False
      force = True
      verbose = True
      old_backup_metadata = False
      rollback_callback = <frappe.utils.CallbackManager object at 0x10c4b3fd0>
      odb = <frappe.utils.backups.BackupGenerator object at 0x10c43afd0>
  File "apps/frappe/frappe/utils/backups.py", line 195, in get_backup
    self.delete_if_step_fails(self.take_dump, self.backup_path_db)
      self = <frappe.utils.backups.BackupGenerator object at 0x10c43afd0>
      older_than = 6
      ignore_files = True
      force = True
      last_db = False
      last_file = False
      last_private_file = False
      site_config_backup_path = False
  File "apps/frappe/frappe/utils/backups.py", line 520, in delete_if_step_fails
    raise e
      self = <frappe.utils.backups.BackupGenerator object at 0x10c43afd0>
      step = <bound method BackupGenerator.take_dump of <frappe.utils.backups.BackupGenerator object at 0x10c43afd0>>
      paths = ('./test-site.local/private/backups/20251104_153002-test-site_local-database.sql.gz',)
      path = './test-site.local/private/backups/20251104_153002-test-site_local-database.sql.gz'
  File "apps/frappe/frappe/utils/backups.py", line 515, in delete_if_step_fails
    step()
      self = <frappe.utils.backups.BackupGenerator object at 0x10c43afd0>
      step = <bound method BackupGenerator.take_dump of <frappe.utils.backups.BackupGenerator object at 0x10c43afd0>>
      paths = ('./test-site.local/private/backups/20251104_153002-test-site_local-database.sql.gz',)
      path = './test-site.local/private/backups/20251104_153002-test-site_local-database.sql.gz'
  File "apps/frappe/frappe/utils/backups.py", line 457, in take_dump
    frappe.throw(
      self = <frappe.utils.backups.BackupGenerator object at 0x10c43afd0>
      shlex = <module 'shlex' from '/opt/homebrew/Cellar/python@3.13/3.13.1/Frameworks/Python.framework/Versions/3.13/lib/python3.13/shlex.py'>
      frappe = <module 'frappe' from 'apps/frappe/frappe/__init__.py'>
      get_app_branch = <function get_app_branch at 0x10c212ac0>
      gzip_exc = '/usr/bin/gzip'
      database_header_content = ['begin frappe metadata', '[frappe]', 'version = 15.87.0', 'branch = version-15', 'end frappe metadata', '']
      generated_header = '-- begin frappe metadata\n-- [frappe]\n-- version = 15.87.0\n-- branch = version-15\n-- end frappe metadata\n-- \n'
      f = <_io.TextIOWrapper name='./test-site.local/private/backups/20251104_153002-test-site_local-database.sql.gz' encoding='UTF-8'>
      cmd = []
      extra = []
      get_command = <function get_command at 0x10beffb00>
      bin = None
      args = ['--user=_537373b7e3047fb7', '--host=127.0.0.1', '--port=3306', '--password=U5hxfjpquKPDmY5A', '--single-transaction', '--quick', '--lock-tables=false', '_537373b7e3047fb7']
      bin_name = 'mariadb-dump'
  File "apps/frappe/frappe/__init__.py", line 609, in throw
    msgprint(
      msg = 'mariadb-dump not found in PATH! This is required to take a backup.'
      exc = <class 'frappe.exceptions.ExecutableNotFound'>
      title = None
      is_minimizable = False
      wide = False
      as_list = False
      primary_action = None
  File "apps/frappe/frappe/__init__.py", line 574, in msgprint
    _raise_exception()
      msg = 'mariadb-dump not found in PATH! This is required to take a backup.'
      title = None
      raise_exception = <class 'frappe.exceptions.ExecutableNotFound'>
      as_table = False
      as_list = False
      indicator = 'red'
      alert = False
      primary_action = None
      is_minimizable = False
      wide = False
      realtime = False
      sys = <module 'sys' (built-in)>
      _raise_exception = <function msgprint.<locals>._raise_exception at 0x10c512980>
      inspect = <module 'inspect' from '/opt/homebrew/Cellar/python@3.13/3.13.1/Frameworks/Python.framework/Versions/3.13/lib/python3.13/inspect.py'>
      out = {'message': 'mariadb-dump not found in PATH! This is required to take a backup.', 'title': 'Message', 'indicator': 'red', 'raise_exception': 1, '__frappe_exc_id': '9ff1cc86afd6c8373aaa981cea981c6ca46705f74a42e1d13af2009b'}
  File "apps/frappe/frappe/__init__.py", line 525, in _raise_exception
    raise exc
      exc = ExecutableNotFound('mariadb-dump not found in PATH! This is required to take a backup.')
      inspect = <module 'inspect' from '/opt/homebrew/Cellar/python@3.13/3.13.1/Frameworks/Python.framework/Versions/3.13/lib/python3.13/inspect.py'>
      msg = 'mariadb-dump not found in PATH! This is required to take a backup.'
      out = {'message': 'mariadb-dump not found in PATH! This is required to take a backup.', 'title': 'Message', 'indicator': 'red', 'raise_exception': 1, '__frappe_exc_id': '9ff1cc86afd6c8373aaa981cea981c6ca46705f74a42e1d13af2009b'}
      raise_exception = <class 'frappe.exceptions.ExecutableNotFound'>
frappe.exceptions.ExecutableNotFound: mariadb-dump not found in PATH! This is required to take a backup.
Backup failed for Site test-site.local. Database or site_config.json may be corrupted
Traceback with variables (most recent call last):
  File "apps/frappe/frappe/commands/site.py", line 845, in backup
    odb = scheduled_backup(
      context = {'sites': ['test-site.local', 'vendor-qc.local'], 'force': False, 'verbose': True, 'profile': False}
      with_files = False
      backup_path = None
      backup_path_db = None
      backup_path_files = None
      backup_path_private_files = None
      backup_path_conf = None
      ignore_backup_conf = False
      verbose = True
      compress = False
      include = ''
      exclude = ''
      old_backup_metadata = False
      scheduled_backup = <function scheduled_backup at 0x10c0dfa60>
      exit_code = 0
      rollback_callback = None
      site = 'test-site.local'
  File "apps/frappe/frappe/utils/backups.py", line 568, in scheduled_backup
    return new_backup(
      older_than = 6
      ignore_files = True
      backup_path = None
      backup_path_db = None
      backup_path_files = None
      backup_path_private_files = None
      backup_path_conf = None
      ignore_conf = False
      include_doctypes = ''
      exclude_doctypes = ''
      compress = False
      force = True
      verbose = True
      old_backup_metadata = False
      rollback_callback = <frappe.utils.CallbackManager object at 0x10c2ec0a0>
  File "apps/frappe/frappe/utils/backups.py", line 626, in new_backup
    odb.get_backup(older_than, ignore_files, force=force)
      older_than = 6
      ignore_files = True
      backup_path = None
      backup_path_db = None
      backup_path_files = None
      backup_path_private_files = None
      backup_path_conf = None
      ignore_conf = False
      include_doctypes = ''
      exclude_doctypes = ''
      compress = False
      force = True
      verbose = True
      old_backup_metadata = False
      rollback_callback = <frappe.utils.CallbackManager object at 0x10c2ec0a0>
      odb = <frappe.utils.backups.BackupGenerator object at 0x10c26b230>
  File "apps/frappe/frappe/utils/backups.py", line 195, in get_backup
    self.delete_if_step_fails(self.take_dump, self.backup_path_db)
      self = <frappe.utils.backups.BackupGenerator object at 0x10c26b230>
      older_than = 6
      ignore_files = True
      force = True
      last_db = False
      last_file = False
      last_private_file = False
      site_config_backup_path = False
  File "apps/frappe/frappe/utils/backups.py", line 520, in delete_if_step_fails
    raise e
      self = <frappe.utils.backups.BackupGenerator object at 0x10c26b230>
      step = <bound method BackupGenerator.take_dump of <frappe.utils.backups.BackupGenerator object at 0x10c26b230>>
      paths = ('./test-site.local/private/backups/20251104_213002-test-site_local-database.sql.gz',)
      path = './test-site.local/private/backups/20251104_213002-test-site_local-database.sql.gz'
  File "apps/frappe/frappe/utils/backups.py", line 515, in delete_if_step_fails
    step()
      self = <frappe.utils.backups.BackupGenerator object at 0x10c26b230>
      step = <bound method BackupGenerator.take_dump of <frappe.utils.backups.BackupGenerator object at 0x10c26b230>>
      paths = ('./test-site.local/private/backups/20251104_213002-test-site_local-database.sql.gz',)
      path = './test-site.local/private/backups/20251104_213002-test-site_local-database.sql.gz'
  File "apps/frappe/frappe/utils/backups.py", line 457, in take_dump
    frappe.throw(
      self = <frappe.utils.backups.BackupGenerator object at 0x10c26b230>
      shlex = <module 'shlex' from '/opt/homebrew/Cellar/python@3.13/3.13.1/Frameworks/Python.framework/Versions/3.13/lib/python3.13/shlex.py'>
      frappe = <module 'frappe' from 'apps/frappe/frappe/__init__.py'>
      get_app_branch = <function get_app_branch at 0x10c0c2ac0>
      gzip_exc = '/usr/bin/gzip'
      database_header_content = ['begin frappe metadata', '[frappe]', 'version = 15.87.0', 'branch = version-15', 'end frappe metadata', '']
      generated_header = '-- begin frappe metadata\n-- [frappe]\n-- version = 15.87.0\n-- branch = version-15\n-- end frappe metadata\n-- \n'
      f = <_io.TextIOWrapper name='./test-site.local/private/backups/20251104_213002-test-site_local-database.sql.gz' encoding='UTF-8'>
      cmd = []
      extra = []
      get_command = <function get_command at 0x10bcf7b00>
      bin = None
      args = ['--user=_537373b7e3047fb7', '--host=127.0.0.1', '--port=3306', '--password=U5hxfjpquKPDmY5A', '--single-transaction', '--quick', '--lock-tables=false', '_537373b7e3047fb7']
      bin_name = 'mariadb-dump'
  File "apps/frappe/frappe/__init__.py", line 609, in throw
    msgprint(
      msg = 'mariadb-dump not found in PATH! This is required to take a backup.'
      exc = <class 'frappe.exceptions.ExecutableNotFound'>
      title = None
      is_minimizable = False
      wide = False
      as_list = False
      primary_action = None
  File "apps/frappe/frappe/__init__.py", line 574, in msgprint
    _raise_exception()
      msg = 'mariadb-dump not found in PATH! This is required to take a backup.'
      title = None
      raise_exception = <class 'frappe.exceptions.ExecutableNotFound'>
      as_table = False
      as_list = False
      indicator = 'red'
      alert = False
      primary_action = None
      is_minimizable = False
      wide = False
      realtime = False
      sys = <module 'sys' (built-in)>
      _raise_exception = <function msgprint.<locals>._raise_exception at 0x109f45da0>
      inspect = <module 'inspect' from '/opt/homebrew/Cellar/python@3.13/3.13.1/Frameworks/Python.framework/Versions/3.13/lib/python3.13/inspect.py'>
      out = {'message': 'mariadb-dump not found in PATH! This is required to take a backup.', 'title': 'Message', 'indicator': 'red', 'raise_exception': 1, '__frappe_exc_id': '75c1b1cc0ef6a4fd7a0c3f83d86ffba2810cde33912b8fdd54e91e90'}
  File "apps/frappe/frappe/__init__.py", line 525, in _raise_exception
    raise exc
      exc = ExecutableNotFound('mariadb-dump not found in PATH! This is required to take a backup.')
      inspect = <module 'inspect' from '/opt/homebrew/Cellar/python@3.13/3.13.1/Frameworks/Python.framework/Versions/3.13/lib/python3.13/inspect.py'>
      msg = 'mariadb-dump not found in PATH! This is required to take a backup.'
      out = {'message': 'mariadb-dump not found in PATH! This is required to take a backup.', 'title': 'Message', 'indicator': 'red', 'raise_exception': 1, '__frappe_exc_id': '75c1b1cc0ef6a4fd7a0c3f83d86ffba2810cde33912b8fdd54e91e90'}
      raise_exception = <class 'frappe.exceptions.ExecutableNotFound'>
frappe.exceptions.ExecutableNotFound: mariadb-dump not found in PATH! This is required to take a backup.
Backup failed for Site vendor-qc.local. Database or site_config.json may be corrupted
Traceback with variables (most recent call last):
  File "apps/frappe/frappe/commands/site.py", line 845, in backup
    odb = scheduled_backup(
      context = {'sites': ['test-site.local', 'vendor-qc.local'], 'force': False, 'verbose': True, 'profile': False}
      with_files = False
      backup_path = None
      backup_path_db = None
      backup_path_files = None
      backup_path_private_files = None
      backup_path_conf = None
      ignore_backup_conf = False
      verbose = True
      compress = False
      include = ''
      exclude = ''
      old_backup_metadata = False
      scheduled_backup = <function scheduled_backup at 0x10c0dfa60>
      exit_code = 1
      rollback_callback = None
      site = 'vendor-qc.local'
  File "apps/frappe/frappe/utils/backups.py", line 568, in scheduled_backup
    return new_backup(
      older_than = 6
      ignore_files = True
      backup_path = None
      backup_path_db = None
      backup_path_files = None
      backup_path_private_files = None
      backup_path_conf = None
      ignore_conf = False
      include_doctypes = ''
      exclude_doctypes = ''
      compress = False
      force = True
      verbose = True
      old_backup_metadata = False
      rollback_callback = <frappe.utils.CallbackManager object at 0x10bbe99f0>
  File "apps/frappe/frappe/utils/backups.py", line 626, in new_backup
    odb.get_backup(older_than, ignore_files, force=force)
      older_than = 6
      ignore_files = True
      backup_path = None
      backup_path_db = None
      backup_path_files = None
      backup_path_private_files = None
      backup_path_conf = None
      ignore_conf = False
      include_doctypes = ''
      exclude_doctypes = ''
      compress = False
      force = True
      verbose = True
      old_backup_metadata = False
      rollback_callback = <frappe.utils.CallbackManager object at 0x10bbe99f0>
      odb = <frappe.utils.backups.BackupGenerator object at 0x10c282fd0>
  File "apps/frappe/frappe/utils/backups.py", line 195, in get_backup
    self.delete_if_step_fails(self.take_dump, self.backup_path_db)
      self = <frappe.utils.backups.BackupGenerator object at 0x10c282fd0>
      older_than = 6
      ignore_files = True
      force = True
      last_db = False
      last_file = False
      last_private_file = False
      site_config_backup_path = False
  File "apps/frappe/frappe/utils/backups.py", line 520, in delete_if_step_fails
    raise e
      self = <frappe.utils.backups.BackupGenerator object at 0x10c282fd0>
      step = <bound method BackupGenerator.take_dump of <frappe.utils.backups.BackupGenerator object at 0x10c282fd0>>
      paths = ('./test-site.local/private/backups/20251104_213002-test-site_local-database.sql.gz',)
      path = './test-site.local/private/backups/20251104_213002-test-site_local-database.sql.gz'
  File "apps/frappe/frappe/utils/backups.py", line 515, in delete_if_step_fails
    step()
      self = <frappe.utils.backups.BackupGenerator object at 0x10c282fd0>
      step = <bound method BackupGenerator.take_dump of <frappe.utils.backups.BackupGenerator object at 0x10c282fd0>>
      paths = ('./test-site.local/private/backups/20251104_213002-test-site_local-database.sql.gz',)
      path = './test-site.local/private/backups/20251104_213002-test-site_local-database.sql.gz'
  File "apps/frappe/frappe/utils/backups.py", line 457, in take_dump
    frappe.throw(
      self = <frappe.utils.backups.BackupGenerator object at 0x10c282fd0>
      shlex = <module 'shlex' from '/opt/homebrew/Cellar/python@3.13/3.13.1/Frameworks/Python.framework/Versions/3.13/lib/python3.13/shlex.py'>
      frappe = <module 'frappe' from 'apps/frappe/frappe/__init__.py'>
      get_app_branch = <function get_app_branch at 0x10c0c2ac0>
      gzip_exc = '/usr/bin/gzip'
      database_header_content = ['begin frappe metadata', '[frappe]', 'version = 15.87.0', 'branch = version-15', 'end frappe metadata', '']
      generated_header = '-- begin frappe metadata\n-- [frappe]\n-- version = 15.87.0\n-- branch = version-15\n-- end frappe metadata\n-- \n'
      f = <_io.TextIOWrapper name='./test-site.local/private/backups/20251104_213002-test-site_local-database.sql.gz' encoding='UTF-8'>
      cmd = []
      extra = []
      get_command = <function get_command at 0x10bcf7b00>
      bin = None
      args = ['--user=_537373b7e3047fb7', '--host=127.0.0.1', '--port=3306', '--password=U5hxfjpquKPDmY5A', '--single-transaction', '--quick', '--lock-tables=false', '_537373b7e3047fb7']
      bin_name = 'mariadb-dump'
  File "apps/frappe/frappe/__init__.py", line 609, in throw
    msgprint(
      msg = 'mariadb-dump not found in PATH! This is required to take a backup.'
      exc = <class 'frappe.exceptions.ExecutableNotFound'>
      title = None
      is_minimizable = False
      wide = False
      as_list = False
      primary_action = None
  File "apps/frappe/frappe/__init__.py", line 574, in msgprint
    _raise_exception()
      msg = 'mariadb-dump not found in PATH! This is required to take a backup.'
      title = None
      raise_exception = <class 'frappe.exceptions.ExecutableNotFound'>
      as_table = False
      as_list = False
      indicator = 'red'
      alert = False
      primary_action = None
      is_minimizable = False
      wide = False
      realtime = False
      sys = <module 'sys' (built-in)>
      _raise_exception = <function msgprint.<locals>._raise_exception at 0x10c35a980>
      inspect = <module 'inspect' from '/opt/homebrew/Cellar/python@3.13/3.13.1/Frameworks/Python.framework/Versions/3.13/lib/python3.13/inspect.py'>
      out = {'message': 'mariadb-dump not found in PATH! This is required to take a backup.', 'title': 'Message', 'indicator': 'red', 'raise_exception': 1, '__frappe_exc_id': '960a03a5f152d2653c01f215cbbd97b8f3eb360c65a02e0c6e21c68d'}
  File "apps/frappe/frappe/__init__.py", line 525, in _raise_exception
    raise exc
      exc = ExecutableNotFound('mariadb-dump not found in PATH! This is required to take a backup.')
      inspect = <module 'inspect' from '/opt/homebrew/Cellar/python@3.13/3.13.1/Frameworks/Python.framework/Versions/3.13/lib/python3.13/inspect.py'>
      msg = 'mariadb-dump not found in PATH! This is required to take a backup.'
      out = {'message': 'mariadb-dump not found in PATH! This is required to take a backup.', 'title': 'Message', 'indicator': 'red', 'raise_exception': 1, '__frappe_exc_id': '960a03a5f152d2653c01f215cbbd97b8f3eb360c65a02e0c6e21c68d'}
      raise_exception = <class 'frappe.exceptions.ExecutableNotFound'>
frappe.exceptions.ExecutableNotFound: mariadb-dump not found in PATH! This is required to take a backup.
Backup failed for Site test-site.local. Database or site_config.json may be corrupted
Traceback with variables (most recent call last):
  File "apps/frappe/frappe/commands/site.py", line 845, in backup
    odb = scheduled_backup(
      context = {'sites': ['test-site.local', 'vendor-qc.local'], 'force': False, 'verbose': True, 'profile': False}
      with_files = False
      backup_path = None
      backup_path_db = None
      backup_path_files = None
      backup_path_private_files = None
      backup_path_conf = None
      ignore_backup_conf = False
      verbose = True
      compress = False
      include = ''
      exclude = ''
      old_backup_metadata = False
      scheduled_backup = <function scheduled_backup at 0x107feba60>
      exit_code = 0
      rollback_callback = None
      site = 'test-site.local'
  File "apps/frappe/frappe/utils/backups.py", line 568, in scheduled_backup
    return new_backup(
      older_than = 6
      ignore_files = True
      backup_path = None
      backup_path_db = None
      backup_path_files = None
      backup_path_private_files = None
      backup_path_conf = None
      ignore_conf = False
      include_doctypes = ''
      exclude_doctypes = ''
      compress = False
      force = True
      verbose = True
      old_backup_metadata = False
      rollback_callback = <frappe.utils.CallbackManager object at 0x10823bf10>
  File "apps/frappe/frappe/utils/backups.py", line 626, in new_backup
    odb.get_backup(older_than, ignore_files, force=force)
      older_than = 6
      ignore_files = True
      backup_path = None
      backup_path_db = None
      backup_path_files = None
      backup_path_private_files = None
      backup_path_conf = None
      ignore_conf = False
      include_doctypes = ''
      exclude_doctypes = ''
      compress = False
      force = True
      verbose = True
      old_backup_metadata = False
      rollback_callback = <frappe.utils.CallbackManager object at 0x10823bf10>
      odb = <frappe.utils.backups.BackupGenerator object at 0x1081df230>
  File "apps/frappe/frappe/utils/backups.py", line 195, in get_backup
    self.delete_if_step_fails(self.take_dump, self.backup_path_db)
      self = <frappe.utils.backups.BackupGenerator object at 0x1081df230>
      older_than = 6
      ignore_files = True
      force = True
      last_db = False
      last_file = False
      last_private_file = False
      site_config_backup_path = False
  File "apps/frappe/frappe/utils/backups.py", line 520, in delete_if_step_fails
    raise e
      self = <frappe.utils.backups.BackupGenerator object at 0x1081df230>
      step = <bound method BackupGenerator.take_dump of <frappe.utils.backups.BackupGenerator object at 0x1081df230>>
      paths = ('./test-site.local/private/backups/20251105_033002-test-site_local-database.sql.gz',)
      path = './test-site.local/private/backups/20251105_033002-test-site_local-database.sql.gz'
  File "apps/frappe/frappe/utils/backups.py", line 515, in delete_if_step_fails
    step()
      self = <frappe.utils.backups.BackupGenerator object at 0x1081df230>
      step = <bound method BackupGenerator.take_dump of <frappe.utils.backups.BackupGenerator object at 0x1081df230>>
      paths = ('./test-site.local/private/backups/20251105_033002-test-site_local-database.sql.gz',)
      path = './test-site.local/private/backups/20251105_033002-test-site_local-database.sql.gz'
  File "apps/frappe/frappe/utils/backups.py", line 457, in take_dump
    frappe.throw(
      self = <frappe.utils.backups.BackupGenerator object at 0x1081df230>
      shlex = <module 'shlex' from '/opt/homebrew/Cellar/python@3.13/3.13.1/Frameworks/Python.framework/Versions/3.13/lib/python3.13/shlex.py'>
      frappe = <module 'frappe' from 'apps/frappe/frappe/__init__.py'>
      get_app_branch = <function get_app_branch at 0x107fceac0>
      gzip_exc = '/usr/bin/gzip'
      database_header_content = ['begin frappe metadata', '[frappe]', 'version = 15.87.0', 'branch = version-15', 'end frappe metadata', '']
      generated_header = '-- begin frappe metadata\n-- [frappe]\n-- version = 15.87.0\n-- branch = version-15\n-- end frappe metadata\n-- \n'
      f = <_io.TextIOWrapper name='./test-site.local/private/backups/20251105_033002-test-site_local-database.sql.gz' encoding='UTF-8'>
      cmd = []
      extra = []
      get_command = <function get_command at 0x107cbbb00>
      bin = None
      args = ['--user=_537373b7e3047fb7', '--host=127.0.0.1', '--port=3306', '--password=U5hxfjpquKPDmY5A', '--single-transaction', '--quick', '--lock-tables=false', '_537373b7e3047fb7']
      bin_name = 'mariadb-dump'
  File "apps/frappe/frappe/__init__.py", line 609, in throw
    msgprint(
      msg = 'mariadb-dump not found in PATH! This is required to take a backup.'
      exc = <class 'frappe.exceptions.ExecutableNotFound'>
      title = None
      is_minimizable = False
      wide = False
      as_list = False
      primary_action = None
  File "apps/frappe/frappe/__init__.py", line 574, in msgprint
    _raise_exception()
      msg = 'mariadb-dump not found in PATH! This is required to take a backup.'
      title = None
      raise_exception = <class 'frappe.exceptions.ExecutableNotFound'>
      as_table = False
      as_list = False
      indicator = 'red'
      alert = False
      primary_action = None
      is_minimizable = False
      wide = False
      realtime = False
      sys = <module 'sys' (built-in)>
      _raise_exception = <function msgprint.<locals>._raise_exception at 0x105ee5da0>
      inspect = <module 'inspect' from '/opt/homebrew/Cellar/python@3.13/3.13.1/Frameworks/Python.framework/Versions/3.13/lib/python3.13/inspect.py'>
      out = {'message': 'mariadb-dump not found in PATH! This is required to take a backup.', 'title': 'Message', 'indicator': 'red', 'raise_exception': 1, '__frappe_exc_id': '1e1cc0e5ad1bf981e1aeebe2f4b4bda8d8d94d6bd858746695fa816d'}
  File "apps/frappe/frappe/__init__.py", line 525, in _raise_exception
    raise exc
      exc = ExecutableNotFound('mariadb-dump not found in PATH! This is required to take a backup.')
      inspect = <module 'inspect' from '/opt/homebrew/Cellar/python@3.13/3.13.1/Frameworks/Python.framework/Versions/3.13/lib/python3.13/inspect.py'>
      msg = 'mariadb-dump not found in PATH! This is required to take a backup.'
      out = {'message': 'mariadb-dump not found in PATH! This is required to take a backup.', 'title': 'Message', 'indicator': 'red', 'raise_exception': 1, '__frappe_exc_id': '1e1cc0e5ad1bf981e1aeebe2f4b4bda8d8d94d6bd858746695fa816d'}
      raise_exception = <class 'frappe.exceptions.ExecutableNotFound'>
frappe.exceptions.ExecutableNotFound: mariadb-dump not found in PATH! This is required to take a backup.
Backup failed for Site vendor-qc.local. Database or site_config.json may be corrupted
Traceback with variables (most recent call last):
  File "apps/frappe/frappe/commands/site.py", line 845, in backup
    odb = scheduled_backup(
      context = {'sites': ['test-site.local', 'vendor-qc.local'], 'force': False, 'verbose': True, 'profile': False}
      with_files = False
      backup_path = None
      backup_path_db = None
      backup_path_files = None
      backup_path_private_files = None
      backup_path_conf = None
      ignore_backup_conf = False
      verbose = True
      compress = False
      include = ''
      exclude = ''
      old_backup_metadata = False
      scheduled_backup = <function scheduled_backup at 0x107feba60>
      exit_code = 1
      rollback_callback = None
      site = 'vendor-qc.local'
  File "apps/frappe/frappe/utils/backups.py", line 568, in scheduled_backup
    return new_backup(
      older_than = 6
      ignore_files = True
      backup_path = None
      backup_path_db = None
      backup_path_files = None
      backup_path_private_files = None
      backup_path_conf = None
      ignore_conf = False
      include_doctypes = ''
      exclude_doctypes = ''
      compress = False
      force = True
      verbose = True
      old_backup_metadata = False
      rollback_callback = <frappe.utils.CallbackManager object at 0x107d018a0>
  File "apps/frappe/frappe/utils/backups.py", line 626, in new_backup
    odb.get_backup(older_than, ignore_files, force=force)
      older_than = 6
      ignore_files = True
      backup_path = None
      backup_path_db = None
      backup_path_files = None
      backup_path_private_files = None
      backup_path_conf = None
      ignore_conf = False
      include_doctypes = ''
      exclude_doctypes = ''
      compress = False
      force = True
      verbose = True
      old_backup_metadata = False
      rollback_callback = <frappe.utils.CallbackManager object at 0x107d018a0>
      odb = <frappe.utils.backups.BackupGenerator object at 0x1081f6fd0>
  File "apps/frappe/frappe/utils/backups.py", line 195, in get_backup
    self.delete_if_step_fails(self.take_dump, self.backup_path_db)
      self = <frappe.utils.backups.BackupGenerator object at 0x1081f6fd0>
      older_than = 6
      ignore_files = True
      force = True
      last_db = False
      last_file = False
      last_private_file = False
      site_config_backup_path = False
  File "apps/frappe/frappe/utils/backups.py", line 520, in delete_if_step_fails
    raise e
      self = <frappe.utils.backups.BackupGenerator object at 0x1081f6fd0>
      step = <bound method BackupGenerator.take_dump of <frappe.utils.backups.BackupGenerator object at 0x1081f6fd0>>
      paths = ('./test-site.local/private/backups/20251105_033002-test-site_local-database.sql.gz',)
      path = './test-site.local/private/backups/20251105_033002-test-site_local-database.sql.gz'
  File "apps/frappe/frappe/utils/backups.py", line 515, in delete_if_step_fails
    step()
      self = <frappe.utils.backups.BackupGenerator object at 0x1081f6fd0>
      step = <bound method BackupGenerator.take_dump of <frappe.utils.backups.BackupGenerator object at 0x1081f6fd0>>
      paths = ('./test-site.local/private/backups/20251105_033002-test-site_local-database.sql.gz',)
      path = './test-site.local/private/backups/20251105_033002-test-site_local-database.sql.gz'
  File "apps/frappe/frappe/utils/backups.py", line 457, in take_dump
    frappe.throw(
      self = <frappe.utils.backups.BackupGenerator object at 0x1081f6fd0>
      shlex = <module 'shlex' from '/opt/homebrew/Cellar/python@3.13/3.13.1/Frameworks/Python.framework/Versions/3.13/lib/python3.13/shlex.py'>
      frappe = <module 'frappe' from 'apps/frappe/frappe/__init__.py'>
      get_app_branch = <function get_app_branch at 0x107fceac0>
      gzip_exc = '/usr/bin/gzip'
      database_header_content = ['begin frappe metadata', '[frappe]', 'version = 15.87.0', 'branch = version-15', 'end frappe metadata', '']
      generated_header = '-- begin frappe metadata\n-- [frappe]\n-- version = 15.87.0\n-- branch = version-15\n-- end frappe metadata\n-- \n'
      f = <_io.TextIOWrapper name='./test-site.local/private/backups/20251105_033002-test-site_local-database.sql.gz' encoding='UTF-8'>
      cmd = []
      extra = []
      get_command = <function get_command at 0x107cbbb00>
      bin = None
      args = ['--user=_537373b7e3047fb7', '--host=127.0.0.1', '--port=3306', '--password=U5hxfjpquKPDmY5A', '--single-transaction', '--quick', '--lock-tables=false', '_537373b7e3047fb7']
      bin_name = 'mariadb-dump'
  File "apps/frappe/frappe/__init__.py", line 609, in throw
    msgprint(
      msg = 'mariadb-dump not found in PATH! This is required to take a backup.'
      exc = <class 'frappe.exceptions.ExecutableNotFound'>
      title = None
      is_minimizable = False
      wide = False
      as_list = False
      primary_action = None
  File "apps/frappe/frappe/__init__.py", line 574, in msgprint
    _raise_exception()
      msg = 'mariadb-dump not found in PATH! This is required to take a backup.'
      title = None
      raise_exception = <class 'frappe.exceptions.ExecutableNotFound'>
      as_table = False
      as_list = False
      indicator = 'red'
      alert = False
      primary_action = None
      is_minimizable = False
      wide = False
      realtime = False
      sys = <module 'sys' (built-in)>
      _raise_exception = <function msgprint.<locals>._raise_exception at 0x1082ce980>
      inspect = <module 'inspect' from '/opt/homebrew/Cellar/python@3.13/3.13.1/Frameworks/Python.framework/Versions/3.13/lib/python3.13/inspect.py'>
      out = {'message': 'mariadb-dump not found in PATH! This is required to take a backup.', 'title': 'Message', 'indicator': 'red', 'raise_exception': 1, '__frappe_exc_id': 'd824ea87c0e9238d452b57faf58cf2b59fb57380e8d1877a17d7415f'}
  File "apps/frappe/frappe/__init__.py", line 525, in _raise_exception
    raise exc
      exc = ExecutableNotFound('mariadb-dump not found in PATH! This is required to take a backup.')
      inspect = <module 'inspect' from '/opt/homebrew/Cellar/python@3.13/3.13.1/Frameworks/Python.framework/Versions/3.13/lib/python3.13/inspect.py'>
      msg = 'mariadb-dump not found in PATH! This is required to take a backup.'
      out = {'message': 'mariadb-dump not found in PATH! This is required to take a backup.', 'title': 'Message', 'indicator': 'red', 'raise_exception': 1, '__frappe_exc_id': 'd824ea87c0e9238d452b57faf58cf2b59fb57380e8d1877a17d7415f'}
      raise_exception = <class 'frappe.exceptions.ExecutableNotFound'>
frappe.exceptions.ExecutableNotFound: mariadb-dump not found in PATH! This is required to take a backup.
Backup failed for Site test-site.local. Database or site_config.json may be corrupted
Traceback with variables (most recent call last):
  File "apps/frappe/frappe/commands/site.py", line 845, in backup
    odb = scheduled_backup(
      context = {'sites': ['test-site.local', 'vendor-qc.local'], 'force': False, 'verbose': True, 'profile': False}
      with_files = False
      backup_path = None
      backup_path_db = None
      backup_path_files = None
      backup_path_private_files = None
      backup_path_conf = None
      ignore_backup_conf = False
      verbose = True
      compress = False
      include = ''
      exclude = ''
      old_backup_metadata = False
      scheduled_backup = <function scheduled_backup at 0x10a32fa60>
      exit_code = 0
      rollback_callback = None
      site = 'test-site.local'
  File "apps/frappe/frappe/utils/backups.py", line 568, in scheduled_backup
    return new_backup(
      older_than = 6
      ignore_files = True
      backup_path = None
      backup_path_db = None
      backup_path_files = None
      backup_path_private_files = None
      backup_path_conf = None
      ignore_conf = False
      include_doctypes = ''
      exclude_doctypes = ''
      compress = False
      force = True
      verbose = True
      old_backup_metadata = False
      rollback_callback = <frappe.utils.CallbackManager object at 0x10a5a40a0>
  File "apps/frappe/frappe/utils/backups.py", line 626, in new_backup
    odb.get_backup(older_than, ignore_files, force=force)
      older_than = 6
      ignore_files = True
      backup_path = None
      backup_path_db = None
      backup_path_files = None
      backup_path_private_files = None
      backup_path_conf = None
      ignore_conf = False
      include_doctypes = ''
      exclude_doctypes = ''
      compress = False
      force = True
      verbose = True
      old_backup_metadata = False
      rollback_callback = <frappe.utils.CallbackManager object at 0x10a5a40a0>
      odb = <frappe.utils.backups.BackupGenerator object at 0x10a523230>
  File "apps/frappe/frappe/utils/backups.py", line 195, in get_backup
    self.delete_if_step_fails(self.take_dump, self.backup_path_db)
      self = <frappe.utils.backups.BackupGenerator object at 0x10a523230>
      older_than = 6
      ignore_files = True
      force = True
      last_db = False
      last_file = False
      last_private_file = False
      site_config_backup_path = False
  File "apps/frappe/frappe/utils/backups.py", line 520, in delete_if_step_fails
    raise e
      self = <frappe.utils.backups.BackupGenerator object at 0x10a523230>
      step = <bound method BackupGenerator.take_dump of <frappe.utils.backups.BackupGenerator object at 0x10a523230>>
      paths = ('./test-site.local/private/backups/20251105_213001-test-site_local-database.sql.gz',)
      path = './test-site.local/private/backups/20251105_213001-test-site_local-database.sql.gz'
  File "apps/frappe/frappe/utils/backups.py", line 515, in delete_if_step_fails
    step()
      self = <frappe.utils.backups.BackupGenerator object at 0x10a523230>
      step = <bound method BackupGenerator.take_dump of <frappe.utils.backups.BackupGenerator object at 0x10a523230>>
      paths = ('./test-site.local/private/backups/20251105_213001-test-site_local-database.sql.gz',)
      path = './test-site.local/private/backups/20251105_213001-test-site_local-database.sql.gz'
  File "apps/frappe/frappe/utils/backups.py", line 457, in take_dump
    frappe.throw(
      self = <frappe.utils.backups.BackupGenerator object at 0x10a523230>
      shlex = <module 'shlex' from '/opt/homebrew/Cellar/python@3.13/3.13.1/Frameworks/Python.framework/Versions/3.13/lib/python3.13/shlex.py'>
      frappe = <module 'frappe' from 'apps/frappe/frappe/__init__.py'>
      get_app_branch = <function get_app_branch at 0x10a312ac0>
      gzip_exc = '/usr/bin/gzip'
      database_header_content = ['begin frappe metadata', '[frappe]', 'version = 15.87.0', 'branch = version-15', 'end frappe metadata', '']
      generated_header = '-- begin frappe metadata\n-- [frappe]\n-- version = 15.87.0\n-- branch = version-15\n-- end frappe metadata\n-- \n'
      f = <_io.TextIOWrapper name='./test-site.local/private/backups/20251105_213001-test-site_local-database.sql.gz' encoding='UTF-8'>
      cmd = []
      extra = []
      get_command = <function get_command at 0x109fffb00>
      bin = None
      args = ['--user=_537373b7e3047fb7', '--host=127.0.0.1', '--port=3306', '--password=U5hxfjpquKPDmY5A', '--single-transaction', '--quick', '--lock-tables=false', '_537373b7e3047fb7']
      bin_name = 'mariadb-dump'
  File "apps/frappe/frappe/__init__.py", line 609, in throw
    msgprint(
      msg = 'mariadb-dump not found in PATH! This is required to take a backup.'
      exc = <class 'frappe.exceptions.ExecutableNotFound'>
      title = None
      is_minimizable = False
      wide = False
      as_list = False
      primary_action = None
  File "apps/frappe/frappe/__init__.py", line 574, in msgprint
    _raise_exception()
      msg = 'mariadb-dump not found in PATH! This is required to take a backup.'
      title = None
      raise_exception = <class 'frappe.exceptions.ExecutableNotFound'>
      as_table = False
      as_list = False
      indicator = 'red'
      alert = False
      primary_action = None
      is_minimizable = False
      wide = False
      realtime = False
      sys = <module 'sys' (built-in)>
      _raise_exception = <function msgprint.<locals>._raise_exception at 0x10824dda0>
      inspect = <module 'inspect' from '/opt/homebrew/Cellar/python@3.13/3.13.1/Frameworks/Python.framework/Versions/3.13/lib/python3.13/inspect.py'>
      out = {'message': 'mariadb-dump not found in PATH! This is required to take a backup.', 'title': 'Message', 'indicator': 'red', 'raise_exception': 1, '__frappe_exc_id': '03459c5d1f91b4e0f1693d477476b55bb12aee578818f639cb2eeded'}
  File "apps/frappe/frappe/__init__.py", line 525, in _raise_exception
    raise exc
      exc = ExecutableNotFound('mariadb-dump not found in PATH! This is required to take a backup.')
      inspect = <module 'inspect' from '/opt/homebrew/Cellar/python@3.13/3.13.1/Frameworks/Python.framework/Versions/3.13/lib/python3.13/inspect.py'>
      msg = 'mariadb-dump not found in PATH! This is required to take a backup.'
      out = {'message': 'mariadb-dump not found in PATH! This is required to take a backup.', 'title': 'Message', 'indicator': 'red', 'raise_exception': 1, '__frappe_exc_id': '03459c5d1f91b4e0f1693d477476b55bb12aee578818f639cb2eeded'}
      raise_exception = <class 'frappe.exceptions.ExecutableNotFound'>
frappe.exceptions.ExecutableNotFound: mariadb-dump not found in PATH! This is required to take a backup.
Backup failed for Site vendor-qc.local. Database or site_config.json may be corrupted
Traceback with variables (most recent call last):
  File "apps/frappe/frappe/commands/site.py", line 845, in backup
    odb = scheduled_backup(
      context = {'sites': ['test-site.local', 'vendor-qc.local'], 'force': False, 'verbose': True, 'profile': False}
      with_files = False
      backup_path = None
      backup_path_db = None
      backup_path_files = None
      backup_path_private_files = None
      backup_path_conf = None
      ignore_backup_conf = False
      verbose = True
      compress = False
      include = ''
      exclude = ''
      old_backup_metadata = False
      scheduled_backup = <function scheduled_backup at 0x10a32fa60>
      exit_code = 1
      rollback_callback = None
      site = 'vendor-qc.local'
  File "apps/frappe/frappe/utils/backups.py", line 568, in scheduled_backup
    return new_backup(
      older_than = 6
      ignore_files = True
      backup_path = None
      backup_path_db = None
      backup_path_files = None
      backup_path_private_files = None
      backup_path_conf = None
      ignore_conf = False
      include_doctypes = ''
      exclude_doctypes = ''
      compress = False
      force = True
      verbose = True
      old_backup_metadata = False
      rollback_callback = <frappe.utils.CallbackManager object at 0x10a5d5e10>
  File "apps/frappe/frappe/utils/backups.py", line 626, in new_backup
    odb.get_backup(older_than, ignore_files, force=force)
      older_than = 6
      ignore_files = True
      backup_path = None
      backup_path_db = None
      backup_path_files = None
      backup_path_private_files = None
      backup_path_conf = None
      ignore_conf = False
      include_doctypes = ''
      exclude_doctypes = ''
      compress = False
      force = True
      verbose = True
      old_backup_metadata = False
      rollback_callback = <frappe.utils.CallbackManager object at 0x10a5d5e10>
      odb = <frappe.utils.backups.BackupGenerator object at 0x10a53afd0>
  File "apps/frappe/frappe/utils/backups.py", line 195, in get_backup
    self.delete_if_step_fails(self.take_dump, self.backup_path_db)
      self = <frappe.utils.backups.BackupGenerator object at 0x10a53afd0>
      older_than = 6
      ignore_files = True
      force = True
      last_db = False
      last_file = False
      last_private_file = False
      site_config_backup_path = False
  File "apps/frappe/frappe/utils/backups.py", line 520, in delete_if_step_fails
    raise e
      self = <frappe.utils.backups.BackupGenerator object at 0x10a53afd0>
      step = <bound method BackupGenerator.take_dump of <frappe.utils.backups.BackupGenerator object at 0x10a53afd0>>
      paths = ('./test-site.local/private/backups/20251105_213002-test-site_local-database.sql.gz',)
      path = './test-site.local/private/backups/20251105_213002-test-site_local-database.sql.gz'
  File "apps/frappe/frappe/utils/backups.py", line 515, in delete_if_step_fails
    step()
      self = <frappe.utils.backups.BackupGenerator object at 0x10a53afd0>
      step = <bound method BackupGenerator.take_dump of <frappe.utils.backups.BackupGenerator object at 0x10a53afd0>>
      paths = ('./test-site.local/private/backups/20251105_213002-test-site_local-database.sql.gz',)
      path = './test-site.local/private/backups/20251105_213002-test-site_local-database.sql.gz'
  File "apps/frappe/frappe/utils/backups.py", line 457, in take_dump
    frappe.throw(
      self = <frappe.utils.backups.BackupGenerator object at 0x10a53afd0>
      shlex = <module 'shlex' from '/opt/homebrew/Cellar/python@3.13/3.13.1/Frameworks/Python.framework/Versions/3.13/lib/python3.13/shlex.py'>
      frappe = <module 'frappe' from 'apps/frappe/frappe/__init__.py'>
      get_app_branch = <function get_app_branch at 0x10a312ac0>
      gzip_exc = '/usr/bin/gzip'
      database_header_content = ['begin frappe metadata', '[frappe]', 'version = 15.87.0', 'branch = version-15', 'end frappe metadata', '']
      generated_header = '-- begin frappe metadata\n-- [frappe]\n-- version = 15.87.0\n-- branch = version-15\n-- end frappe metadata\n-- \n'
      f = <_io.TextIOWrapper name='./test-site.local/private/backups/20251105_213002-test-site_local-database.sql.gz' encoding='UTF-8'>
      cmd = []
      extra = []
      get_command = <function get_command at 0x109fffb00>
      bin = None
      args = ['--user=_537373b7e3047fb7', '--host=127.0.0.1', '--port=3306', '--password=U5hxfjpquKPDmY5A', '--single-transaction', '--quick', '--lock-tables=false', '_537373b7e3047fb7']
      bin_name = 'mariadb-dump'
  File "apps/frappe/frappe/__init__.py", line 609, in throw
    msgprint(
      msg = 'mariadb-dump not found in PATH! This is required to take a backup.'
      exc = <class 'frappe.exceptions.ExecutableNotFound'>
      title = None
      is_minimizable = False
      wide = False
      as_list = False
      primary_action = None
  File "apps/frappe/frappe/__init__.py", line 574, in msgprint
    _raise_exception()
      msg = 'mariadb-dump not found in PATH! This is required to take a backup.'
      title = None
      raise_exception = <class 'frappe.exceptions.ExecutableNotFound'>
      as_table = False
      as_list = False
      indicator = 'red'
      alert = False
      primary_action = None
      is_minimizable = False
      wide = False
      realtime = False
      sys = <module 'sys' (built-in)>
      _raise_exception = <function msgprint.<locals>._raise_exception at 0x10a612980>
      inspect = <module 'inspect' from '/opt/homebrew/Cellar/python@3.13/3.13.1/Frameworks/Python.framework/Versions/3.13/lib/python3.13/inspect.py'>
      out = {'message': 'mariadb-dump not found in PATH! This is required to take a backup.', 'title': 'Message', 'indicator': 'red', 'raise_exception': 1, '__frappe_exc_id': 'ff162fe9f27fe2c00b70f9b0deab39a6bce9a6361bab206e4986537b'}
  File "apps/frappe/frappe/__init__.py", line 525, in _raise_exception
    raise exc
      exc = ExecutableNotFound('mariadb-dump not found in PATH! This is required to take a backup.')
      inspect = <module 'inspect' from '/opt/homebrew/Cellar/python@3.13/3.13.1/Frameworks/Python.framework/Versions/3.13/lib/python3.13/inspect.py'>
      msg = 'mariadb-dump not found in PATH! This is required to take a backup.'
      out = {'message': 'mariadb-dump not found in PATH! This is required to take a backup.', 'title': 'Message', 'indicator': 'red', 'raise_exception': 1, '__frappe_exc_id': 'ff162fe9f27fe2c00b70f9b0deab39a6bce9a6361bab206e4986537b'}
      raise_exception = <class 'frappe.exceptions.ExecutableNotFound'>
frappe.exceptions.ExecutableNotFound: mariadb-dump not found in PATH! This is required to take a backup.
Backup failed for Site test-site.local. Database or site_config.json may be corrupted
Traceback with variables (most recent call last):
  File "apps/frappe/frappe/commands/site.py", line 845, in backup
    odb = scheduled_backup(
      context = {'sites': ['test-site.local', 'vendor-qc.local'], 'force': False, 'verbose': True, 'profile': False}
      with_files = False
      backup_path = None
      backup_path_db = None
      backup_path_files = None
      backup_path_private_files = None
      backup_path_conf = None
      ignore_backup_conf = False
      verbose = True
      compress = False
      include = ''
      exclude = ''
      old_backup_metadata = False
      scheduled_backup = <function scheduled_backup at 0x10bfd7a60>
      exit_code = 0
      rollback_callback = None
      site = 'test-site.local'
  File "apps/frappe/frappe/utils/backups.py", line 568, in scheduled_backup
    return new_backup(
      older_than = 6
      ignore_files = True
      backup_path = None
      backup_path_db = None
      backup_path_files = None
      backup_path_private_files = None
      backup_path_conf = None
      ignore_conf = False
      include_doctypes = ''
      exclude_doctypes = ''
      compress = False
      force = True
      verbose = True
      old_backup_metadata = False
      rollback_callback = <frappe.utils.CallbackManager object at 0x10c2363b0>
  File "apps/frappe/frappe/utils/backups.py", line 626, in new_backup
    odb.get_backup(older_than, ignore_files, force=force)
      older_than = 6
      ignore_files = True
      backup_path = None
      backup_path_db = None
      backup_path_files = None
      backup_path_private_files = None
      backup_path_conf = None
      ignore_conf = False
      include_doctypes = ''
      exclude_doctypes = ''
      compress = False
      force = True
      verbose = True
      old_backup_metadata = False
      rollback_callback = <frappe.utils.CallbackManager object at 0x10c2363b0>
      odb = <frappe.utils.backups.BackupGenerator object at 0x10c1cb230>
  File "apps/frappe/frappe/utils/backups.py", line 195, in get_backup
    self.delete_if_step_fails(self.take_dump, self.backup_path_db)
      self = <frappe.utils.backups.BackupGenerator object at 0x10c1cb230>
      older_than = 6
      ignore_files = True
      force = True
      last_db = False
      last_file = False
      last_private_file = False
      site_config_backup_path = False
  File "apps/frappe/frappe/utils/backups.py", line 520, in delete_if_step_fails
    raise e
      self = <frappe.utils.backups.BackupGenerator object at 0x10c1cb230>
      step = <bound method BackupGenerator.take_dump of <frappe.utils.backups.BackupGenerator object at 0x10c1cb230>>
      paths = ('./test-site.local/private/backups/20251106_033002-test-site_local-database.sql.gz',)
      path = './test-site.local/private/backups/20251106_033002-test-site_local-database.sql.gz'
  File "apps/frappe/frappe/utils/backups.py", line 515, in delete_if_step_fails
    step()
      self = <frappe.utils.backups.BackupGenerator object at 0x10c1cb230>
      step = <bound method BackupGenerator.take_dump of <frappe.utils.backups.BackupGenerator object at 0x10c1cb230>>
      paths = ('./test-site.local/private/backups/20251106_033002-test-site_local-database.sql.gz',)
      path = './test-site.local/private/backups/20251106_033002-test-site_local-database.sql.gz'
  File "apps/frappe/frappe/utils/backups.py", line 457, in take_dump
    frappe.throw(
      self = <frappe.utils.backups.BackupGenerator object at 0x10c1cb230>
      shlex = <module 'shlex' from '/opt/homebrew/Cellar/python@3.13/3.13.1/Frameworks/Python.framework/Versions/3.13/lib/python3.13/shlex.py'>
      frappe = <module 'frappe' from 'apps/frappe/frappe/__init__.py'>
      get_app_branch = <function get_app_branch at 0x10bfbeac0>
      gzip_exc = '/usr/bin/gzip'
      database_header_content = ['begin frappe metadata', '[frappe]', 'version = 15.87.0', 'branch = version-15', 'end frappe metadata', '']
      generated_header = '-- begin frappe metadata\n-- [frappe]\n-- version = 15.87.0\n-- branch = version-15\n-- end frappe metadata\n-- \n'
      f = <_io.TextIOWrapper name='./test-site.local/private/backups/20251106_033002-test-site_local-database.sql.gz' encoding='UTF-8'>
      cmd = []
      extra = []
      get_command = <function get_command at 0x10bcabb00>
      bin = None
      args = ['--user=_537373b7e3047fb7', '--host=127.0.0.1', '--port=3306', '--password=U5hxfjpquKPDmY5A', '--single-transaction', '--quick', '--lock-tables=false', '_537373b7e3047fb7']
      bin_name = 'mariadb-dump'
  File "apps/frappe/frappe/__init__.py", line 609, in throw
    msgprint(
      msg = 'mariadb-dump not found in PATH! This is required to take a backup.'
      exc = <class 'frappe.exceptions.ExecutableNotFound'>
      title = None
      is_minimizable = False
      wide = False
      as_list = False
      primary_action = None
  File "apps/frappe/frappe/__init__.py", line 574, in msgprint
    _raise_exception()
      msg = 'mariadb-dump not found in PATH! This is required to take a backup.'
      title = None
      raise_exception = <class 'frappe.exceptions.ExecutableNotFound'>
      as_table = False
      as_list = False
      indicator = 'red'
      alert = False
      primary_action = None
      is_minimizable = False
      wide = False
      realtime = False
      sys = <module 'sys' (built-in)>
      _raise_exception = <function msgprint.<locals>._raise_exception at 0x109ea5da0>
      inspect = <module 'inspect' from '/opt/homebrew/Cellar/python@3.13/3.13.1/Frameworks/Python.framework/Versions/3.13/lib/python3.13/inspect.py'>
      out = {'message': 'mariadb-dump not found in PATH! This is required to take a backup.', 'title': 'Message', 'indicator': 'red', 'raise_exception': 1, '__frappe_exc_id': '8ac876ea4a0715419b4cf2062cd75cc32dcc5eacc38fe02f535013c7'}
  File "apps/frappe/frappe/__init__.py", line 525, in _raise_exception
    raise exc
      exc = ExecutableNotFound('mariadb-dump not found in PATH! This is required to take a backup.')
      inspect = <module 'inspect' from '/opt/homebrew/Cellar/python@3.13/3.13.1/Frameworks/Python.framework/Versions/3.13/lib/python3.13/inspect.py'>
      msg = 'mariadb-dump not found in PATH! This is required to take a backup.'
      out = {'message': 'mariadb-dump not found in PATH! This is required to take a backup.', 'title': 'Message', 'indicator': 'red', 'raise_exception': 1, '__frappe_exc_id': '8ac876ea4a0715419b4cf2062cd75cc32dcc5eacc38fe02f535013c7'}
      raise_exception = <class 'frappe.exceptions.ExecutableNotFound'>
frappe.exceptions.ExecutableNotFound: mariadb-dump not found in PATH! This is required to take a backup.
Backup failed for Site vendor-qc.local. Database or site_config.json may be corrupted
Traceback with variables (most recent call last):
  File "apps/frappe/frappe/commands/site.py", line 845, in backup
    odb = scheduled_backup(
      context = {'sites': ['test-site.local', 'vendor-qc.local'], 'force': False, 'verbose': True, 'profile': False}
      with_files = False
      backup_path = None
      backup_path_db = None
      backup_path_files = None
      backup_path_private_files = None
      backup_path_conf = None
      ignore_backup_conf = False
      verbose = True
      compress = False
      include = ''
      exclude = ''
      old_backup_metadata = False
      scheduled_backup = <function scheduled_backup at 0x10bfd7a60>
      exit_code = 1
      rollback_callback = None
      site = 'vendor-qc.local'
  File "apps/frappe/frappe/utils/backups.py", line 568, in scheduled_backup
    return new_backup(
      older_than = 6
      ignore_files = True
      backup_path = None
      backup_path_db = None
      backup_path_files = None
      backup_path_private_files = None
      backup_path_conf = None
      ignore_conf = False
      include_doctypes = ''
      exclude_doctypes = ''
      compress = False
      force = True
      verbose = True
      old_backup_metadata = False
      rollback_callback = <frappe.utils.CallbackManager object at 0x10c277fd0>
  File "apps/frappe/frappe/utils/backups.py", line 626, in new_backup
    odb.get_backup(older_than, ignore_files, force=force)
      older_than = 6
      ignore_files = True
      backup_path = None
      backup_path_db = None
      backup_path_files = None
      backup_path_private_files = None
      backup_path_conf = None
      ignore_conf = False
      include_doctypes = ''
      exclude_doctypes = ''
      compress = False
      force = True
      verbose = True
      old_backup_metadata = False
      rollback_callback = <frappe.utils.CallbackManager object at 0x10c277fd0>
      odb = <frappe.utils.backups.BackupGenerator object at 0x10c1e6fd0>
  File "apps/frappe/frappe/utils/backups.py", line 195, in get_backup
    self.delete_if_step_fails(self.take_dump, self.backup_path_db)
      self = <frappe.utils.backups.BackupGenerator object at 0x10c1e6fd0>
      older_than = 6
      ignore_files = True
      force = True
      last_db = False
      last_file = False
      last_private_file = False
      site_config_backup_path = False
  File "apps/frappe/frappe/utils/backups.py", line 520, in delete_if_step_fails
    raise e
      self = <frappe.utils.backups.BackupGenerator object at 0x10c1e6fd0>
      step = <bound method BackupGenerator.take_dump of <frappe.utils.backups.BackupGenerator object at 0x10c1e6fd0>>
      paths = ('./test-site.local/private/backups/20251106_033002-test-site_local-database.sql.gz',)
      path = './test-site.local/private/backups/20251106_033002-test-site_local-database.sql.gz'
  File "apps/frappe/frappe/utils/backups.py", line 515, in delete_if_step_fails
    step()
      self = <frappe.utils.backups.BackupGenerator object at 0x10c1e6fd0>
      step = <bound method BackupGenerator.take_dump of <frappe.utils.backups.BackupGenerator object at 0x10c1e6fd0>>
      paths = ('./test-site.local/private/backups/20251106_033002-test-site_local-database.sql.gz',)
      path = './test-site.local/private/backups/20251106_033002-test-site_local-database.sql.gz'
  File "apps/frappe/frappe/utils/backups.py", line 457, in take_dump
    frappe.throw(
      self = <frappe.utils.backups.BackupGenerator object at 0x10c1e6fd0>
      shlex = <module 'shlex' from '/opt/homebrew/Cellar/python@3.13/3.13.1/Frameworks/Python.framework/Versions/3.13/lib/python3.13/shlex.py'>
      frappe = <module 'frappe' from 'apps/frappe/frappe/__init__.py'>
      get_app_branch = <function get_app_branch at 0x10bfbeac0>
      gzip_exc = '/usr/bin/gzip'
      database_header_content = ['begin frappe metadata', '[frappe]', 'version = 15.87.0', 'branch = version-15', 'end frappe metadata', '']
      generated_header = '-- begin frappe metadata\n-- [frappe]\n-- version = 15.87.0\n-- branch = version-15\n-- end frappe metadata\n-- \n'
      f = <_io.TextIOWrapper name='./test-site.local/private/backups/20251106_033002-test-site_local-database.sql.gz' encoding='UTF-8'>
      cmd = []
      extra = []
      get_command = <function get_command at 0x10bcabb00>
      bin = None
      args = ['--user=_537373b7e3047fb7', '--host=127.0.0.1', '--port=3306', '--password=U5hxfjpquKPDmY5A', '--single-transaction', '--quick', '--lock-tables=false', '_537373b7e3047fb7']
      bin_name = 'mariadb-dump'
  File "apps/frappe/frappe/__init__.py", line 609, in throw
    msgprint(
      msg = 'mariadb-dump not found in PATH! This is required to take a backup.'
      exc = <class 'frappe.exceptions.ExecutableNotFound'>
      title = None
      is_minimizable = False
      wide = False
      as_list = False
      primary_action = None
  File "apps/frappe/frappe/__init__.py", line 574, in msgprint
    _raise_exception()
      msg = 'mariadb-dump not found in PATH! This is required to take a backup.'
      title = None
      raise_exception = <class 'frappe.exceptions.ExecutableNotFound'>
      as_table = False
      as_list = False
      indicator = 'red'
      alert = False
      primary_action = None
      is_minimizable = False
      wide = False
      realtime = False
      sys = <module 'sys' (built-in)>
      _raise_exception = <function msgprint.<locals>._raise_exception at 0x10c2c2980>
      inspect = <module 'inspect' from '/opt/homebrew/Cellar/python@3.13/3.13.1/Frameworks/Python.framework/Versions/3.13/lib/python3.13/inspect.py'>
      out = {'message': 'mariadb-dump not found in PATH! This is required to take a backup.', 'title': 'Message', 'indicator': 'red', 'raise_exception': 1, '__frappe_exc_id': 'cb5b8cc7266b673b69110bb7744358c7e4c4b0be7182734a5131936f'}
  File "apps/frappe/frappe/__init__.py", line 525, in _raise_exception
    raise exc
      exc = ExecutableNotFound('mariadb-dump not found in PATH! This is required to take a backup.')
      inspect = <module 'inspect' from '/opt/homebrew/Cellar/python@3.13/3.13.1/Frameworks/Python.framework/Versions/3.13/lib/python3.13/inspect.py'>
      msg = 'mariadb-dump not found in PATH! This is required to take a backup.'
      out = {'message': 'mariadb-dump not found in PATH! This is required to take a backup.', 'title': 'Message', 'indicator': 'red', 'raise_exception': 1, '__frappe_exc_id': 'cb5b8cc7266b673b69110bb7744358c7e4c4b0be7182734a5131936f'}
      raise_exception = <class 'frappe.exceptions.ExecutableNotFound'>
frappe.exceptions.ExecutableNotFound: mariadb-dump not found in PATH! This is required to take a backup.
Backup failed for Site test-site.local. Database or site_config.json may be corrupted
Traceback with variables (most recent call last):
  File "apps/frappe/frappe/commands/site.py", line 845, in backup
    odb = scheduled_backup(
      context = {'sites': ['test-site.local', 'vendor-qc.local'], 'force': False, 'verbose': True, 'profile': False}
      with_files = False
      backup_path = None
      backup_path_db = None
      backup_path_files = None
      backup_path_private_files = None
      backup_path_conf = None
      ignore_backup_conf = False
      verbose = True
      compress = False
      include = ''
      exclude = ''
      old_backup_metadata = False
      scheduled_backup = <function scheduled_backup at 0x10ad37a60>
      exit_code = 0
      rollback_callback = None
      site = 'test-site.local'
  File "apps/frappe/frappe/utils/backups.py", line 568, in scheduled_backup
    return new_backup(
      older_than = 6
      ignore_files = True
      backup_path = None
      backup_path_db = None
      backup_path_files = None
      backup_path_private_files = None
      backup_path_conf = None
      ignore_conf = False
      include_doctypes = ''
      exclude_doctypes = ''
      compress = False
      force = True
      verbose = True
      old_backup_metadata = False
      rollback_callback = <frappe.utils.CallbackManager object at 0x10af1fc10>
  File "apps/frappe/frappe/utils/backups.py", line 626, in new_backup
    odb.get_backup(older_than, ignore_files, force=force)
      older_than = 6
      ignore_files = True
      backup_path = None
      backup_path_db = None
      backup_path_files = None
      backup_path_private_files = None
      backup_path_conf = None
      ignore_conf = False
      include_doctypes = ''
      exclude_doctypes = ''
      compress = False
      force = True
      verbose = True
      old_backup_metadata = False
      rollback_callback = <frappe.utils.CallbackManager object at 0x10af1fc10>
      odb = <frappe.utils.backups.BackupGenerator object at 0x10aec3230>
  File "apps/frappe/frappe/utils/backups.py", line 195, in get_backup
    self.delete_if_step_fails(self.take_dump, self.backup_path_db)
      self = <frappe.utils.backups.BackupGenerator object at 0x10aec3230>
      older_than = 6
      ignore_files = True
      force = True
      last_db = False
      last_file = False
      last_private_file = False
      site_config_backup_path = False
  File "apps/frappe/frappe/utils/backups.py", line 520, in delete_if_step_fails
    raise e
      self = <frappe.utils.backups.BackupGenerator object at 0x10aec3230>
      step = <bound method BackupGenerator.take_dump of <frappe.utils.backups.BackupGenerator object at 0x10aec3230>>
      paths = ('./test-site.local/private/backups/20251106_093001-test-site_local-database.sql.gz',)
      path = './test-site.local/private/backups/20251106_093001-test-site_local-database.sql.gz'
  File "apps/frappe/frappe/utils/backups.py", line 515, in delete_if_step_fails
    step()
      self = <frappe.utils.backups.BackupGenerator object at 0x10aec3230>
      step = <bound method BackupGenerator.take_dump of <frappe.utils.backups.BackupGenerator object at 0x10aec3230>>
      paths = ('./test-site.local/private/backups/20251106_093001-test-site_local-database.sql.gz',)
      path = './test-site.local/private/backups/20251106_093001-test-site_local-database.sql.gz'
  File "apps/frappe/frappe/utils/backups.py", line 457, in take_dump
    frappe.throw(
      self = <frappe.utils.backups.BackupGenerator object at 0x10aec3230>
      shlex = <module 'shlex' from '/opt/homebrew/Cellar/python@3.13/3.13.1/Frameworks/Python.framework/Versions/3.13/lib/python3.13/shlex.py'>
      frappe = <module 'frappe' from 'apps/frappe/frappe/__init__.py'>
      get_app_branch = <function get_app_branch at 0x10ad1aac0>
      gzip_exc = '/usr/bin/gzip'
      database_header_content = ['begin frappe metadata', '[frappe]', 'version = 15.87.0', 'branch = version-15', 'end frappe metadata', '']
      generated_header = '-- begin frappe metadata\n-- [frappe]\n-- version = 15.87.0\n-- branch = version-15\n-- end frappe metadata\n-- \n'
      f = <_io.TextIOWrapper name='./test-site.local/private/backups/20251106_093001-test-site_local-database.sql.gz' encoding='UTF-8'>
      cmd = []
      extra = []
      get_command = <function get_command at 0x10a94fb00>
      bin = None
      args = ['--user=_537373b7e3047fb7', '--host=127.0.0.1', '--port=3306', '--password=U5hxfjpquKPDmY5A', '--single-transaction', '--quick', '--lock-tables=false', '_537373b7e3047fb7']
      bin_name = 'mariadb-dump'
  File "apps/frappe/frappe/__init__.py", line 609, in throw
    msgprint(
      msg = 'mariadb-dump not found in PATH! This is required to take a backup.'
      exc = <class 'frappe.exceptions.ExecutableNotFound'>
      title = None
      is_minimizable = False
      wide = False
      as_list = False
      primary_action = None
  File "apps/frappe/frappe/__init__.py", line 574, in msgprint
    _raise_exception()
      msg = 'mariadb-dump not found in PATH! This is required to take a backup.'
      title = None
      raise_exception = <class 'frappe.exceptions.ExecutableNotFound'>
      as_table = False
      as_list = False
      indicator = 'red'
      alert = False
      primary_action = None
      is_minimizable = False
      wide = False
      realtime = False
      sys = <module 'sys' (built-in)>
      _raise_exception = <function msgprint.<locals>._raise_exception at 0x108b9dda0>
      inspect = <module 'inspect' from '/opt/homebrew/Cellar/python@3.13/3.13.1/Frameworks/Python.framework/Versions/3.13/lib/python3.13/inspect.py'>
      out = {'message': 'mariadb-dump not found in PATH! This is required to take a backup.', 'title': 'Message', 'indicator': 'red', 'raise_exception': 1, '__frappe_exc_id': '5952b88d1183a064aaf864d62337d561349816140635d932b2a773c3'}
  File "apps/frappe/frappe/__init__.py", line 525, in _raise_exception
    raise exc
      exc = ExecutableNotFound('mariadb-dump not found in PATH! This is required to take a backup.')
      inspect = <module 'inspect' from '/opt/homebrew/Cellar/python@3.13/3.13.1/Frameworks/Python.framework/Versions/3.13/lib/python3.13/inspect.py'>
      msg = 'mariadb-dump not found in PATH! This is required to take a backup.'
      out = {'message': 'mariadb-dump not found in PATH! This is required to take a backup.', 'title': 'Message', 'indicator': 'red', 'raise_exception': 1, '__frappe_exc_id': '5952b88d1183a064aaf864d62337d561349816140635d932b2a773c3'}
      raise_exception = <class 'frappe.exceptions.ExecutableNotFound'>
frappe.exceptions.ExecutableNotFound: mariadb-dump not found in PATH! This is required to take a backup.
Backup failed for Site vendor-qc.local. Database or site_config.json may be corrupted
Traceback with variables (most recent call last):
  File "apps/frappe/frappe/commands/site.py", line 845, in backup
    odb = scheduled_backup(
      context = {'sites': ['test-site.local', 'vendor-qc.local'], 'force': False, 'verbose': True, 'profile': False}
      with_files = False
      backup_path = None
      backup_path_db = None
      backup_path_files = None
      backup_path_private_files = None
      backup_path_conf = None
      ignore_backup_conf = False
      verbose = True
      compress = False
      include = ''
      exclude = ''
      old_backup_metadata = False
      scheduled_backup = <function scheduled_backup at 0x10ad37a60>
      exit_code = 1
      rollback_callback = None
      site = 'vendor-qc.local'
  File "apps/frappe/frappe/utils/backups.py", line 568, in scheduled_backup
    return new_backup(
      older_than = 6
      ignore_files = True
      backup_path = None
      backup_path_db = None
      backup_path_files = None
      backup_path_private_files = None
      backup_path_conf = None
      ignore_conf = False
      include_doctypes = ''
      exclude_doctypes = ''
      compress = False
      force = True
      verbose = True
      old_backup_metadata = False
      rollback_callback = <frappe.utils.CallbackManager object at 0x10af75b10>
  File "apps/frappe/frappe/utils/backups.py", line 626, in new_backup
    odb.get_backup(older_than, ignore_files, force=force)
      older_than = 6
      ignore_files = True
      backup_path = None
      backup_path_db = None
      backup_path_files = None
      backup_path_private_files = None
      backup_path_conf = None
      ignore_conf = False
      include_doctypes = ''
      exclude_doctypes = ''
      compress = False
      force = True
      verbose = True
      old_backup_metadata = False
      rollback_callback = <frappe.utils.CallbackManager object at 0x10af75b10>
      odb = <frappe.utils.backups.BackupGenerator object at 0x10aedafd0>
  File "apps/frappe/frappe/utils/backups.py", line 195, in get_backup
    self.delete_if_step_fails(self.take_dump, self.backup_path_db)
      self = <frappe.utils.backups.BackupGenerator object at 0x10aedafd0>
      older_than = 6
      ignore_files = True
      force = True
      last_db = False
      last_file = False
      last_private_file = False
      site_config_backup_path = False
  File "apps/frappe/frappe/utils/backups.py", line 520, in delete_if_step_fails
    raise e
      self = <frappe.utils.backups.BackupGenerator object at 0x10aedafd0>
      step = <bound method BackupGenerator.take_dump of <frappe.utils.backups.BackupGenerator object at 0x10aedafd0>>
      paths = ('./test-site.local/private/backups/20251106_093001-test-site_local-database.sql.gz',)
      path = './test-site.local/private/backups/20251106_093001-test-site_local-database.sql.gz'
  File "apps/frappe/frappe/utils/backups.py", line 515, in delete_if_step_fails
    step()
      self = <frappe.utils.backups.BackupGenerator object at 0x10aedafd0>
      step = <bound method BackupGenerator.take_dump of <frappe.utils.backups.BackupGenerator object at 0x10aedafd0>>
      paths = ('./test-site.local/private/backups/20251106_093001-test-site_local-database.sql.gz',)
      path = './test-site.local/private/backups/20251106_093001-test-site_local-database.sql.gz'
  File "apps/frappe/frappe/utils/backups.py", line 457, in take_dump
    frappe.throw(
      self = <frappe.utils.backups.BackupGenerator object at 0x10aedafd0>
      shlex = <module 'shlex' from '/opt/homebrew/Cellar/python@3.13/3.13.1/Frameworks/Python.framework/Versions/3.13/lib/python3.13/shlex.py'>
      frappe = <module 'frappe' from 'apps/frappe/frappe/__init__.py'>
      get_app_branch = <function get_app_branch at 0x10ad1aac0>
      gzip_exc = '/usr/bin/gzip'
      database_header_content = ['begin frappe metadata', '[frappe]', 'version = 15.87.0', 'branch = version-15', 'end frappe metadata', '']
      generated_header = '-- begin frappe metadata\n-- [frappe]\n-- version = 15.87.0\n-- branch = version-15\n-- end frappe metadata\n-- \n'
      f = <_io.TextIOWrapper name='./test-site.local/private/backups/20251106_093001-test-site_local-database.sql.gz' encoding='UTF-8'>
      cmd = []
      extra = []
      get_command = <function get_command at 0x10a94fb00>
      bin = None
      args = ['--user=_537373b7e3047fb7', '--host=127.0.0.1', '--port=3306', '--password=U5hxfjpquKPDmY5A', '--single-transaction', '--quick', '--lock-tables=false', '_537373b7e3047fb7']
      bin_name = 'mariadb-dump'
  File "apps/frappe/frappe/__init__.py", line 609, in throw
    msgprint(
      msg = 'mariadb-dump not found in PATH! This is required to take a backup.'
      exc = <class 'frappe.exceptions.ExecutableNotFound'>
      title = None
      is_minimizable = False
      wide = False
      as_list = False
      primary_action = None
  File "apps/frappe/frappe/__init__.py", line 574, in msgprint
    _raise_exception()
      msg = 'mariadb-dump not found in PATH! This is required to take a backup.'
      title = None
      raise_exception = <class 'frappe.exceptions.ExecutableNotFound'>
      as_table = False
      as_list = False
      indicator = 'red'
      alert = False
      primary_action = None
      is_minimizable = False
      wide = False
      realtime = False
      sys = <module 'sys' (built-in)>
      _raise_exception = <function msgprint.<locals>._raise_exception at 0x10afb2980>
      inspect = <module 'inspect' from '/opt/homebrew/Cellar/python@3.13/3.13.1/Frameworks/Python.framework/Versions/3.13/lib/python3.13/inspect.py'>
      out = {'message': 'mariadb-dump not found in PATH! This is required to take a backup.', 'title': 'Message', 'indicator': 'red', 'raise_exception': 1, '__frappe_exc_id': '6bd3b3c9d95842c716ed7b1288b09b593ba3644cdfe969581aed573b'}
  File "apps/frappe/frappe/__init__.py", line 525, in _raise_exception
    raise exc
      exc = ExecutableNotFound('mariadb-dump not found in PATH! This is required to take a backup.')
      inspect = <module 'inspect' from '/opt/homebrew/Cellar/python@3.13/3.13.1/Frameworks/Python.framework/Versions/3.13/lib/python3.13/inspect.py'>
      msg = 'mariadb-dump not found in PATH! This is required to take a backup.'
      out = {'message': 'mariadb-dump not found in PATH! This is required to take a backup.', 'title': 'Message', 'indicator': 'red', 'raise_exception': 1, '__frappe_exc_id': '6bd3b3c9d95842c716ed7b1288b09b593ba3644cdfe969581aed573b'}
      raise_exception = <class 'frappe.exceptions.ExecutableNotFound'>
frappe.exceptions.ExecutableNotFound: mariadb-dump not found in PATH! This is required to take a backup.
Backup failed for Site test-site.local. Database or site_config.json may be corrupted
Traceback with variables (most recent call last):
  File "apps/frappe/frappe/commands/site.py", line 845, in backup
    odb = scheduled_backup(
      context = {'sites': ['test-site.local', 'vendor-qc.local'], 'force': False, 'verbose': True, 'profile': False}
      with_files = False
      backup_path = None
      backup_path_db = None
      backup_path_files = None
      backup_path_private_files = None
      backup_path_conf = None
      ignore_backup_conf = False
      verbose = True
      compress = False
      include = ''
      exclude = ''
      old_backup_metadata = False
      scheduled_backup = <function scheduled_backup at 0x10c02ba60>
      exit_code = 0
      rollback_callback = None
      site = 'test-site.local'
  File "apps/frappe/frappe/utils/backups.py", line 568, in scheduled_backup
    return new_backup(
      older_than = 6
      ignore_files = True
      backup_path = None
      backup_path_db = None
      backup_path_files = None
      backup_path_private_files = None
      backup_path_conf = None
      ignore_conf = False
      include_doctypes = ''
      exclude_doctypes = ''
      compress = False
      force = True
      verbose = True
      old_backup_metadata = False
      rollback_callback = <frappe.utils.CallbackManager object at 0x10c27ba60>
  File "apps/frappe/frappe/utils/backups.py", line 626, in new_backup
    odb.get_backup(older_than, ignore_files, force=force)
      older_than = 6
      ignore_files = True
      backup_path = None
      backup_path_db = None
      backup_path_files = None
      backup_path_private_files = None
      backup_path_conf = None
      ignore_conf = False
      include_doctypes = ''
      exclude_doctypes = ''
      compress = False
      force = True
      verbose = True
      old_backup_metadata = False
      rollback_callback = <frappe.utils.CallbackManager object at 0x10c27ba60>
      odb = <frappe.utils.backups.BackupGenerator object at 0x10c21b230>
  File "apps/frappe/frappe/utils/backups.py", line 195, in get_backup
    self.delete_if_step_fails(self.take_dump, self.backup_path_db)
      self = <frappe.utils.backups.BackupGenerator object at 0x10c21b230>
      older_than = 6
      ignore_files = True
      force = True
      last_db = False
      last_file = False
      last_private_file = False
      site_config_backup_path = False
  File "apps/frappe/frappe/utils/backups.py", line 520, in delete_if_step_fails
    raise e
      self = <frappe.utils.backups.BackupGenerator object at 0x10c21b230>
      step = <bound method BackupGenerator.take_dump of <frappe.utils.backups.BackupGenerator object at 0x10c21b230>>
      paths = ('./test-site.local/private/backups/20251106_153002-test-site_local-database.sql.gz',)
      path = './test-site.local/private/backups/20251106_153002-test-site_local-database.sql.gz'
  File "apps/frappe/frappe/utils/backups.py", line 515, in delete_if_step_fails
    step()
      self = <frappe.utils.backups.BackupGenerator object at 0x10c21b230>
      step = <bound method BackupGenerator.take_dump of <frappe.utils.backups.BackupGenerator object at 0x10c21b230>>
      paths = ('./test-site.local/private/backups/20251106_153002-test-site_local-database.sql.gz',)
      path = './test-site.local/private/backups/20251106_153002-test-site_local-database.sql.gz'
  File "apps/frappe/frappe/utils/backups.py", line 457, in take_dump
    frappe.throw(
      self = <frappe.utils.backups.BackupGenerator object at 0x10c21b230>
      shlex = <module 'shlex' from '/opt/homebrew/Cellar/python@3.13/3.13.1/Frameworks/Python.framework/Versions/3.13/lib/python3.13/shlex.py'>
      frappe = <module 'frappe' from 'apps/frappe/frappe/__init__.py'>
      get_app_branch = <function get_app_branch at 0x10c00eac0>
      gzip_exc = '/usr/bin/gzip'
      database_header_content = ['begin frappe metadata', '[frappe]', 'version = 15.87.0', 'branch = version-15', 'end frappe metadata', '']
      generated_header = '-- begin frappe metadata\n-- [frappe]\n-- version = 15.87.0\n-- branch = version-15\n-- end frappe metadata\n-- \n'
      f = <_io.TextIOWrapper name='./test-site.local/private/backups/20251106_153002-test-site_local-database.sql.gz' encoding='UTF-8'>
      cmd = []
      extra = []
      get_command = <function get_command at 0x10bcfbb00>
      bin = None
      args = ['--user=_537373b7e3047fb7', '--host=127.0.0.1', '--port=3306', '--password=U5hxfjpquKPDmY5A', '--single-transaction', '--quick', '--lock-tables=false', '_537373b7e3047fb7']
      bin_name = 'mariadb-dump'
  File "apps/frappe/frappe/__init__.py", line 609, in throw
    msgprint(
      msg = 'mariadb-dump not found in PATH! This is required to take a backup.'
      exc = <class 'frappe.exceptions.ExecutableNotFound'>
      title = None
      is_minimizable = False
      wide = False
      as_list = False
      primary_action = None
  File "apps/frappe/frappe/__init__.py", line 574, in msgprint
    _raise_exception()
      msg = 'mariadb-dump not found in PATH! This is required to take a backup.'
      title = None
      raise_exception = <class 'frappe.exceptions.ExecutableNotFound'>
      as_table = False
      as_list = False
      indicator = 'red'
      alert = False
      primary_action = None
      is_minimizable = False
      wide = False
      realtime = False
      sys = <module 'sys' (built-in)>
      _raise_exception = <function msgprint.<locals>._raise_exception at 0x109f91da0>
      inspect = <module 'inspect' from '/opt/homebrew/Cellar/python@3.13/3.13.1/Frameworks/Python.framework/Versions/3.13/lib/python3.13/inspect.py'>
      out = {'message': 'mariadb-dump not found in PATH! This is required to take a backup.', 'title': 'Message', 'indicator': 'red', 'raise_exception': 1, '__frappe_exc_id': '33a8d03e259165a8e2b22585dc7b2774526429ab5213750bd2085f7d'}
  File "apps/frappe/frappe/__init__.py", line 525, in _raise_exception
    raise exc
      exc = ExecutableNotFound('mariadb-dump not found in PATH! This is required to take a backup.')
      inspect = <module 'inspect' from '/opt/homebrew/Cellar/python@3.13/3.13.1/Frameworks/Python.framework/Versions/3.13/lib/python3.13/inspect.py'>
      msg = 'mariadb-dump not found in PATH! This is required to take a backup.'
      out = {'message': 'mariadb-dump not found in PATH! This is required to take a backup.', 'title': 'Message', 'indicator': 'red', 'raise_exception': 1, '__frappe_exc_id': '33a8d03e259165a8e2b22585dc7b2774526429ab5213750bd2085f7d'}
      raise_exception = <class 'frappe.exceptions.ExecutableNotFound'>
frappe.exceptions.ExecutableNotFound: mariadb-dump not found in PATH! This is required to take a backup.
Backup failed for Site vendor-qc.local. Database or site_config.json may be corrupted
Traceback with variables (most recent call last):
  File "apps/frappe/frappe/commands/site.py", line 845, in backup
    odb = scheduled_backup(
      context = {'sites': ['test-site.local', 'vendor-qc.local'], 'force': False, 'verbose': True, 'profile': False}
      with_files = False
      backup_path = None
      backup_path_db = None
      backup_path_files = None
      backup_path_private_files = None
      backup_path_conf = None
      ignore_backup_conf = False
      verbose = True
      compress = False
      include = ''
      exclude = ''
      old_backup_metadata = False
      scheduled_backup = <function scheduled_backup at 0x10c02ba60>
      exit_code = 1
      rollback_callback = None
      site = 'vendor-qc.local'
  File "apps/frappe/frappe/utils/backups.py", line 568, in scheduled_backup
    return new_backup(
      older_than = 6
      ignore_files = True
      backup_path = None
      backup_path_db = None
      backup_path_files = None
      backup_path_private_files = None
      backup_path_conf = None
      ignore_conf = False
      include_doctypes = ''
      exclude_doctypes = ''
      compress = False
      force = True
      verbose = True
      old_backup_metadata = False
      rollback_callback = <frappe.utils.CallbackManager object at 0x10c2affd0>
  File "apps/frappe/frappe/utils/backups.py", line 626, in new_backup
    odb.get_backup(older_than, ignore_files, force=force)
      older_than = 6
      ignore_files = True
      backup_path = None
      backup_path_db = None
      backup_path_files = None
      backup_path_private_files = None
      backup_path_conf = None
      ignore_conf = False
      include_doctypes = ''
      exclude_doctypes = ''
      compress = False
      force = True
      verbose = True
      old_backup_metadata = False
      rollback_callback = <frappe.utils.CallbackManager object at 0x10c2affd0>
      odb = <frappe.utils.backups.BackupGenerator object at 0x10c236fd0>
  File "apps/frappe/frappe/utils/backups.py", line 195, in get_backup
    self.delete_if_step_fails(self.take_dump, self.backup_path_db)
      self = <frappe.utils.backups.BackupGenerator object at 0x10c236fd0>
      older_than = 6
      ignore_files = True
      force = True
      last_db = False
      last_file = False
      last_private_file = False
      site_config_backup_path = False
  File "apps/frappe/frappe/utils/backups.py", line 520, in delete_if_step_fails
    raise e
      self = <frappe.utils.backups.BackupGenerator object at 0x10c236fd0>
      step = <bound method BackupGenerator.take_dump of <frappe.utils.backups.BackupGenerator object at 0x10c236fd0>>
      paths = ('./test-site.local/private/backups/20251106_153002-test-site_local-database.sql.gz',)
      path = './test-site.local/private/backups/20251106_153002-test-site_local-database.sql.gz'
  File "apps/frappe/frappe/utils/backups.py", line 515, in delete_if_step_fails
    step()
      self = <frappe.utils.backups.BackupGenerator object at 0x10c236fd0>
      step = <bound method BackupGenerator.take_dump of <frappe.utils.backups.BackupGenerator object at 0x10c236fd0>>
      paths = ('./test-site.local/private/backups/20251106_153002-test-site_local-database.sql.gz',)
      path = './test-site.local/private/backups/20251106_153002-test-site_local-database.sql.gz'
  File "apps/frappe/frappe/utils/backups.py", line 457, in take_dump
    frappe.throw(
      self = <frappe.utils.backups.BackupGenerator object at 0x10c236fd0>
      shlex = <module 'shlex' from '/opt/homebrew/Cellar/python@3.13/3.13.1/Frameworks/Python.framework/Versions/3.13/lib/python3.13/shlex.py'>
      frappe = <module 'frappe' from 'apps/frappe/frappe/__init__.py'>
      get_app_branch = <function get_app_branch at 0x10c00eac0>
      gzip_exc = '/usr/bin/gzip'
      database_header_content = ['begin frappe metadata', '[frappe]', 'version = 15.87.0', 'branch = version-15', 'end frappe metadata', '']
      generated_header = '-- begin frappe metadata\n-- [frappe]\n-- version = 15.87.0\n-- branch = version-15\n-- end frappe metadata\n-- \n'
      f = <_io.TextIOWrapper name='./test-site.local/private/backups/20251106_153002-test-site_local-database.sql.gz' encoding='UTF-8'>
      cmd = []
      extra = []
      get_command = <function get_command at 0x10bcfbb00>
      bin = None
      args = ['--user=_537373b7e3047fb7', '--host=127.0.0.1', '--port=3306', '--password=U5hxfjpquKPDmY5A', '--single-transaction', '--quick', '--lock-tables=false', '_537373b7e3047fb7']
      bin_name = 'mariadb-dump'
  File "apps/frappe/frappe/__init__.py", line 609, in throw
    msgprint(
      msg = 'mariadb-dump not found in PATH! This is required to take a backup.'
      exc = <class 'frappe.exceptions.ExecutableNotFound'>
      title = None
      is_minimizable = False
      wide = False
      as_list = False
      primary_action = None
  File "apps/frappe/frappe/__init__.py", line 574, in msgprint
    _raise_exception()
      msg = 'mariadb-dump not found in PATH! This is required to take a backup.'
      title = None
      raise_exception = <class 'frappe.exceptions.ExecutableNotFound'>
      as_table = False
      as_list = False
      indicator = 'red'
      alert = False
      primary_action = None
      is_minimizable = False
      wide = False
      realtime = False
      sys = <module 'sys' (built-in)>
      _raise_exception = <function msgprint.<locals>._raise_exception at 0x10c30e980>
      inspect = <module 'inspect' from '/opt/homebrew/Cellar/python@3.13/3.13.1/Frameworks/Python.framework/Versions/3.13/lib/python3.13/inspect.py'>
      out = {'message': 'mariadb-dump not found in PATH! This is required to take a backup.', 'title': 'Message', 'indicator': 'red', 'raise_exception': 1, '__frappe_exc_id': '68c4905abea6aa4c114715cdcdc687ca0f9559ca9efc0b2a9d3769fe'}
  File "apps/frappe/frappe/__init__.py", line 525, in _raise_exception
    raise exc
      exc = ExecutableNotFound('mariadb-dump not found in PATH! This is required to take a backup.')
      inspect = <module 'inspect' from '/opt/homebrew/Cellar/python@3.13/3.13.1/Frameworks/Python.framework/Versions/3.13/lib/python3.13/inspect.py'>
      msg = 'mariadb-dump not found in PATH! This is required to take a backup.'
      out = {'message': 'mariadb-dump not found in PATH! This is required to take a backup.', 'title': 'Message', 'indicator': 'red', 'raise_exception': 1, '__frappe_exc_id': '68c4905abea6aa4c114715cdcdc687ca0f9559ca9efc0b2a9d3769fe'}
      raise_exception = <class 'frappe.exceptions.ExecutableNotFound'>
frappe.exceptions.ExecutableNotFound: mariadb-dump not found in PATH! This is required to take a backup.
Backup failed for Site test-site.local. Database or site_config.json may be corrupted
Traceback with variables (most recent call last):
  File "apps/frappe/frappe/commands/site.py", line 845, in backup
    odb = scheduled_backup(
      context = {'sites': ['test-site.local', 'vendor-qc.local'], 'force': False, 'verbose': True, 'profile': False}
      with_files = False
      backup_path = None
      backup_path_db = None
      backup_path_files = None
      backup_path_private_files = None
      backup_path_conf = None
      ignore_backup_conf = False
      verbose = True
      compress = False
      include = ''
      exclude = ''
      old_backup_metadata = False
      scheduled_backup = <function scheduled_backup at 0x10cc13a60>
      exit_code = 0
      rollback_callback = None
      site = 'test-site.local'
  File "apps/frappe/frappe/utils/backups.py", line 568, in scheduled_backup
    return new_backup(
      older_than = 6
      ignore_files = True
      backup_path = None
      backup_path_db = None
      backup_path_files = None
      backup_path_private_files = None
      backup_path_conf = None
      ignore_conf = False
      include_doctypes = ''
      exclude_doctypes = ''
      compress = False
      force = True
      verbose = True
      old_backup_metadata = False
      rollback_callback = <frappe.utils.CallbackManager object at 0x10ce63b50>
  File "apps/frappe/frappe/utils/backups.py", line 626, in new_backup
    odb.get_backup(older_than, ignore_files, force=force)
      older_than = 6
      ignore_files = True
      backup_path = None
      backup_path_db = None
      backup_path_files = None
      backup_path_private_files = None
      backup_path_conf = None
      ignore_conf = False
      include_doctypes = ''
      exclude_doctypes = ''
      compress = False
      force = True
      verbose = True
      old_backup_metadata = False
      rollback_callback = <frappe.utils.CallbackManager object at 0x10ce63b50>
      odb = <frappe.utils.backups.BackupGenerator object at 0x10ce03230>
  File "apps/frappe/frappe/utils/backups.py", line 195, in get_backup
    self.delete_if_step_fails(self.take_dump, self.backup_path_db)
      self = <frappe.utils.backups.BackupGenerator object at 0x10ce03230>
      older_than = 6
      ignore_files = True
      force = True
      last_db = False
      last_file = False
      last_private_file = False
      site_config_backup_path = False
  File "apps/frappe/frappe/utils/backups.py", line 520, in delete_if_step_fails
    raise e
      self = <frappe.utils.backups.BackupGenerator object at 0x10ce03230>
      step = <bound method BackupGenerator.take_dump of <frappe.utils.backups.BackupGenerator object at 0x10ce03230>>
      paths = ('./test-site.local/private/backups/20251106_213002-test-site_local-database.sql.gz',)
      path = './test-site.local/private/backups/20251106_213002-test-site_local-database.sql.gz'
  File "apps/frappe/frappe/utils/backups.py", line 515, in delete_if_step_fails
    step()
      self = <frappe.utils.backups.BackupGenerator object at 0x10ce03230>
      step = <bound method BackupGenerator.take_dump of <frappe.utils.backups.BackupGenerator object at 0x10ce03230>>
      paths = ('./test-site.local/private/backups/20251106_213002-test-site_local-database.sql.gz',)
      path = './test-site.local/private/backups/20251106_213002-test-site_local-database.sql.gz'
  File "apps/frappe/frappe/utils/backups.py", line 457, in take_dump
    frappe.throw(
      self = <frappe.utils.backups.BackupGenerator object at 0x10ce03230>
      shlex = <module 'shlex' from '/opt/homebrew/Cellar/python@3.13/3.13.1/Frameworks/Python.framework/Versions/3.13/lib/python3.13/shlex.py'>
      frappe = <module 'frappe' from 'apps/frappe/frappe/__init__.py'>
      get_app_branch = <function get_app_branch at 0x10cbf6ac0>
      gzip_exc = '/usr/bin/gzip'
      database_header_content = ['begin frappe metadata', '[frappe]', 'version = 15.87.0', 'branch = version-15', 'end frappe metadata', '']
      generated_header = '-- begin frappe metadata\n-- [frappe]\n-- version = 15.87.0\n-- branch = version-15\n-- end frappe metadata\n-- \n'
      f = <_io.TextIOWrapper name='./test-site.local/private/backups/20251106_213002-test-site_local-database.sql.gz' encoding='UTF-8'>
      cmd = []
      extra = []
      get_command = <function get_command at 0x10c8e3b00>
      bin = None
      args = ['--user=_537373b7e3047fb7', '--host=127.0.0.1', '--port=3306', '--password=U5hxfjpquKPDmY5A', '--single-transaction', '--quick', '--lock-tables=false', '_537373b7e3047fb7']
      bin_name = 'mariadb-dump'
  File "apps/frappe/frappe/__init__.py", line 609, in throw
    msgprint(
      msg = 'mariadb-dump not found in PATH! This is required to take a backup.'
      exc = <class 'frappe.exceptions.ExecutableNotFound'>
      title = None
      is_minimizable = False
      wide = False
      as_list = False
      primary_action = None
  File "apps/frappe/frappe/__init__.py", line 574, in msgprint
    _raise_exception()
      msg = 'mariadb-dump not found in PATH! This is required to take a backup.'
      title = None
      raise_exception = <class 'frappe.exceptions.ExecutableNotFound'>
      as_table = False
      as_list = False
      indicator = 'red'
      alert = False
      primary_action = None
      is_minimizable = False
      wide = False
      realtime = False
      sys = <module 'sys' (built-in)>
      _raise_exception = <function msgprint.<locals>._raise_exception at 0x10aaddda0>
      inspect = <module 'inspect' from '/opt/homebrew/Cellar/python@3.13/3.13.1/Frameworks/Python.framework/Versions/3.13/lib/python3.13/inspect.py'>
      out = {'message': 'mariadb-dump not found in PATH! This is required to take a backup.', 'title': 'Message', 'indicator': 'red', 'raise_exception': 1, '__frappe_exc_id': '216bb8ec1bead33aa0a7ad7b708f5378bf4f1c27ce138f405a260487'}
  File "apps/frappe/frappe/__init__.py", line 525, in _raise_exception
    raise exc
      exc = ExecutableNotFound('mariadb-dump not found in PATH! This is required to take a backup.')
      inspect = <module 'inspect' from '/opt/homebrew/Cellar/python@3.13/3.13.1/Frameworks/Python.framework/Versions/3.13/lib/python3.13/inspect.py'>
      msg = 'mariadb-dump not found in PATH! This is required to take a backup.'
      out = {'message': 'mariadb-dump not found in PATH! This is required to take a backup.', 'title': 'Message', 'indicator': 'red', 'raise_exception': 1, '__frappe_exc_id': '216bb8ec1bead33aa0a7ad7b708f5378bf4f1c27ce138f405a260487'}
      raise_exception = <class 'frappe.exceptions.ExecutableNotFound'>
frappe.exceptions.ExecutableNotFound: mariadb-dump not found in PATH! This is required to take a backup.
Backup failed for Site vendor-qc.local. Database or site_config.json may be corrupted
Traceback with variables (most recent call last):
  File "apps/frappe/frappe/commands/site.py", line 845, in backup
    odb = scheduled_backup(
      context = {'sites': ['test-site.local', 'vendor-qc.local'], 'force': False, 'verbose': True, 'profile': False}
      with_files = False
      backup_path = None
      backup_path_db = None
      backup_path_files = None
      backup_path_private_files = None
      backup_path_conf = None
      ignore_backup_conf = False
      verbose = True
      compress = False
      include = ''
      exclude = ''
      old_backup_metadata = False
      scheduled_backup = <function scheduled_backup at 0x10cc13a60>
      exit_code = 1
      rollback_callback = None
      site = 'vendor-qc.local'
  File "apps/frappe/frappe/utils/backups.py", line 568, in scheduled_backup
    return new_backup(
      older_than = 6
      ignore_files = True
      backup_path = None
      backup_path_db = None
      backup_path_files = None
      backup_path_private_files = None
      backup_path_conf = None
      ignore_conf = False
      include_doctypes = ''
      exclude_doctypes = ''
      compress = False
      force = True
      verbose = True
      old_backup_metadata = False
      rollback_callback = <frappe.utils.CallbackManager object at 0x10ceb9a50>
  File "apps/frappe/frappe/utils/backups.py", line 626, in new_backup
    odb.get_backup(older_than, ignore_files, force=force)
      older_than = 6
      ignore_files = True
      backup_path = None
      backup_path_db = None
      backup_path_files = None
      backup_path_private_files = None
      backup_path_conf = None
      ignore_conf = False
      include_doctypes = ''
      exclude_doctypes = ''
      compress = False
      force = True
      verbose = True
      old_backup_metadata = False
      rollback_callback = <frappe.utils.CallbackManager object at 0x10ceb9a50>
      odb = <frappe.utils.backups.BackupGenerator object at 0x10ce1efd0>
  File "apps/frappe/frappe/utils/backups.py", line 195, in get_backup
    self.delete_if_step_fails(self.take_dump, self.backup_path_db)
      self = <frappe.utils.backups.BackupGenerator object at 0x10ce1efd0>
      older_than = 6
      ignore_files = True
      force = True
      last_db = False
      last_file = False
      last_private_file = False
      site_config_backup_path = False
  File "apps/frappe/frappe/utils/backups.py", line 520, in delete_if_step_fails
    raise e
      self = <frappe.utils.backups.BackupGenerator object at 0x10ce1efd0>
      step = <bound method BackupGenerator.take_dump of <frappe.utils.backups.BackupGenerator object at 0x10ce1efd0>>
      paths = ('./test-site.local/private/backups/20251106_213002-test-site_local-database.sql.gz',)
      path = './test-site.local/private/backups/20251106_213002-test-site_local-database.sql.gz'
  File "apps/frappe/frappe/utils/backups.py", line 515, in delete_if_step_fails
    step()
      self = <frappe.utils.backups.BackupGenerator object at 0x10ce1efd0>
      step = <bound method BackupGenerator.take_dump of <frappe.utils.backups.BackupGenerator object at 0x10ce1efd0>>
      paths = ('./test-site.local/private/backups/20251106_213002-test-site_local-database.sql.gz',)
      path = './test-site.local/private/backups/20251106_213002-test-site_local-database.sql.gz'
  File "apps/frappe/frappe/utils/backups.py", line 457, in take_dump
    frappe.throw(
      self = <frappe.utils.backups.BackupGenerator object at 0x10ce1efd0>
      shlex = <module 'shlex' from '/opt/homebrew/Cellar/python@3.13/3.13.1/Frameworks/Python.framework/Versions/3.13/lib/python3.13/shlex.py'>
      frappe = <module 'frappe' from 'apps/frappe/frappe/__init__.py'>
      get_app_branch = <function get_app_branch at 0x10cbf6ac0>
      gzip_exc = '/usr/bin/gzip'
      database_header_content = ['begin frappe metadata', '[frappe]', 'version = 15.87.0', 'branch = version-15', 'end frappe metadata', '']
      generated_header = '-- begin frappe metadata\n-- [frappe]\n-- version = 15.87.0\n-- branch = version-15\n-- end frappe metadata\n-- \n'
      f = <_io.TextIOWrapper name='./test-site.local/private/backups/20251106_213002-test-site_local-database.sql.gz' encoding='UTF-8'>
      cmd = []
      extra = []
      get_command = <function get_command at 0x10c8e3b00>
      bin = None
      args = ['--user=_537373b7e3047fb7', '--host=127.0.0.1', '--port=3306', '--password=U5hxfjpquKPDmY5A', '--single-transaction', '--quick', '--lock-tables=false', '_537373b7e3047fb7']
      bin_name = 'mariadb-dump'
  File "apps/frappe/frappe/__init__.py", line 609, in throw
    msgprint(
      msg = 'mariadb-dump not found in PATH! This is required to take a backup.'
      exc = <class 'frappe.exceptions.ExecutableNotFound'>
      title = None
      is_minimizable = False
      wide = False
      as_list = False
      primary_action = None
  File "apps/frappe/frappe/__init__.py", line 574, in msgprint
    _raise_exception()
      msg = 'mariadb-dump not found in PATH! This is required to take a backup.'
      title = None
      raise_exception = <class 'frappe.exceptions.ExecutableNotFound'>
      as_table = False
      as_list = False
      indicator = 'red'
      alert = False
      primary_action = None
      is_minimizable = False
      wide = False
      realtime = False
      sys = <module 'sys' (built-in)>
      _raise_exception = <function msgprint.<locals>._raise_exception at 0x10cef6980>
      inspect = <module 'inspect' from '/opt/homebrew/Cellar/python@3.13/3.13.1/Frameworks/Python.framework/Versions/3.13/lib/python3.13/inspect.py'>
      out = {'message': 'mariadb-dump not found in PATH! This is required to take a backup.', 'title': 'Message', 'indicator': 'red', 'raise_exception': 1, '__frappe_exc_id': 'a34dc115b9d176a5797fb363f86e4e96fcb8c12f88245dc3fcdf16a9'}
  File "apps/frappe/frappe/__init__.py", line 525, in _raise_exception
    raise exc
      exc = ExecutableNotFound('mariadb-dump not found in PATH! This is required to take a backup.')
      inspect = <module 'inspect' from '/opt/homebrew/Cellar/python@3.13/3.13.1/Frameworks/Python.framework/Versions/3.13/lib/python3.13/inspect.py'>
      msg = 'mariadb-dump not found in PATH! This is required to take a backup.'
      out = {'message': 'mariadb-dump not found in PATH! This is required to take a backup.', 'title': 'Message', 'indicator': 'red', 'raise_exception': 1, '__frappe_exc_id': 'a34dc115b9d176a5797fb363f86e4e96fcb8c12f88245dc3fcdf16a9'}
      raise_exception = <class 'frappe.exceptions.ExecutableNotFound'>
frappe.exceptions.ExecutableNotFound: mariadb-dump not found in PATH! This is required to take a backup.
Backup failed for Site test-site.local. Database or site_config.json may be corrupted
Traceback with variables (most recent call last):
  File "apps/frappe/frappe/commands/site.py", line 845, in backup
    odb = scheduled_backup(
      context = {'sites': ['test-site.local', 'vendor-qc.local'], 'force': False, 'verbose': True, 'profile': False}
      with_files = False
      backup_path = None
      backup_path_db = None
      backup_path_files = None
      backup_path_private_files = None
      backup_path_conf = None
      ignore_backup_conf = False
      verbose = True
      compress = False
      include = ''
      exclude = ''
      old_backup_metadata = False
      scheduled_backup = <function scheduled_backup at 0x108d6ba60>
      exit_code = 0
      rollback_callback = None
      site = 'test-site.local'
  File "apps/frappe/frappe/utils/backups.py", line 568, in scheduled_backup
    return new_backup(
      older_than = 6
      ignore_files = True
      backup_path = None
      backup_path_db = None
      backup_path_files = None
      backup_path_private_files = None
      backup_path_conf = None
      ignore_conf = False
      include_doctypes = ''
      exclude_doctypes = ''
      compress = False
      force = True
      verbose = True
      old_backup_metadata = False
      rollback_callback = <frappe.utils.CallbackManager object at 0x108fce290>
  File "apps/frappe/frappe/utils/backups.py", line 626, in new_backup
    odb.get_backup(older_than, ignore_files, force=force)
      older_than = 6
      ignore_files = True
      backup_path = None
      backup_path_db = None
      backup_path_files = None
      backup_path_private_files = None
      backup_path_conf = None
      ignore_conf = False
      include_doctypes = ''
      exclude_doctypes = ''
      compress = False
      force = True
      verbose = True
      old_backup_metadata = False
      rollback_callback = <frappe.utils.CallbackManager object at 0x108fce290>
      odb = <frappe.utils.backups.BackupGenerator object at 0x108f5f230>
  File "apps/frappe/frappe/utils/backups.py", line 195, in get_backup
    self.delete_if_step_fails(self.take_dump, self.backup_path_db)
      self = <frappe.utils.backups.BackupGenerator object at 0x108f5f230>
      older_than = 6
      ignore_files = True
      force = True
      last_db = False
      last_file = False
      last_private_file = False
      site_config_backup_path = False
  File "apps/frappe/frappe/utils/backups.py", line 520, in delete_if_step_fails
    raise e
      self = <frappe.utils.backups.BackupGenerator object at 0x108f5f230>
      step = <bound method BackupGenerator.take_dump of <frappe.utils.backups.BackupGenerator object at 0x108f5f230>>
      paths = ('./test-site.local/private/backups/20251107_033002-test-site_local-database.sql.gz',)
      path = './test-site.local/private/backups/20251107_033002-test-site_local-database.sql.gz'
  File "apps/frappe/frappe/utils/backups.py", line 515, in delete_if_step_fails
    step()
      self = <frappe.utils.backups.BackupGenerator object at 0x108f5f230>
      step = <bound method BackupGenerator.take_dump of <frappe.utils.backups.BackupGenerator object at 0x108f5f230>>
      paths = ('./test-site.local/private/backups/20251107_033002-test-site_local-database.sql.gz',)
      path = './test-site.local/private/backups/20251107_033002-test-site_local-database.sql.gz'
  File "apps/frappe/frappe/utils/backups.py", line 457, in take_dump
    frappe.throw(
      self = <frappe.utils.backups.BackupGenerator object at 0x108f5f230>
      shlex = <module 'shlex' from '/opt/homebrew/Cellar/python@3.13/3.13.1/Frameworks/Python.framework/Versions/3.13/lib/python3.13/shlex.py'>
      frappe = <module 'frappe' from 'apps/frappe/frappe/__init__.py'>
      get_app_branch = <function get_app_branch at 0x108d52ac0>
      gzip_exc = '/usr/bin/gzip'
      database_header_content = ['begin frappe metadata', '[frappe]', 'version = 15.87.0', 'branch = version-15', 'end frappe metadata', '']
      generated_header = '-- begin frappe metadata\n-- [frappe]\n-- version = 15.87.0\n-- branch = version-15\n-- end frappe metadata\n-- \n'
      f = <_io.TextIOWrapper name='./test-site.local/private/backups/20251107_033002-test-site_local-database.sql.gz' encoding='UTF-8'>
      cmd = []
      extra = []
      get_command = <function get_command at 0x108a3fb00>
      bin = None
      args = ['--user=_537373b7e3047fb7', '--host=127.0.0.1', '--port=3306', '--password=U5hxfjpquKPDmY5A', '--single-transaction', '--quick', '--lock-tables=false', '_537373b7e3047fb7']
      bin_name = 'mariadb-dump'
  File "apps/frappe/frappe/__init__.py", line 609, in throw
    msgprint(
      msg = 'mariadb-dump not found in PATH! This is required to take a backup.'
      exc = <class 'frappe.exceptions.ExecutableNotFound'>
      title = None
      is_minimizable = False
      wide = False
      as_list = False
      primary_action = None
  File "apps/frappe/frappe/__init__.py", line 574, in msgprint
    _raise_exception()
      msg = 'mariadb-dump not found in PATH! This is required to take a backup.'
      title = None
      raise_exception = <class 'frappe.exceptions.ExecutableNotFound'>
      as_table = False
      as_list = False
      indicator = 'red'
      alert = False
      primary_action = None
      is_minimizable = False
      wide = False
      realtime = False
      sys = <module 'sys' (built-in)>
      _raise_exception = <function msgprint.<locals>._raise_exception at 0x106c69da0>
      inspect = <module 'inspect' from '/opt/homebrew/Cellar/python@3.13/3.13.1/Frameworks/Python.framework/Versions/3.13/lib/python3.13/inspect.py'>
      out = {'message': 'mariadb-dump not found in PATH! This is required to take a backup.', 'title': 'Message', 'indicator': 'red', 'raise_exception': 1, '__frappe_exc_id': '7dbf0548878636425a1d646cd35ffbf44d698d3656e86cc7201289e1'}
  File "apps/frappe/frappe/__init__.py", line 525, in _raise_exception
    raise exc
      exc = ExecutableNotFound('mariadb-dump not found in PATH! This is required to take a backup.')
      inspect = <module 'inspect' from '/opt/homebrew/Cellar/python@3.13/3.13.1/Frameworks/Python.framework/Versions/3.13/lib/python3.13/inspect.py'>
      msg = 'mariadb-dump not found in PATH! This is required to take a backup.'
      out = {'message': 'mariadb-dump not found in PATH! This is required to take a backup.', 'title': 'Message', 'indicator': 'red', 'raise_exception': 1, '__frappe_exc_id': '7dbf0548878636425a1d646cd35ffbf44d698d3656e86cc7201289e1'}
      raise_exception = <class 'frappe.exceptions.ExecutableNotFound'>
frappe.exceptions.ExecutableNotFound: mariadb-dump not found in PATH! This is required to take a backup.
Backup failed for Site vendor-qc.local. Database or site_config.json may be corrupted
Traceback with variables (most recent call last):
  File "apps/frappe/frappe/commands/site.py", line 845, in backup
    odb = scheduled_backup(
      context = {'sites': ['test-site.local', 'vendor-qc.local'], 'force': False, 'verbose': True, 'profile': False}
      with_files = False
      backup_path = None
      backup_path_db = None
      backup_path_files = None
      backup_path_private_files = None
      backup_path_conf = None
      ignore_backup_conf = False
      verbose = True
      compress = False
      include = ''
      exclude = ''
      old_backup_metadata = False
      scheduled_backup = <function scheduled_backup at 0x108d6ba60>
      exit_code = 1
      rollback_callback = None
      site = 'vendor-qc.local'
  File "apps/frappe/frappe/utils/backups.py", line 568, in scheduled_backup
    return new_backup(
      older_than = 6
      ignore_files = True
      backup_path = None
      backup_path_db = None
      backup_path_files = None
      backup_path_private_files = None
      backup_path_conf = None
      ignore_conf = False
      include_doctypes = ''
      exclude_doctypes = ''
      compress = False
      force = True
      verbose = True
      old_backup_metadata = False
      rollback_callback = <frappe.utils.CallbackManager object at 0x10900bfd0>
  File "apps/frappe/frappe/utils/backups.py", line 626, in new_backup
    odb.get_backup(older_than, ignore_files, force=force)
      older_than = 6
      ignore_files = True
      backup_path = None
      backup_path_db = None
      backup_path_files = None
      backup_path_private_files = None
      backup_path_conf = None
      ignore_conf = False
      include_doctypes = ''
      exclude_doctypes = ''
      compress = False
      force = True
      verbose = True
      old_backup_metadata = False
      rollback_callback = <frappe.utils.CallbackManager object at 0x10900bfd0>
      odb = <frappe.utils.backups.BackupGenerator object at 0x108f7afd0>
  File "apps/frappe/frappe/utils/backups.py", line 195, in get_backup
    self.delete_if_step_fails(self.take_dump, self.backup_path_db)
      self = <frappe.utils.backups.BackupGenerator object at 0x108f7afd0>
      older_than = 6
      ignore_files = True
      force = True
      last_db = False
      last_file = False
      last_private_file = False
      site_config_backup_path = False
  File "apps/frappe/frappe/utils/backups.py", line 520, in delete_if_step_fails
    raise e
      self = <frappe.utils.backups.BackupGenerator object at 0x108f7afd0>
      step = <bound method BackupGenerator.take_dump of <frappe.utils.backups.BackupGenerator object at 0x108f7afd0>>
      paths = ('./test-site.local/private/backups/20251107_033002-test-site_local-database.sql.gz',)
      path = './test-site.local/private/backups/20251107_033002-test-site_local-database.sql.gz'
  File "apps/frappe/frappe/utils/backups.py", line 515, in delete_if_step_fails
    step()
      self = <frappe.utils.backups.BackupGenerator object at 0x108f7afd0>
      step = <bound method BackupGenerator.take_dump of <frappe.utils.backups.BackupGenerator object at 0x108f7afd0>>
      paths = ('./test-site.local/private/backups/20251107_033002-test-site_local-database.sql.gz',)
      path = './test-site.local/private/backups/20251107_033002-test-site_local-database.sql.gz'
  File "apps/frappe/frappe/utils/backups.py", line 457, in take_dump
    frappe.throw(
      self = <frappe.utils.backups.BackupGenerator object at 0x108f7afd0>
      shlex = <module 'shlex' from '/opt/homebrew/Cellar/python@3.13/3.13.1/Frameworks/Python.framework/Versions/3.13/lib/python3.13/shlex.py'>
      frappe = <module 'frappe' from 'apps/frappe/frappe/__init__.py'>
      get_app_branch = <function get_app_branch at 0x108d52ac0>
      gzip_exc = '/usr/bin/gzip'
      database_header_content = ['begin frappe metadata', '[frappe]', 'version = 15.87.0', 'branch = version-15', 'end frappe metadata', '']
      generated_header = '-- begin frappe metadata\n-- [frappe]\n-- version = 15.87.0\n-- branch = version-15\n-- end frappe metadata\n-- \n'
      f = <_io.TextIOWrapper name='./test-site.local/private/backups/20251107_033002-test-site_local-database.sql.gz' encoding='UTF-8'>
      cmd = []
      extra = []
      get_command = <function get_command at 0x108a3fb00>
      bin = None
      args = ['--user=_537373b7e3047fb7', '--host=127.0.0.1', '--port=3306', '--password=U5hxfjpquKPDmY5A', '--single-transaction', '--quick', '--lock-tables=false', '_537373b7e3047fb7']
      bin_name = 'mariadb-dump'
  File "apps/frappe/frappe/__init__.py", line 609, in throw
    msgprint(
      msg = 'mariadb-dump not found in PATH! This is required to take a backup.'
      exc = <class 'frappe.exceptions.ExecutableNotFound'>
      title = None
      is_minimizable = False
      wide = False
      as_list = False
      primary_action = None
  File "apps/frappe/frappe/__init__.py", line 574, in msgprint
    _raise_exception()
      msg = 'mariadb-dump not found in PATH! This is required to take a backup.'
      title = None
      raise_exception = <class 'frappe.exceptions.ExecutableNotFound'>
      as_table = False
      as_list = False
      indicator = 'red'
      alert = False
      primary_action = None
      is_minimizable = False
      wide = False
      realtime = False
      sys = <module 'sys' (built-in)>
      _raise_exception = <function msgprint.<locals>._raise_exception at 0x109056980>
      inspect = <module 'inspect' from '/opt/homebrew/Cellar/python@3.13/3.13.1/Frameworks/Python.framework/Versions/3.13/lib/python3.13/inspect.py'>
      out = {'message': 'mariadb-dump not found in PATH! This is required to take a backup.', 'title': 'Message', 'indicator': 'red', 'raise_exception': 1, '__frappe_exc_id': 'e8fc9984b7140aacdd08636238b607c62940a91dfca743d4f4dbd09e'}
  File "apps/frappe/frappe/__init__.py", line 525, in _raise_exception
    raise exc
      exc = ExecutableNotFound('mariadb-dump not found in PATH! This is required to take a backup.')
      inspect = <module 'inspect' from '/opt/homebrew/Cellar/python@3.13/3.13.1/Frameworks/Python.framework/Versions/3.13/lib/python3.13/inspect.py'>
      msg = 'mariadb-dump not found in PATH! This is required to take a backup.'
      out = {'message': 'mariadb-dump not found in PATH! This is required to take a backup.', 'title': 'Message', 'indicator': 'red', 'raise_exception': 1, '__frappe_exc_id': 'e8fc9984b7140aacdd08636238b607c62940a91dfca743d4f4dbd09e'}
      raise_exception = <class 'frappe.exceptions.ExecutableNotFound'>
frappe.exceptions.ExecutableNotFound: mariadb-dump not found in PATH! This is required to take a backup.
Backup failed for Site test-site.local. Database or site_config.json may be corrupted
Traceback with variables (most recent call last):
  File "apps/frappe/frappe/commands/site.py", line 845, in backup
    odb = scheduled_backup(
      context = {'sites': ['test-site.local', 'vendor-qc.local'], 'force': False, 'verbose': True, 'profile': False}
      with_files = False
      backup_path = None
      backup_path_db = None
      backup_path_files = None
      backup_path_private_files = None
      backup_path_conf = None
      ignore_backup_conf = False
      verbose = True
      compress = False
      include = ''
      exclude = ''
      old_backup_metadata = False
      scheduled_backup = <function scheduled_backup at 0x10a323a60>
      exit_code = 0
      rollback_callback = None
      site = 'test-site.local'
  File "apps/frappe/frappe/utils/backups.py", line 568, in scheduled_backup
    return new_backup(
      older_than = 6
      ignore_files = True
      backup_path = None
      backup_path_db = None
      backup_path_files = None
      backup_path_private_files = None
      backup_path_conf = None
      ignore_conf = False
      include_doctypes = ''
      exclude_doctypes = ''
      compress = False
      force = True
      verbose = True
      old_backup_metadata = False
      rollback_callback = <frappe.utils.CallbackManager object at 0x10a5167a0>
  File "apps/frappe/frappe/utils/backups.py", line 626, in new_backup
    odb.get_backup(older_than, ignore_files, force=force)
      older_than = 6
      ignore_files = True
      backup_path = None
      backup_path_db = None
      backup_path_files = None
      backup_path_private_files = None
      backup_path_conf = None
      ignore_conf = False
      include_doctypes = ''
      exclude_doctypes = ''
      compress = False
      force = True
      verbose = True
      old_backup_metadata = False
      rollback_callback = <frappe.utils.CallbackManager object at 0x10a5167a0>
      odb = <frappe.utils.backups.BackupGenerator object at 0x10a4af230>
  File "apps/frappe/frappe/utils/backups.py", line 195, in get_backup
    self.delete_if_step_fails(self.take_dump, self.backup_path_db)
      self = <frappe.utils.backups.BackupGenerator object at 0x10a4af230>
      older_than = 6
      ignore_files = True
      force = True
      last_db = False
      last_file = False
      last_private_file = False
      site_config_backup_path = False
  File "apps/frappe/frappe/utils/backups.py", line 520, in delete_if_step_fails
    raise e
      self = <frappe.utils.backups.BackupGenerator object at 0x10a4af230>
      step = <bound method BackupGenerator.take_dump of <frappe.utils.backups.BackupGenerator object at 0x10a4af230>>
      paths = ('./test-site.local/private/backups/20251107_093002-test-site_local-database.sql.gz',)
      path = './test-site.local/private/backups/20251107_093002-test-site_local-database.sql.gz'
  File "apps/frappe/frappe/utils/backups.py", line 515, in delete_if_step_fails
    step()
      self = <frappe.utils.backups.BackupGenerator object at 0x10a4af230>
      step = <bound method BackupGenerator.take_dump of <frappe.utils.backups.BackupGenerator object at 0x10a4af230>>
      paths = ('./test-site.local/private/backups/20251107_093002-test-site_local-database.sql.gz',)
      path = './test-site.local/private/backups/20251107_093002-test-site_local-database.sql.gz'
  File "apps/frappe/frappe/utils/backups.py", line 457, in take_dump
    frappe.throw(
      self = <frappe.utils.backups.BackupGenerator object at 0x10a4af230>
      shlex = <module 'shlex' from '/opt/homebrew/Cellar/python@3.13/3.13.1/Frameworks/Python.framework/Versions/3.13/lib/python3.13/shlex.py'>
      frappe = <module 'frappe' from 'apps/frappe/frappe/__init__.py'>
      get_app_branch = <function get_app_branch at 0x10a30aac0>
      gzip_exc = '/usr/bin/gzip'
      database_header_content = ['begin frappe metadata', '[frappe]', 'version = 15.87.0', 'branch = version-15', 'end frappe metadata', '']
      generated_header = '-- begin frappe metadata\n-- [frappe]\n-- version = 15.87.0\n-- branch = version-15\n-- end frappe metadata\n-- \n'
      f = <_io.TextIOWrapper name='./test-site.local/private/backups/20251107_093002-test-site_local-database.sql.gz' encoding='UTF-8'>
      cmd = []
      extra = []
      get_command = <function get_command at 0x109f3fb00>
      bin = None
      args = ['--user=_537373b7e3047fb7', '--host=127.0.0.1', '--port=3306', '--password=U5hxfjpquKPDmY5A', '--single-transaction', '--quick', '--lock-tables=false', '_537373b7e3047fb7']
      bin_name = 'mariadb-dump'
  File "apps/frappe/frappe/__init__.py", line 609, in throw
    msgprint(
      msg = 'mariadb-dump not found in PATH! This is required to take a backup.'
      exc = <class 'frappe.exceptions.ExecutableNotFound'>
      title = None
      is_minimizable = False
      wide = False
      as_list = False
      primary_action = None
  File "apps/frappe/frappe/__init__.py", line 574, in msgprint
    _raise_exception()
      msg = 'mariadb-dump not found in PATH! This is required to take a backup.'
      title = None
      raise_exception = <class 'frappe.exceptions.ExecutableNotFound'>
      as_table = False
      as_list = False
      indicator = 'red'
      alert = False
      primary_action = None
      is_minimizable = False
      wide = False
      realtime = False
      sys = <module 'sys' (built-in)>
      _raise_exception = <function msgprint.<locals>._raise_exception at 0x10818dda0>
      inspect = <module 'inspect' from '/opt/homebrew/Cellar/python@3.13/3.13.1/Frameworks/Python.framework/Versions/3.13/lib/python3.13/inspect.py'>
      out = {'message': 'mariadb-dump not found in PATH! This is required to take a backup.', 'title': 'Message', 'indicator': 'red', 'raise_exception': 1, '__frappe_exc_id': 'dcebb868d221360dcd94fdd89cc9ff5e903f9470bef1966324760d9c'}
  File "apps/frappe/frappe/__init__.py", line 525, in _raise_exception
    raise exc
      exc = ExecutableNotFound('mariadb-dump not found in PATH! This is required to take a backup.')
      inspect = <module 'inspect' from '/opt/homebrew/Cellar/python@3.13/3.13.1/Frameworks/Python.framework/Versions/3.13/lib/python3.13/inspect.py'>
      msg = 'mariadb-dump not found in PATH! This is required to take a backup.'
      out = {'message': 'mariadb-dump not found in PATH! This is required to take a backup.', 'title': 'Message', 'indicator': 'red', 'raise_exception': 1, '__frappe_exc_id': 'dcebb868d221360dcd94fdd89cc9ff5e903f9470bef1966324760d9c'}
      raise_exception = <class 'frappe.exceptions.ExecutableNotFound'>
frappe.exceptions.ExecutableNotFound: mariadb-dump not found in PATH! This is required to take a backup.
Backup failed for Site vendor-qc.local. Database or site_config.json may be corrupted
Traceback with variables (most recent call last):
  File "apps/frappe/frappe/commands/site.py", line 845, in backup
    odb = scheduled_backup(
      context = {'sites': ['test-site.local', 'vendor-qc.local'], 'force': False, 'verbose': True, 'profile': False}
      with_files = False
      backup_path = None
      backup_path_db = None
      backup_path_files = None
      backup_path_private_files = None
      backup_path_conf = None
      ignore_backup_conf = False
      verbose = True
      compress = False
      include = ''
      exclude = ''
      old_backup_metadata = False
      scheduled_backup = <function scheduled_backup at 0x10a323a60>
      exit_code = 1
      rollback_callback = None
      site = 'vendor-qc.local'
  File "apps/frappe/frappe/utils/backups.py", line 568, in scheduled_backup
    return new_backup(
      older_than = 6
      ignore_files = True
      backup_path = None
      backup_path_db = None
      backup_path_files = None
      backup_path_private_files = None
      backup_path_conf = None
      ignore_conf = False
      include_doctypes = ''
      exclude_doctypes = ''
      compress = False
      force = True
      verbose = True
      old_backup_metadata = False
      rollback_callback = <frappe.utils.CallbackManager object at 0x10a55bfd0>
  File "apps/frappe/frappe/utils/backups.py", line 626, in new_backup
    odb.get_backup(older_than, ignore_files, force=force)
      older_than = 6
      ignore_files = True
      backup_path = None
      backup_path_db = None
      backup_path_files = None
      backup_path_private_files = None
      backup_path_conf = None
      ignore_conf = False
      include_doctypes = ''
      exclude_doctypes = ''
      compress = False
      force = True
      verbose = True
      old_backup_metadata = False
      rollback_callback = <frappe.utils.CallbackManager object at 0x10a55bfd0>
      odb = <frappe.utils.backups.BackupGenerator object at 0x10a4cafd0>
  File "apps/frappe/frappe/utils/backups.py", line 195, in get_backup
    self.delete_if_step_fails(self.take_dump, self.backup_path_db)
      self = <frappe.utils.backups.BackupGenerator object at 0x10a4cafd0>
      older_than = 6
      ignore_files = True
      force = True
      last_db = False
      last_file = False
      last_private_file = False
      site_config_backup_path = False
  File "apps/frappe/frappe/utils/backups.py", line 520, in delete_if_step_fails
    raise e
      self = <frappe.utils.backups.BackupGenerator object at 0x10a4cafd0>
      step = <bound method BackupGenerator.take_dump of <frappe.utils.backups.BackupGenerator object at 0x10a4cafd0>>
      paths = ('./test-site.local/private/backups/20251107_093002-test-site_local-database.sql.gz',)
      path = './test-site.local/private/backups/20251107_093002-test-site_local-database.sql.gz'
  File "apps/frappe/frappe/utils/backups.py", line 515, in delete_if_step_fails
    step()
      self = <frappe.utils.backups.BackupGenerator object at 0x10a4cafd0>
      step = <bound method BackupGenerator.take_dump of <frappe.utils.backups.BackupGenerator object at 0x10a4cafd0>>
      paths = ('./test-site.local/private/backups/20251107_093002-test-site_local-database.sql.gz',)
      path = './test-site.local/private/backups/20251107_093002-test-site_local-database.sql.gz'
  File "apps/frappe/frappe/utils/backups.py", line 457, in take_dump
    frappe.throw(
      self = <frappe.utils.backups.BackupGenerator object at 0x10a4cafd0>
      shlex = <module 'shlex' from '/opt/homebrew/Cellar/python@3.13/3.13.1/Frameworks/Python.framework/Versions/3.13/lib/python3.13/shlex.py'>
      frappe = <module 'frappe' from 'apps/frappe/frappe/__init__.py'>
      get_app_branch = <function get_app_branch at 0x10a30aac0>
      gzip_exc = '/usr/bin/gzip'
      database_header_content = ['begin frappe metadata', '[frappe]', 'version = 15.87.0', 'branch = version-15', 'end frappe metadata', '']
      generated_header = '-- begin frappe metadata\n-- [frappe]\n-- version = 15.87.0\n-- branch = version-15\n-- end frappe metadata\n-- \n'
      f = <_io.TextIOWrapper name='./test-site.local/private/backups/20251107_093002-test-site_local-database.sql.gz' encoding='UTF-8'>
      cmd = []
      extra = []
      get_command = <function get_command at 0x109f3fb00>
      bin = None
      args = ['--user=_537373b7e3047fb7', '--host=127.0.0.1', '--port=3306', '--password=U5hxfjpquKPDmY5A', '--single-transaction', '--quick', '--lock-tables=false', '_537373b7e3047fb7']
      bin_name = 'mariadb-dump'
  File "apps/frappe/frappe/__init__.py", line 609, in throw
    msgprint(
      msg = 'mariadb-dump not found in PATH! This is required to take a backup.'
      exc = <class 'frappe.exceptions.ExecutableNotFound'>
      title = None
      is_minimizable = False
      wide = False
      as_list = False
      primary_action = None
  File "apps/frappe/frappe/__init__.py", line 574, in msgprint
    _raise_exception()
      msg = 'mariadb-dump not found in PATH! This is required to take a backup.'
      title = None
      raise_exception = <class 'frappe.exceptions.ExecutableNotFound'>
      as_table = False
      as_list = False
      indicator = 'red'
      alert = False
      primary_action = None
      is_minimizable = False
      wide = False
      realtime = False
      sys = <module 'sys' (built-in)>
      _raise_exception = <function msgprint.<locals>._raise_exception at 0x10a5a6980>
      inspect = <module 'inspect' from '/opt/homebrew/Cellar/python@3.13/3.13.1/Frameworks/Python.framework/Versions/3.13/lib/python3.13/inspect.py'>
      out = {'message': 'mariadb-dump not found in PATH! This is required to take a backup.', 'title': 'Message', 'indicator': 'red', 'raise_exception': 1, '__frappe_exc_id': '14660e4d83a4c182f25b3e15e6d7eb0c67862654fd1cb11df618a55a'}
  File "apps/frappe/frappe/__init__.py", line 525, in _raise_exception
    raise exc
      exc = ExecutableNotFound('mariadb-dump not found in PATH! This is required to take a backup.')
      inspect = <module 'inspect' from '/opt/homebrew/Cellar/python@3.13/3.13.1/Frameworks/Python.framework/Versions/3.13/lib/python3.13/inspect.py'>
      msg = 'mariadb-dump not found in PATH! This is required to take a backup.'
      out = {'message': 'mariadb-dump not found in PATH! This is required to take a backup.', 'title': 'Message', 'indicator': 'red', 'raise_exception': 1, '__frappe_exc_id': '14660e4d83a4c182f25b3e15e6d7eb0c67862654fd1cb11df618a55a'}
      raise_exception = <class 'frappe.exceptions.ExecutableNotFound'>
frappe.exceptions.ExecutableNotFound: mariadb-dump not found in PATH! This is required to take a backup.
Backup failed for Site test-site.local. Database or site_config.json may be corrupted
Traceback with variables (most recent call last):
  File "apps/frappe/frappe/commands/site.py", line 845, in backup
    odb = scheduled_backup(
      context = {'sites': ['test-site.local', 'vendor-qc.local'], 'force': False, 'verbose': True, 'profile': False}
      with_files = False
      backup_path = None
      backup_path_db = None
      backup_path_files = None
      backup_path_private_files = None
      backup_path_conf = None
      ignore_backup_conf = False
      verbose = True
      compress = False
      include = ''
      exclude = ''
      old_backup_metadata = False
      scheduled_backup = <function scheduled_backup at 0x1082f7a60>
      exit_code = 0
      rollback_callback = None
      site = 'test-site.local'
  File "apps/frappe/frappe/utils/backups.py", line 568, in scheduled_backup
    return new_backup(
      older_than = 6
      ignore_files = True
      backup_path = None
      backup_path_db = None
      backup_path_files = None
      backup_path_private_files = None
      backup_path_conf = None
      ignore_conf = False
      include_doctypes = ''
      exclude_doctypes = ''
      compress = False
      force = True
      verbose = True
      old_backup_metadata = False
      rollback_callback = <frappe.utils.CallbackManager object at 0x1084e2aa0>
  File "apps/frappe/frappe/utils/backups.py", line 626, in new_backup
    odb.get_backup(older_than, ignore_files, force=force)
      older_than = 6
      ignore_files = True
      backup_path = None
      backup_path_db = None
      backup_path_files = None
      backup_path_private_files = None
      backup_path_conf = None
      ignore_conf = False
      include_doctypes = ''
      exclude_doctypes = ''
      compress = False
      force = True
      verbose = True
      old_backup_metadata = False
      rollback_callback = <frappe.utils.CallbackManager object at 0x1084e2aa0>
      odb = <frappe.utils.backups.BackupGenerator object at 0x108483230>
  File "apps/frappe/frappe/utils/backups.py", line 195, in get_backup
    self.delete_if_step_fails(self.take_dump, self.backup_path_db)
      self = <frappe.utils.backups.BackupGenerator object at 0x108483230>
      older_than = 6
      ignore_files = True
      force = True
      last_db = False
      last_file = False
      last_private_file = False
      site_config_backup_path = False
  File "apps/frappe/frappe/utils/backups.py", line 520, in delete_if_step_fails
    raise e
      self = <frappe.utils.backups.BackupGenerator object at 0x108483230>
      step = <bound method BackupGenerator.take_dump of <frappe.utils.backups.BackupGenerator object at 0x108483230>>
      paths = ('./test-site.local/private/backups/20251110_213003-test-site_local-database.sql.gz',)
      path = './test-site.local/private/backups/20251110_213003-test-site_local-database.sql.gz'
  File "apps/frappe/frappe/utils/backups.py", line 515, in delete_if_step_fails
    step()
      self = <frappe.utils.backups.BackupGenerator object at 0x108483230>
      step = <bound method BackupGenerator.take_dump of <frappe.utils.backups.BackupGenerator object at 0x108483230>>
      paths = ('./test-site.local/private/backups/20251110_213003-test-site_local-database.sql.gz',)
      path = './test-site.local/private/backups/20251110_213003-test-site_local-database.sql.gz'
  File "apps/frappe/frappe/utils/backups.py", line 457, in take_dump
    frappe.throw(
      self = <frappe.utils.backups.BackupGenerator object at 0x108483230>
      shlex = <module 'shlex' from '/opt/homebrew/Cellar/python@3.13/3.13.1/Frameworks/Python.framework/Versions/3.13/lib/python3.13/shlex.py'>
      frappe = <module 'frappe' from 'apps/frappe/frappe/__init__.py'>
      get_app_branch = <function get_app_branch at 0x1082deac0>
      gzip_exc = '/usr/bin/gzip'
      database_header_content = ['begin frappe metadata', '[frappe]', 'version = 15.87.0', 'branch = version-15', 'end frappe metadata', '']
      generated_header = '-- begin frappe metadata\n-- [frappe]\n-- version = 15.87.0\n-- branch = version-15\n-- end frappe metadata\n-- \n'
      f = <_io.TextIOWrapper name='./test-site.local/private/backups/20251110_213003-test-site_local-database.sql.gz' encoding='UTF-8'>
      cmd = []
      extra = []
      get_command = <function get_command at 0x107f13b00>
      bin = None
      args = ['--user=_537373b7e3047fb7', '--host=127.0.0.1', '--port=3306', '--password=U5hxfjpquKPDmY5A', '--single-transaction', '--quick', '--lock-tables=false', '_537373b7e3047fb7']
      bin_name = 'mariadb-dump'
  File "apps/frappe/frappe/__init__.py", line 609, in throw
    msgprint(
      msg = 'mariadb-dump not found in PATH! This is required to take a backup.'
      exc = <class 'frappe.exceptions.ExecutableNotFound'>
      title = None
      is_minimizable = False
      wide = False
      as_list = False
      primary_action = None
  File "apps/frappe/frappe/__init__.py", line 574, in msgprint
    _raise_exception()
      msg = 'mariadb-dump not found in PATH! This is required to take a backup.'
      title = None
      raise_exception = <class 'frappe.exceptions.ExecutableNotFound'>
      as_table = False
      as_list = False
      indicator = 'red'
      alert = False
      primary_action = None
      is_minimizable = False
      wide = False
      realtime = False
      sys = <module 'sys' (built-in)>
      _raise_exception = <function msgprint.<locals>._raise_exception at 0x106161da0>
      inspect = <module 'inspect' from '/opt/homebrew/Cellar/python@3.13/3.13.1/Frameworks/Python.framework/Versions/3.13/lib/python3.13/inspect.py'>
      out = {'message': 'mariadb-dump not found in PATH! This is required to take a backup.', 'title': 'Message', 'indicator': 'red', 'raise_exception': 1, '__frappe_exc_id': '7850ca993a3dd3ac6781b1809a22f47d8e272bdc43455680450035a7'}
  File "apps/frappe/frappe/__init__.py", line 525, in _raise_exception
    raise exc
      exc = ExecutableNotFound('mariadb-dump not found in PATH! This is required to take a backup.')
      inspect = <module 'inspect' from '/opt/homebrew/Cellar/python@3.13/3.13.1/Frameworks/Python.framework/Versions/3.13/lib/python3.13/inspect.py'>
      msg = 'mariadb-dump not found in PATH! This is required to take a backup.'
      out = {'message': 'mariadb-dump not found in PATH! This is required to take a backup.', 'title': 'Message', 'indicator': 'red', 'raise_exception': 1, '__frappe_exc_id': '7850ca993a3dd3ac6781b1809a22f47d8e272bdc43455680450035a7'}
      raise_exception = <class 'frappe.exceptions.ExecutableNotFound'>
frappe.exceptions.ExecutableNotFound: mariadb-dump not found in PATH! This is required to take a backup.
Backup failed for Site vendor-qc.local. Database or site_config.json may be corrupted
Traceback with variables (most recent call last):
  File "apps/frappe/frappe/commands/site.py", line 845, in backup
    odb = scheduled_backup(
      context = {'sites': ['test-site.local', 'vendor-qc.local'], 'force': False, 'verbose': True, 'profile': False}
      with_files = False
      backup_path = None
      backup_path_db = None
      backup_path_files = None
      backup_path_private_files = None
      backup_path_conf = None
      ignore_backup_conf = False
      verbose = True
      compress = False
      include = ''
      exclude = ''
      old_backup_metadata = False
      scheduled_backup = <function scheduled_backup at 0x1082f7a60>
      exit_code = 1
      rollback_callback = None
      site = 'vendor-qc.local'
  File "apps/frappe/frappe/utils/backups.py", line 568, in scheduled_backup
    return new_backup(
      older_than = 6
      ignore_files = True
      backup_path = None
      backup_path_db = None
      backup_path_files = None
      backup_path_private_files = None
      backup_path_conf = None
      ignore_conf = False
      include_doctypes = ''
      exclude_doctypes = ''
      compress = False
      force = True
      verbose = True
      old_backup_metadata = False
      rollback_callback = <frappe.utils.CallbackManager object at 0x10852ffd0>
  File "apps/frappe/frappe/utils/backups.py", line 626, in new_backup
    odb.get_backup(older_than, ignore_files, force=force)
      older_than = 6
      ignore_files = True
      backup_path = None
      backup_path_db = None
      backup_path_files = None
      backup_path_private_files = None
      backup_path_conf = None
      ignore_conf = False
      include_doctypes = ''
      exclude_doctypes = ''
      compress = False
      force = True
      verbose = True
      old_backup_metadata = False
      rollback_callback = <frappe.utils.CallbackManager object at 0x10852ffd0>
      odb = <frappe.utils.backups.BackupGenerator object at 0x10849efd0>
  File "apps/frappe/frappe/utils/backups.py", line 195, in get_backup
    self.delete_if_step_fails(self.take_dump, self.backup_path_db)
      self = <frappe.utils.backups.BackupGenerator object at 0x10849efd0>
      older_than = 6
      ignore_files = True
      force = True
      last_db = False
      last_file = False
      last_private_file = False
      site_config_backup_path = False
  File "apps/frappe/frappe/utils/backups.py", line 520, in delete_if_step_fails
    raise e
      self = <frappe.utils.backups.BackupGenerator object at 0x10849efd0>
      step = <bound method BackupGenerator.take_dump of <frappe.utils.backups.BackupGenerator object at 0x10849efd0>>
      paths = ('./test-site.local/private/backups/20251110_213003-test-site_local-database.sql.gz',)
      path = './test-site.local/private/backups/20251110_213003-test-site_local-database.sql.gz'
  File "apps/frappe/frappe/utils/backups.py", line 515, in delete_if_step_fails
    step()
      self = <frappe.utils.backups.BackupGenerator object at 0x10849efd0>
      step = <bound method BackupGenerator.take_dump of <frappe.utils.backups.BackupGenerator object at 0x10849efd0>>
      paths = ('./test-site.local/private/backups/20251110_213003-test-site_local-database.sql.gz',)
      path = './test-site.local/private/backups/20251110_213003-test-site_local-database.sql.gz'
  File "apps/frappe/frappe/utils/backups.py", line 457, in take_dump
    frappe.throw(
      self = <frappe.utils.backups.BackupGenerator object at 0x10849efd0>
      shlex = <module 'shlex' from '/opt/homebrew/Cellar/python@3.13/3.13.1/Frameworks/Python.framework/Versions/3.13/lib/python3.13/shlex.py'>
      frappe = <module 'frappe' from 'apps/frappe/frappe/__init__.py'>
      get_app_branch = <function get_app_branch at 0x1082deac0>
      gzip_exc = '/usr/bin/gzip'
      database_header_content = ['begin frappe metadata', '[frappe]', 'version = 15.87.0', 'branch = version-15', 'end frappe metadata', '']
      generated_header = '-- begin frappe metadata\n-- [frappe]\n-- version = 15.87.0\n-- branch = version-15\n-- end frappe metadata\n-- \n'
      f = <_io.TextIOWrapper name='./test-site.local/private/backups/20251110_213003-test-site_local-database.sql.gz' encoding='UTF-8'>
      cmd = []
      extra = []
      get_command = <function get_command at 0x107f13b00>
      bin = None
      args = ['--user=_537373b7e3047fb7', '--host=127.0.0.1', '--port=3306', '--password=U5hxfjpquKPDmY5A', '--single-transaction', '--quick', '--lock-tables=false', '_537373b7e3047fb7']
      bin_name = 'mariadb-dump'
  File "apps/frappe/frappe/__init__.py", line 609, in throw
    msgprint(
      msg = 'mariadb-dump not found in PATH! This is required to take a backup.'
      exc = <class 'frappe.exceptions.ExecutableNotFound'>
      title = None
      is_minimizable = False
      wide = False
      as_list = False
      primary_action = None
  File "apps/frappe/frappe/__init__.py", line 574, in msgprint
    _raise_exception()
      msg = 'mariadb-dump not found in PATH! This is required to take a backup.'
      title = None
      raise_exception = <class 'frappe.exceptions.ExecutableNotFound'>
      as_table = False
      as_list = False
      indicator = 'red'
      alert = False
      primary_action = None
      is_minimizable = False
      wide = False
      realtime = False
      sys = <module 'sys' (built-in)>
      _raise_exception = <function msgprint.<locals>._raise_exception at 0x10857a980>
      inspect = <module 'inspect' from '/opt/homebrew/Cellar/python@3.13/3.13.1/Frameworks/Python.framework/Versions/3.13/lib/python3.13/inspect.py'>
      out = {'message': 'mariadb-dump not found in PATH! This is required to take a backup.', 'title': 'Message', 'indicator': 'red', 'raise_exception': 1, '__frappe_exc_id': '8cee43b7d6e024b335aa39accf0328fa8ecb14e27d7e67fe863860fb'}
  File "apps/frappe/frappe/__init__.py", line 525, in _raise_exception
    raise exc
      exc = ExecutableNotFound('mariadb-dump not found in PATH! This is required to take a backup.')
      inspect = <module 'inspect' from '/opt/homebrew/Cellar/python@3.13/3.13.1/Frameworks/Python.framework/Versions/3.13/lib/python3.13/inspect.py'>
      msg = 'mariadb-dump not found in PATH! This is required to take a backup.'
      out = {'message': 'mariadb-dump not found in PATH! This is required to take a backup.', 'title': 'Message', 'indicator': 'red', 'raise_exception': 1, '__frappe_exc_id': '8cee43b7d6e024b335aa39accf0328fa8ecb14e27d7e67fe863860fb'}
      raise_exception = <class 'frappe.exceptions.ExecutableNotFound'>
frappe.exceptions.ExecutableNotFound: mariadb-dump not found in PATH! This is required to take a backup.
Backup failed for Site test-site.local. Database or site_config.json may be corrupted
Traceback with variables (most recent call last):
  File "apps/frappe/frappe/commands/site.py", line 845, in backup
    odb = scheduled_backup(
      context = {'sites': ['test-site.local', 'vendor-qc.local'], 'force': False, 'verbose': True, 'profile': False}
      with_files = False
      backup_path = None
      backup_path_db = None
      backup_path_files = None
      backup_path_private_files = None
      backup_path_conf = None
      ignore_backup_conf = False
      verbose = True
      compress = False
      include = ''
      exclude = ''
      old_backup_metadata = False
      scheduled_backup = <function scheduled_backup at 0x10a083a60>
      exit_code = 0
      rollback_callback = None
      site = 'test-site.local'
  File "apps/frappe/frappe/utils/backups.py", line 568, in scheduled_backup
    return new_backup(
      older_than = 6
      ignore_files = True
      backup_path = None
      backup_path_db = None
      backup_path_files = None
      backup_path_private_files = None
      backup_path_conf = None
      ignore_conf = False
      include_doctypes = ''
      exclude_doctypes = ''
      compress = False
      force = True
      verbose = True
      old_backup_metadata = False
      rollback_callback = <frappe.utils.CallbackManager object at 0x10a2d3b50>
  File "apps/frappe/frappe/utils/backups.py", line 626, in new_backup
    odb.get_backup(older_than, ignore_files, force=force)
      older_than = 6
      ignore_files = True
      backup_path = None
      backup_path_db = None
      backup_path_files = None
      backup_path_private_files = None
      backup_path_conf = None
      ignore_conf = False
      include_doctypes = ''
      exclude_doctypes = ''
      compress = False
      force = True
      verbose = True
      old_backup_metadata = False
      rollback_callback = <frappe.utils.CallbackManager object at 0x10a2d3b50>
      odb = <frappe.utils.backups.BackupGenerator object at 0x10a277230>
  File "apps/frappe/frappe/utils/backups.py", line 195, in get_backup
    self.delete_if_step_fails(self.take_dump, self.backup_path_db)
      self = <frappe.utils.backups.BackupGenerator object at 0x10a277230>
      older_than = 6
      ignore_files = True
      force = True
      last_db = False
      last_file = False
      last_private_file = False
      site_config_backup_path = False
  File "apps/frappe/frappe/utils/backups.py", line 520, in delete_if_step_fails
    raise e
      self = <frappe.utils.backups.BackupGenerator object at 0x10a277230>
      step = <bound method BackupGenerator.take_dump of <frappe.utils.backups.BackupGenerator object at 0x10a277230>>
      paths = ('./test-site.local/private/backups/20251111_033005-test-site_local-database.sql.gz',)
      path = './test-site.local/private/backups/20251111_033005-test-site_local-database.sql.gz'
  File "apps/frappe/frappe/utils/backups.py", line 515, in delete_if_step_fails
    step()
      self = <frappe.utils.backups.BackupGenerator object at 0x10a277230>
      step = <bound method BackupGenerator.take_dump of <frappe.utils.backups.BackupGenerator object at 0x10a277230>>
      paths = ('./test-site.local/private/backups/20251111_033005-test-site_local-database.sql.gz',)
      path = './test-site.local/private/backups/20251111_033005-test-site_local-database.sql.gz'
  File "apps/frappe/frappe/utils/backups.py", line 457, in take_dump
    frappe.throw(
      self = <frappe.utils.backups.BackupGenerator object at 0x10a277230>
      shlex = <module 'shlex' from '/opt/homebrew/Cellar/python@3.13/3.13.1/Frameworks/Python.framework/Versions/3.13/lib/python3.13/shlex.py'>
      frappe = <module 'frappe' from 'apps/frappe/frappe/__init__.py'>
      get_app_branch = <function get_app_branch at 0x10a066ac0>
      gzip_exc = '/usr/bin/gzip'
      database_header_content = ['begin frappe metadata', '[frappe]', 'version = 15.87.0', 'branch = version-15', 'end frappe metadata', '']
      generated_header = '-- begin frappe metadata\n-- [frappe]\n-- version = 15.87.0\n-- branch = version-15\n-- end frappe metadata\n-- \n'
      f = <_io.TextIOWrapper name='./test-site.local/private/backups/20251111_033005-test-site_local-database.sql.gz' encoding='UTF-8'>
      cmd = []
      extra = []
      get_command = <function get_command at 0x109d53b00>
      bin = None
      args = ['--user=_537373b7e3047fb7', '--host=127.0.0.1', '--port=3306', '--password=U5hxfjpquKPDmY5A', '--single-transaction', '--quick', '--lock-tables=false', '_537373b7e3047fb7']
      bin_name = 'mariadb-dump'
  File "apps/frappe/frappe/__init__.py", line 609, in throw
    msgprint(
      msg = 'mariadb-dump not found in PATH! This is required to take a backup.'
      exc = <class 'frappe.exceptions.ExecutableNotFound'>
      title = None
      is_minimizable = False
      wide = False
      as_list = False
      primary_action = None
  File "apps/frappe/frappe/__init__.py", line 574, in msgprint
    _raise_exception()
      msg = 'mariadb-dump not found in PATH! This is required to take a backup.'
      title = None
      raise_exception = <class 'frappe.exceptions.ExecutableNotFound'>
      as_table = False
      as_list = False
      indicator = 'red'
      alert = False
      primary_action = None
      is_minimizable = False
      wide = False
      realtime = False
      sys = <module 'sys' (built-in)>
      _raise_exception = <function msgprint.<locals>._raise_exception at 0x107f71da0>
      inspect = <module 'inspect' from '/opt/homebrew/Cellar/python@3.13/3.13.1/Frameworks/Python.framework/Versions/3.13/lib/python3.13/inspect.py'>
      out = {'message': 'mariadb-dump not found in PATH! This is required to take a backup.', 'title': 'Message', 'indicator': 'red', 'raise_exception': 1, '__frappe_exc_id': '09e7f24b351fa346d463452eb114b88d9a665994486bf710f679a10e'}
  File "apps/frappe/frappe/__init__.py", line 525, in _raise_exception
    raise exc
      exc = ExecutableNotFound('mariadb-dump not found in PATH! This is required to take a backup.')
      inspect = <module 'inspect' from '/opt/homebrew/Cellar/python@3.13/3.13.1/Frameworks/Python.framework/Versions/3.13/lib/python3.13/inspect.py'>
      msg = 'mariadb-dump not found in PATH! This is required to take a backup.'
      out = {'message': 'mariadb-dump not found in PATH! This is required to take a backup.', 'title': 'Message', 'indicator': 'red', 'raise_exception': 1, '__frappe_exc_id': '09e7f24b351fa346d463452eb114b88d9a665994486bf710f679a10e'}
      raise_exception = <class 'frappe.exceptions.ExecutableNotFound'>
frappe.exceptions.ExecutableNotFound: mariadb-dump not found in PATH! This is required to take a backup.
Backup failed for Site vendor-qc.local. Database or site_config.json may be corrupted
Traceback with variables (most recent call last):
  File "apps/frappe/frappe/commands/site.py", line 845, in backup
    odb = scheduled_backup(
      context = {'sites': ['test-site.local', 'vendor-qc.local'], 'force': False, 'verbose': True, 'profile': False}
      with_files = False
      backup_path = None
      backup_path_db = None
      backup_path_files = None
      backup_path_private_files = None
      backup_path_conf = None
      ignore_backup_conf = False
      verbose = True
      compress = False
      include = ''
      exclude = ''
      old_backup_metadata = False
      scheduled_backup = <function scheduled_backup at 0x10a083a60>
      exit_code = 1
      rollback_callback = None
      site = 'vendor-qc.local'
  File "apps/frappe/frappe/utils/backups.py", line 568, in scheduled_backup
    return new_backup(
      older_than = 6
      ignore_files = True
      backup_path = None
      backup_path_db = None
      backup_path_files = None
      backup_path_private_files = None
      backup_path_conf = None
      ignore_conf = False
      include_doctypes = ''
      exclude_doctypes = ''
      compress = False
      force = True
      verbose = True
      old_backup_metadata = False
      rollback_callback = <frappe.utils.CallbackManager object at 0x10a307fd0>
  File "apps/frappe/frappe/utils/backups.py", line 626, in new_backup
    odb.get_backup(older_than, ignore_files, force=force)
      older_than = 6
      ignore_files = True
      backup_path = None
      backup_path_db = None
      backup_path_files = None
      backup_path_private_files = None
      backup_path_conf = None
      ignore_conf = False
      include_doctypes = ''
      exclude_doctypes = ''
      compress = False
      force = True
      verbose = True
      old_backup_metadata = False
      rollback_callback = <frappe.utils.CallbackManager object at 0x10a307fd0>
      odb = <frappe.utils.backups.BackupGenerator object at 0x10a28efd0>
  File "apps/frappe/frappe/utils/backups.py", line 195, in get_backup
    self.delete_if_step_fails(self.take_dump, self.backup_path_db)
      self = <frappe.utils.backups.BackupGenerator object at 0x10a28efd0>
      older_than = 6
      ignore_files = True
      force = True
      last_db = False
      last_file = False
      last_private_file = False
      site_config_backup_path = False
  File "apps/frappe/frappe/utils/backups.py", line 520, in delete_if_step_fails
    raise e
      self = <frappe.utils.backups.BackupGenerator object at 0x10a28efd0>
      step = <bound method BackupGenerator.take_dump of <frappe.utils.backups.BackupGenerator object at 0x10a28efd0>>
      paths = ('./test-site.local/private/backups/20251111_033005-test-site_local-database.sql.gz',)
      path = './test-site.local/private/backups/20251111_033005-test-site_local-database.sql.gz'
  File "apps/frappe/frappe/utils/backups.py", line 515, in delete_if_step_fails
    step()
      self = <frappe.utils.backups.BackupGenerator object at 0x10a28efd0>
      step = <bound method BackupGenerator.take_dump of <frappe.utils.backups.BackupGenerator object at 0x10a28efd0>>
      paths = ('./test-site.local/private/backups/20251111_033005-test-site_local-database.sql.gz',)
      path = './test-site.local/private/backups/20251111_033005-test-site_local-database.sql.gz'
  File "apps/frappe/frappe/utils/backups.py", line 457, in take_dump
    frappe.throw(
      self = <frappe.utils.backups.BackupGenerator object at 0x10a28efd0>
      shlex = <module 'shlex' from '/opt/homebrew/Cellar/python@3.13/3.13.1/Frameworks/Python.framework/Versions/3.13/lib/python3.13/shlex.py'>
      frappe = <module 'frappe' from 'apps/frappe/frappe/__init__.py'>
      get_app_branch = <function get_app_branch at 0x10a066ac0>
      gzip_exc = '/usr/bin/gzip'
      database_header_content = ['begin frappe metadata', '[frappe]', 'version = 15.87.0', 'branch = version-15', 'end frappe metadata', '']
      generated_header = '-- begin frappe metadata\n-- [frappe]\n-- version = 15.87.0\n-- branch = version-15\n-- end frappe metadata\n-- \n'
      f = <_io.TextIOWrapper name='./test-site.local/private/backups/20251111_033005-test-site_local-database.sql.gz' encoding='UTF-8'>
      cmd = []
      extra = []
      get_command = <function get_command at 0x109d53b00>
      bin = None
      args = ['--user=_537373b7e3047fb7', '--host=127.0.0.1', '--port=3306', '--password=U5hxfjpquKPDmY5A', '--single-transaction', '--quick', '--lock-tables=false', '_537373b7e3047fb7']
      bin_name = 'mariadb-dump'
  File "apps/frappe/frappe/__init__.py", line 609, in throw
    msgprint(
      msg = 'mariadb-dump not found in PATH! This is required to take a backup.'
      exc = <class 'frappe.exceptions.ExecutableNotFound'>
      title = None
      is_minimizable = False
      wide = False
      as_list = False
      primary_action = None
  File "apps/frappe/frappe/__init__.py", line 574, in msgprint
    _raise_exception()
      msg = 'mariadb-dump not found in PATH! This is required to take a backup.'
      title = None
      raise_exception = <class 'frappe.exceptions.ExecutableNotFound'>
      as_table = False
      as_list = False
      indicator = 'red'
      alert = False
      primary_action = None
      is_minimizable = False
      wide = False
      realtime = False
      sys = <module 'sys' (built-in)>
      _raise_exception = <function msgprint.<locals>._raise_exception at 0x10a366980>
      inspect = <module 'inspect' from '/opt/homebrew/Cellar/python@3.13/3.13.1/Frameworks/Python.framework/Versions/3.13/lib/python3.13/inspect.py'>
      out = {'message': 'mariadb-dump not found in PATH! This is required to take a backup.', 'title': 'Message', 'indicator': 'red', 'raise_exception': 1, '__frappe_exc_id': '74c498b5e5f5ba79852e1c0e2d08884670bc8da81ce50d5e9fc4c9b5'}
  File "apps/frappe/frappe/__init__.py", line 525, in _raise_exception
    raise exc
      exc = ExecutableNotFound('mariadb-dump not found in PATH! This is required to take a backup.')
      inspect = <module 'inspect' from '/opt/homebrew/Cellar/python@3.13/3.13.1/Frameworks/Python.framework/Versions/3.13/lib/python3.13/inspect.py'>
      msg = 'mariadb-dump not found in PATH! This is required to take a backup.'
      out = {'message': 'mariadb-dump not found in PATH! This is required to take a backup.', 'title': 'Message', 'indicator': 'red', 'raise_exception': 1, '__frappe_exc_id': '74c498b5e5f5ba79852e1c0e2d08884670bc8da81ce50d5e9fc4c9b5'}
      raise_exception = <class 'frappe.exceptions.ExecutableNotFound'>
frappe.exceptions.ExecutableNotFound: mariadb-dump not found in PATH! This is required to take a backup.
Backup failed for Site test-site.local. Database or site_config.json may be corrupted
Traceback with variables (most recent call last):
  File "apps/frappe/frappe/commands/site.py", line 845, in backup
    odb = scheduled_backup(
      context = {'sites': ['test-site.local', 'vendor-qc.local'], 'force': False, 'verbose': True, 'profile': False}
      with_files = False
      backup_path = None
      backup_path_db = None
      backup_path_files = None
      backup_path_private_files = None
      backup_path_conf = None
      ignore_backup_conf = False
      verbose = True
      compress = False
      include = ''
      exclude = ''
      old_backup_metadata = False
      scheduled_backup = <function scheduled_backup at 0x1087eba60>
      exit_code = 0
      rollback_callback = None
      site = 'test-site.local'
  File "apps/frappe/frappe/utils/backups.py", line 568, in scheduled_backup
    return new_backup(
      older_than = 6
      ignore_files = True
      backup_path = None
      backup_path_db = None
      backup_path_files = None
      backup_path_private_files = None
      backup_path_conf = None
      ignore_conf = False
      include_doctypes = ''
      exclude_doctypes = ''
      compress = False
      force = True
      verbose = True
      old_backup_metadata = False
      rollback_callback = <frappe.utils.CallbackManager object at 0x108a3beb0>
  File "apps/frappe/frappe/utils/backups.py", line 626, in new_backup
    odb.get_backup(older_than, ignore_files, force=force)
      older_than = 6
      ignore_files = True
      backup_path = None
      backup_path_db = None
      backup_path_files = None
      backup_path_private_files = None
      backup_path_conf = None
      ignore_conf = False
      include_doctypes = ''
      exclude_doctypes = ''
      compress = False
      force = True
      verbose = True
      old_backup_metadata = False
      rollback_callback = <frappe.utils.CallbackManager object at 0x108a3beb0>
      odb = <frappe.utils.backups.BackupGenerator object at 0x1089df230>
  File "apps/frappe/frappe/utils/backups.py", line 195, in get_backup
    self.delete_if_step_fails(self.take_dump, self.backup_path_db)
      self = <frappe.utils.backups.BackupGenerator object at 0x1089df230>
      older_than = 6
      ignore_files = True
      force = True
      last_db = False
      last_file = False
      last_private_file = False
      site_config_backup_path = False
  File "apps/frappe/frappe/utils/backups.py", line 520, in delete_if_step_fails
    raise e
      self = <frappe.utils.backups.BackupGenerator object at 0x1089df230>
      step = <bound method BackupGenerator.take_dump of <frappe.utils.backups.BackupGenerator object at 0x1089df230>>
      paths = ('./test-site.local/private/backups/20251111_093039-test-site_local-database.sql.gz',)
      path = './test-site.local/private/backups/20251111_093039-test-site_local-database.sql.gz'
  File "apps/frappe/frappe/utils/backups.py", line 515, in delete_if_step_fails
    step()
      self = <frappe.utils.backups.BackupGenerator object at 0x1089df230>
      step = <bound method BackupGenerator.take_dump of <frappe.utils.backups.BackupGenerator object at 0x1089df230>>
      paths = ('./test-site.local/private/backups/20251111_093039-test-site_local-database.sql.gz',)
      path = './test-site.local/private/backups/20251111_093039-test-site_local-database.sql.gz'
  File "apps/frappe/frappe/utils/backups.py", line 457, in take_dump
    frappe.throw(
      self = <frappe.utils.backups.BackupGenerator object at 0x1089df230>
      shlex = <module 'shlex' from '/opt/homebrew/Cellar/python@3.13/3.13.1/Frameworks/Python.framework/Versions/3.13/lib/python3.13/shlex.py'>
      frappe = <module 'frappe' from 'apps/frappe/frappe/__init__.py'>
      get_app_branch = <function get_app_branch at 0x1087ceac0>
      gzip_exc = '/usr/bin/gzip'
      database_header_content = ['begin frappe metadata', '[frappe]', 'version = 15.87.0', 'branch = version-15', 'end frappe metadata', '']
      generated_header = '-- begin frappe metadata\n-- [frappe]\n-- version = 15.87.0\n-- branch = version-15\n-- end frappe metadata\n-- \n'
      f = <_io.TextIOWrapper name='./test-site.local/private/backups/20251111_093039-test-site_local-database.sql.gz' encoding='UTF-8'>
      cmd = []
      extra = []
      get_command = <function get_command at 0x1084bbb00>
      bin = None
      args = ['--user=_537373b7e3047fb7', '--host=127.0.0.1', '--port=3306', '--password=U5hxfjpquKPDmY5A', '--single-transaction', '--quick', '--lock-tables=false', '_537373b7e3047fb7']
      bin_name = 'mariadb-dump'
  File "apps/frappe/frappe/__init__.py", line 609, in throw
    msgprint(
      msg = 'mariadb-dump not found in PATH! This is required to take a backup.'
      exc = <class 'frappe.exceptions.ExecutableNotFound'>
      title = None
      is_minimizable = False
      wide = False
      as_list = False
      primary_action = None
  File "apps/frappe/frappe/__init__.py", line 574, in msgprint
    _raise_exception()
      msg = 'mariadb-dump not found in PATH! This is required to take a backup.'
      title = None
      raise_exception = <class 'frappe.exceptions.ExecutableNotFound'>
      as_table = False
      as_list = False
      indicator = 'red'
      alert = False
      primary_action = None
      is_minimizable = False
      wide = False
      realtime = False
      sys = <module 'sys' (built-in)>
      _raise_exception = <function msgprint.<locals>._raise_exception at 0x1066e5da0>
      inspect = <module 'inspect' from '/opt/homebrew/Cellar/python@3.13/3.13.1/Frameworks/Python.framework/Versions/3.13/lib/python3.13/inspect.py'>
      out = {'message': 'mariadb-dump not found in PATH! This is required to take a backup.', 'title': 'Message', 'indicator': 'red', 'raise_exception': 1, '__frappe_exc_id': '1a5e3fcaa3e44181b2635d6fa50c9ed35880bd955e9590fadbd7c043'}
  File "apps/frappe/frappe/__init__.py", line 525, in _raise_exception
    raise exc
      exc = ExecutableNotFound('mariadb-dump not found in PATH! This is required to take a backup.')
      inspect = <module 'inspect' from '/opt/homebrew/Cellar/python@3.13/3.13.1/Frameworks/Python.framework/Versions/3.13/lib/python3.13/inspect.py'>
      msg = 'mariadb-dump not found in PATH! This is required to take a backup.'
      out = {'message': 'mariadb-dump not found in PATH! This is required to take a backup.', 'title': 'Message', 'indicator': 'red', 'raise_exception': 1, '__frappe_exc_id': '1a5e3fcaa3e44181b2635d6fa50c9ed35880bd955e9590fadbd7c043'}
      raise_exception = <class 'frappe.exceptions.ExecutableNotFound'>
frappe.exceptions.ExecutableNotFound: mariadb-dump not found in PATH! This is required to take a backup.
Backup failed for Site vendor-qc.local. Database or site_config.json may be corrupted
Traceback with variables (most recent call last):
  File "apps/frappe/frappe/commands/site.py", line 845, in backup
    odb = scheduled_backup(
      context = {'sites': ['test-site.local', 'vendor-qc.local'], 'force': False, 'verbose': True, 'profile': False}
      with_files = False
      backup_path = None
      backup_path_db = None
      backup_path_files = None
      backup_path_private_files = None
      backup_path_conf = None
      ignore_backup_conf = False
      verbose = True
      compress = False
      include = ''
      exclude = ''
      old_backup_metadata = False
      scheduled_backup = <function scheduled_backup at 0x1087eba60>
      exit_code = 1
      rollback_callback = None
      site = 'vendor-qc.local'
  File "apps/frappe/frappe/utils/backups.py", line 568, in scheduled_backup
    return new_backup(
      older_than = 6
      ignore_files = True
      backup_path = None
      backup_path_db = None
      backup_path_files = None
      backup_path_private_files = None
      backup_path_conf = None
      ignore_conf = False
      include_doctypes = ''
      exclude_doctypes = ''
      compress = False
      force = True
      verbose = True
      old_backup_metadata = False
      rollback_callback = <frappe.utils.CallbackManager object at 0x1083f18a0>
  File "apps/frappe/frappe/utils/backups.py", line 626, in new_backup
    odb.get_backup(older_than, ignore_files, force=force)
      older_than = 6
      ignore_files = True
      backup_path = None
      backup_path_db = None
      backup_path_files = None
      backup_path_private_files = None
      backup_path_conf = None
      ignore_conf = False
      include_doctypes = ''
      exclude_doctypes = ''
      compress = False
      force = True
      verbose = True
      old_backup_metadata = False
      rollback_callback = <frappe.utils.CallbackManager object at 0x1083f18a0>
      odb = <frappe.utils.backups.BackupGenerator object at 0x1089f6fd0>
  File "apps/frappe/frappe/utils/backups.py", line 195, in get_backup
    self.delete_if_step_fails(self.take_dump, self.backup_path_db)
      self = <frappe.utils.backups.BackupGenerator object at 0x1089f6fd0>
      older_than = 6
      ignore_files = True
      force = True
      last_db = False
      last_file = False
      last_private_file = False
      site_config_backup_path = False
  File "apps/frappe/frappe/utils/backups.py", line 520, in delete_if_step_fails
    raise e
      self = <frappe.utils.backups.BackupGenerator object at 0x1089f6fd0>
      step = <bound method BackupGenerator.take_dump of <frappe.utils.backups.BackupGenerator object at 0x1089f6fd0>>
      paths = ('./test-site.local/private/backups/20251111_093039-test-site_local-database.sql.gz',)
      path = './test-site.local/private/backups/20251111_093039-test-site_local-database.sql.gz'
  File "apps/frappe/frappe/utils/backups.py", line 515, in delete_if_step_fails
    step()
      self = <frappe.utils.backups.BackupGenerator object at 0x1089f6fd0>
      step = <bound method BackupGenerator.take_dump of <frappe.utils.backups.BackupGenerator object at 0x1089f6fd0>>
      paths = ('./test-site.local/private/backups/20251111_093039-test-site_local-database.sql.gz',)
      path = './test-site.local/private/backups/20251111_093039-test-site_local-database.sql.gz'
  File "apps/frappe/frappe/utils/backups.py", line 457, in take_dump
    frappe.throw(
      self = <frappe.utils.backups.BackupGenerator object at 0x1089f6fd0>
      shlex = <module 'shlex' from '/opt/homebrew/Cellar/python@3.13/3.13.1/Frameworks/Python.framework/Versions/3.13/lib/python3.13/shlex.py'>
      frappe = <module 'frappe' from 'apps/frappe/frappe/__init__.py'>
      get_app_branch = <function get_app_branch at 0x1087ceac0>
      gzip_exc = '/usr/bin/gzip'
      database_header_content = ['begin frappe metadata', '[frappe]', 'version = 15.87.0', 'branch = version-15', 'end frappe metadata', '']
      generated_header = '-- begin frappe metadata\n-- [frappe]\n-- version = 15.87.0\n-- branch = version-15\n-- end frappe metadata\n-- \n'
      f = <_io.TextIOWrapper name='./test-site.local/private/backups/20251111_093039-test-site_local-database.sql.gz' encoding='UTF-8'>
      cmd = []
      extra = []
      get_command = <function get_command at 0x1084bbb00>
      bin = None
      args = ['--user=_537373b7e3047fb7', '--host=127.0.0.1', '--port=3306', '--password=U5hxfjpquKPDmY5A', '--single-transaction', '--quick', '--lock-tables=false', '_537373b7e3047fb7']
      bin_name = 'mariadb-dump'
  File "apps/frappe/frappe/__init__.py", line 609, in throw
    msgprint(
      msg = 'mariadb-dump not found in PATH! This is required to take a backup.'
      exc = <class 'frappe.exceptions.ExecutableNotFound'>
      title = None
      is_minimizable = False
      wide = False
      as_list = False
      primary_action = None
  File "apps/frappe/frappe/__init__.py", line 574, in msgprint
    _raise_exception()
      msg = 'mariadb-dump not found in PATH! This is required to take a backup.'
      title = None
      raise_exception = <class 'frappe.exceptions.ExecutableNotFound'>
      as_table = False
      as_list = False
      indicator = 'red'
      alert = False
      primary_action = None
      is_minimizable = False
      wide = False
      realtime = False
      sys = <module 'sys' (built-in)>
      _raise_exception = <function msgprint.<locals>._raise_exception at 0x108ace980>
      inspect = <module 'inspect' from '/opt/homebrew/Cellar/python@3.13/3.13.1/Frameworks/Python.framework/Versions/3.13/lib/python3.13/inspect.py'>
      out = {'message': 'mariadb-dump not found in PATH! This is required to take a backup.', 'title': 'Message', 'indicator': 'red', 'raise_exception': 1, '__frappe_exc_id': '7326f494917ce2c2fb5e1dc744a7a07d3001c987bb38ecb82756d6f6'}
  File "apps/frappe/frappe/__init__.py", line 525, in _raise_exception
    raise exc
      exc = ExecutableNotFound('mariadb-dump not found in PATH! This is required to take a backup.')
      inspect = <module 'inspect' from '/opt/homebrew/Cellar/python@3.13/3.13.1/Frameworks/Python.framework/Versions/3.13/lib/python3.13/inspect.py'>
      msg = 'mariadb-dump not found in PATH! This is required to take a backup.'
      out = {'message': 'mariadb-dump not found in PATH! This is required to take a backup.', 'title': 'Message', 'indicator': 'red', 'raise_exception': 1, '__frappe_exc_id': '7326f494917ce2c2fb5e1dc744a7a07d3001c987bb38ecb82756d6f6'}
      raise_exception = <class 'frappe.exceptions.ExecutableNotFound'>
frappe.exceptions.ExecutableNotFound: mariadb-dump not found in PATH! This is required to take a backup.
Backup failed for Site test-site.local. Database or site_config.json may be corrupted
Traceback with variables (most recent call last):
  File "apps/frappe/frappe/commands/site.py", line 845, in backup
    odb = scheduled_backup(
      context = {'sites': ['test-site.local', 'vendor-qc.local'], 'force': False, 'verbose': True, 'profile': False}
      with_files = False
      backup_path = None
      backup_path_db = None
      backup_path_files = None
      backup_path_private_files = None
      backup_path_conf = None
      ignore_backup_conf = False
      verbose = True
      compress = False
      include = ''
      exclude = ''
      old_backup_metadata = False
      scheduled_backup = <function scheduled_backup at 0x10c29fa60>
      exit_code = 0
      rollback_callback = None
      site = 'test-site.local'
  File "apps/frappe/frappe/utils/backups.py", line 568, in scheduled_backup
    return new_backup(
      older_than = 6
      ignore_files = True
      backup_path = None
      backup_path_db = None
      backup_path_files = None
      backup_path_private_files = None
      backup_path_conf = None
      ignore_conf = False
      include_doctypes = ''
      exclude_doctypes = ''
      compress = False
      force = True
      verbose = True
      old_backup_metadata = False
      rollback_callback = <frappe.utils.CallbackManager object at 0x10c4fe560>
  File "apps/frappe/frappe/utils/backups.py", line 626, in new_backup
    odb.get_backup(older_than, ignore_files, force=force)
      older_than = 6
      ignore_files = True
      backup_path = None
      backup_path_db = None
      backup_path_files = None
      backup_path_private_files = None
      backup_path_conf = None
      ignore_conf = False
      include_doctypes = ''
      exclude_doctypes = ''
      compress = False
      force = True
      verbose = True
      old_backup_metadata = False
      rollback_callback = <frappe.utils.CallbackManager object at 0x10c4fe560>
      odb = <frappe.utils.backups.BackupGenerator object at 0x10c493230>
  File "apps/frappe/frappe/utils/backups.py", line 195, in get_backup
    self.delete_if_step_fails(self.take_dump, self.backup_path_db)
      self = <frappe.utils.backups.BackupGenerator object at 0x10c493230>
      older_than = 6
      ignore_files = True
      force = True
      last_db = False
      last_file = False
      last_private_file = False
      site_config_backup_path = False
  File "apps/frappe/frappe/utils/backups.py", line 520, in delete_if_step_fails
    raise e
      self = <frappe.utils.backups.BackupGenerator object at 0x10c493230>
      step = <bound method BackupGenerator.take_dump of <frappe.utils.backups.BackupGenerator object at 0x10c493230>>
      paths = ('./test-site.local/private/backups/20251112_163004-test-site_local-database.sql.gz',)
      path = './test-site.local/private/backups/20251112_163004-test-site_local-database.sql.gz'
  File "apps/frappe/frappe/utils/backups.py", line 515, in delete_if_step_fails
    step()
      self = <frappe.utils.backups.BackupGenerator object at 0x10c493230>
      step = <bound method BackupGenerator.take_dump of <frappe.utils.backups.BackupGenerator object at 0x10c493230>>
      paths = ('./test-site.local/private/backups/20251112_163004-test-site_local-database.sql.gz',)
      path = './test-site.local/private/backups/20251112_163004-test-site_local-database.sql.gz'
  File "apps/frappe/frappe/utils/backups.py", line 457, in take_dump
    frappe.throw(
      self = <frappe.utils.backups.BackupGenerator object at 0x10c493230>
      shlex = <module 'shlex' from '/opt/homebrew/Cellar/python@3.13/3.13.1/Frameworks/Python.framework/Versions/3.13/lib/python3.13/shlex.py'>
      frappe = <module 'frappe' from 'apps/frappe/frappe/__init__.py'>
      get_app_branch = <function get_app_branch at 0x10c286ac0>
      gzip_exc = '/usr/bin/gzip'
      database_header_content = ['begin frappe metadata', '[frappe]', 'version = 15.87.0', 'branch = version-15', 'end frappe metadata', '']
      generated_header = '-- begin frappe metadata\n-- [frappe]\n-- version = 15.87.0\n-- branch = version-15\n-- end frappe metadata\n-- \n'
      f = <_io.TextIOWrapper name='./test-site.local/private/backups/20251112_163004-test-site_local-database.sql.gz' encoding='UTF-8'>
      cmd = []
      extra = []
      get_command = <function get_command at 0x10bf73b00>
      bin = None
      args = ['--user=_537373b7e3047fb7', '--host=127.0.0.1', '--port=3306', '--password=U5hxfjpquKPDmY5A', '--single-transaction', '--quick', '--lock-tables=false', '_537373b7e3047fb7']
      bin_name = 'mariadb-dump'
  File "apps/frappe/frappe/__init__.py", line 609, in throw
    msgprint(
      msg = 'mariadb-dump not found in PATH! This is required to take a backup.'
      exc = <class 'frappe.exceptions.ExecutableNotFound'>
      title = None
      is_minimizable = False
      wide = False
      as_list = False
      primary_action = None
  File "apps/frappe/frappe/__init__.py", line 574, in msgprint
    _raise_exception()
      msg = 'mariadb-dump not found in PATH! This is required to take a backup.'
      title = None
      raise_exception = <class 'frappe.exceptions.ExecutableNotFound'>
      as_table = False
      as_list = False
      indicator = 'red'
      alert = False
      primary_action = None
      is_minimizable = False
      wide = False
      realtime = False
      sys = <module 'sys' (built-in)>
      _raise_exception = <function msgprint.<locals>._raise_exception at 0x10a16dda0>
      inspect = <module 'inspect' from '/opt/homebrew/Cellar/python@3.13/3.13.1/Frameworks/Python.framework/Versions/3.13/lib/python3.13/inspect.py'>
      out = {'message': 'mariadb-dump not found in PATH! This is required to take a backup.', 'title': 'Message', 'indicator': 'red', 'raise_exception': 1, '__frappe_exc_id': '7805c41a5ce4f552b2977415d576cb82e1006bbdfa5d50f5cd79075f'}
  File "apps/frappe/frappe/__init__.py", line 525, in _raise_exception
    raise exc
      exc = ExecutableNotFound('mariadb-dump not found in PATH! This is required to take a backup.')
      inspect = <module 'inspect' from '/opt/homebrew/Cellar/python@3.13/3.13.1/Frameworks/Python.framework/Versions/3.13/lib/python3.13/inspect.py'>
      msg = 'mariadb-dump not found in PATH! This is required to take a backup.'
      out = {'message': 'mariadb-dump not found in PATH! This is required to take a backup.', 'title': 'Message', 'indicator': 'red', 'raise_exception': 1, '__frappe_exc_id': '7805c41a5ce4f552b2977415d576cb82e1006bbdfa5d50f5cd79075f'}
      raise_exception = <class 'frappe.exceptions.ExecutableNotFound'>
frappe.exceptions.ExecutableNotFound: mariadb-dump not found in PATH! This is required to take a backup.
Backup failed for Site vendor-qc.local. Database or site_config.json may be corrupted
Traceback with variables (most recent call last):
  File "apps/frappe/frappe/commands/site.py", line 845, in backup
    odb = scheduled_backup(
      context = {'sites': ['test-site.local', 'vendor-qc.local'], 'force': False, 'verbose': True, 'profile': False}
      with_files = False
      backup_path = None
      backup_path_db = None
      backup_path_files = None
      backup_path_private_files = None
      backup_path_conf = None
      ignore_backup_conf = False
      verbose = True
      compress = False
      include = ''
      exclude = ''
      old_backup_metadata = False
      scheduled_backup = <function scheduled_backup at 0x10c29fa60>
      exit_code = 1
      rollback_callback = None
      site = 'vendor-qc.local'
  File "apps/frappe/frappe/utils/backups.py", line 568, in scheduled_backup
    return new_backup(
      older_than = 6
      ignore_files = True
      backup_path = None
      backup_path_db = None
      backup_path_files = None
      backup_path_private_files = None
      backup_path_conf = None
      ignore_conf = False
      include_doctypes = ''
      exclude_doctypes = ''
      compress = False
      force = True
      verbose = True
      old_backup_metadata = False
      rollback_callback = <frappe.utils.CallbackManager object at 0x10c53ffd0>
  File "apps/frappe/frappe/utils/backups.py", line 626, in new_backup
    odb.get_backup(older_than, ignore_files, force=force)
      older_than = 6
      ignore_files = True
      backup_path = None
      backup_path_db = None
      backup_path_files = None
      backup_path_private_files = None
      backup_path_conf = None
      ignore_conf = False
      include_doctypes = ''
      exclude_doctypes = ''
      compress = False
      force = True
      verbose = True
      old_backup_metadata = False
      rollback_callback = <frappe.utils.CallbackManager object at 0x10c53ffd0>
      odb = <frappe.utils.backups.BackupGenerator object at 0x10c4aefd0>
  File "apps/frappe/frappe/utils/backups.py", line 195, in get_backup
    self.delete_if_step_fails(self.take_dump, self.backup_path_db)
      self = <frappe.utils.backups.BackupGenerator object at 0x10c4aefd0>
      older_than = 6
      ignore_files = True
      force = True
      last_db = False
      last_file = False
      last_private_file = False
      site_config_backup_path = False
  File "apps/frappe/frappe/utils/backups.py", line 520, in delete_if_step_fails
    raise e
      self = <frappe.utils.backups.BackupGenerator object at 0x10c4aefd0>
      step = <bound method BackupGenerator.take_dump of <frappe.utils.backups.BackupGenerator object at 0x10c4aefd0>>
      paths = ('./test-site.local/private/backups/20251112_163004-test-site_local-database.sql.gz',)
      path = './test-site.local/private/backups/20251112_163004-test-site_local-database.sql.gz'
  File "apps/frappe/frappe/utils/backups.py", line 515, in delete_if_step_fails
    step()
      self = <frappe.utils.backups.BackupGenerator object at 0x10c4aefd0>
      step = <bound method BackupGenerator.take_dump of <frappe.utils.backups.BackupGenerator object at 0x10c4aefd0>>
      paths = ('./test-site.local/private/backups/20251112_163004-test-site_local-database.sql.gz',)
      path = './test-site.local/private/backups/20251112_163004-test-site_local-database.sql.gz'
  File "apps/frappe/frappe/utils/backups.py", line 457, in take_dump
    frappe.throw(
      self = <frappe.utils.backups.BackupGenerator object at 0x10c4aefd0>
      shlex = <module 'shlex' from '/opt/homebrew/Cellar/python@3.13/3.13.1/Frameworks/Python.framework/Versions/3.13/lib/python3.13/shlex.py'>
      frappe = <module 'frappe' from 'apps/frappe/frappe/__init__.py'>
      get_app_branch = <function get_app_branch at 0x10c286ac0>
      gzip_exc = '/usr/bin/gzip'
      database_header_content = ['begin frappe metadata', '[frappe]', 'version = 15.87.0', 'branch = version-15', 'end frappe metadata', '']
      generated_header = '-- begin frappe metadata\n-- [frappe]\n-- version = 15.87.0\n-- branch = version-15\n-- end frappe metadata\n-- \n'
      f = <_io.TextIOWrapper name='./test-site.local/private/backups/20251112_163004-test-site_local-database.sql.gz' encoding='UTF-8'>
      cmd = []
      extra = []
      get_command = <function get_command at 0x10bf73b00>
      bin = None
      args = ['--user=_537373b7e3047fb7', '--host=127.0.0.1', '--port=3306', '--password=U5hxfjpquKPDmY5A', '--single-transaction', '--quick', '--lock-tables=false', '_537373b7e3047fb7']
      bin_name = 'mariadb-dump'
  File "apps/frappe/frappe/__init__.py", line 609, in throw
    msgprint(
      msg = 'mariadb-dump not found in PATH! This is required to take a backup.'
      exc = <class 'frappe.exceptions.ExecutableNotFound'>
      title = None
      is_minimizable = False
      wide = False
      as_list = False
      primary_action = None
  File "apps/frappe/frappe/__init__.py", line 574, in msgprint
    _raise_exception()
      msg = 'mariadb-dump not found in PATH! This is required to take a backup.'
      title = None
      raise_exception = <class 'frappe.exceptions.ExecutableNotFound'>
      as_table = False
      as_list = False
      indicator = 'red'
      alert = False
      primary_action = None
      is_minimizable = False
      wide = False
      realtime = False
      sys = <module 'sys' (built-in)>
      _raise_exception = <function msgprint.<locals>._raise_exception at 0x10c58a980>
      inspect = <module 'inspect' from '/opt/homebrew/Cellar/python@3.13/3.13.1/Frameworks/Python.framework/Versions/3.13/lib/python3.13/inspect.py'>
      out = {'message': 'mariadb-dump not found in PATH! This is required to take a backup.', 'title': 'Message', 'indicator': 'red', 'raise_exception': 1, '__frappe_exc_id': '974e11ad016852a9e6a6264eededb019d87808e074393babcc3c4c4e'}
  File "apps/frappe/frappe/__init__.py", line 525, in _raise_exception
    raise exc
      exc = ExecutableNotFound('mariadb-dump not found in PATH! This is required to take a backup.')
      inspect = <module 'inspect' from '/opt/homebrew/Cellar/python@3.13/3.13.1/Frameworks/Python.framework/Versions/3.13/lib/python3.13/inspect.py'>
      msg = 'mariadb-dump not found in PATH! This is required to take a backup.'
      out = {'message': 'mariadb-dump not found in PATH! This is required to take a backup.', 'title': 'Message', 'indicator': 'red', 'raise_exception': 1, '__frappe_exc_id': '974e11ad016852a9e6a6264eededb019d87808e074393babcc3c4c4e'}
      raise_exception = <class 'frappe.exceptions.ExecutableNotFound'>
frappe.exceptions.ExecutableNotFound: mariadb-dump not found in PATH! This is required to take a backup.
Backup failed for Site test-site.local. Database or site_config.json may be corrupted
Traceback with variables (most recent call last):
  File "apps/frappe/frappe/commands/site.py", line 845, in backup
    odb = scheduled_backup(
      context = {'sites': ['test-site.local', 'vendor-qc.local'], 'force': False, 'verbose': True, 'profile': False}
      with_files = False
      backup_path = None
      backup_path_db = None
      backup_path_files = None
      backup_path_private_files = None
      backup_path_conf = None
      ignore_backup_conf = False
      verbose = True
      compress = False
      include = ''
      exclude = ''
      old_backup_metadata = False
      scheduled_backup = <function scheduled_backup at 0x10c2dfa60>
      exit_code = 0
      rollback_callback = None
      site = 'test-site.local'
  File "apps/frappe/frappe/utils/backups.py", line 568, in scheduled_backup
    return new_backup(
      older_than = 6
      ignore_files = True
      backup_path = None
      backup_path_db = None
      backup_path_files = None
      backup_path_private_files = None
      backup_path_conf = None
      ignore_conf = False
      include_doctypes = ''
      exclude_doctypes = ''
      compress = False
      force = True
      verbose = True
      old_backup_metadata = False
      rollback_callback = <frappe.utils.CallbackManager object at 0x10c52fee0>
  File "apps/frappe/frappe/utils/backups.py", line 626, in new_backup
    odb.get_backup(older_than, ignore_files, force=force)
      older_than = 6
      ignore_files = True
      backup_path = None
      backup_path_db = None
      backup_path_files = None
      backup_path_private_files = None
      backup_path_conf = None
      ignore_conf = False
      include_doctypes = ''
      exclude_doctypes = ''
      compress = False
      force = True
      verbose = True
      old_backup_metadata = False
      rollback_callback = <frappe.utils.CallbackManager object at 0x10c52fee0>
      odb = <frappe.utils.backups.BackupGenerator object at 0x10c4d3230>
  File "apps/frappe/frappe/utils/backups.py", line 195, in get_backup
    self.delete_if_step_fails(self.take_dump, self.backup_path_db)
      self = <frappe.utils.backups.BackupGenerator object at 0x10c4d3230>
      older_than = 6
      ignore_files = True
      force = True
      last_db = False
      last_file = False
      last_private_file = False
      site_config_backup_path = False
  File "apps/frappe/frappe/utils/backups.py", line 520, in delete_if_step_fails
    raise e
      self = <frappe.utils.backups.BackupGenerator object at 0x10c4d3230>
      step = <bound method BackupGenerator.take_dump of <frappe.utils.backups.BackupGenerator object at 0x10c4d3230>>
      paths = ('./test-site.local/private/backups/20251112_223002-test-site_local-database.sql.gz',)
      path = './test-site.local/private/backups/20251112_223002-test-site_local-database.sql.gz'
  File "apps/frappe/frappe/utils/backups.py", line 515, in delete_if_step_fails
    step()
      self = <frappe.utils.backups.BackupGenerator object at 0x10c4d3230>
      step = <bound method BackupGenerator.take_dump of <frappe.utils.backups.BackupGenerator object at 0x10c4d3230>>
      paths = ('./test-site.local/private/backups/20251112_223002-test-site_local-database.sql.gz',)
      path = './test-site.local/private/backups/20251112_223002-test-site_local-database.sql.gz'
  File "apps/frappe/frappe/utils/backups.py", line 457, in take_dump
    frappe.throw(
      self = <frappe.utils.backups.BackupGenerator object at 0x10c4d3230>
      shlex = <module 'shlex' from '/opt/homebrew/Cellar/python@3.13/3.13.1/Frameworks/Python.framework/Versions/3.13/lib/python3.13/shlex.py'>
      frappe = <module 'frappe' from 'apps/frappe/frappe/__init__.py'>
      get_app_branch = <function get_app_branch at 0x10c2c2ac0>
      gzip_exc = '/usr/bin/gzip'
      database_header_content = ['begin frappe metadata', '[frappe]', 'version = 15.87.0', 'branch = version-15', 'end frappe metadata', '']
      generated_header = '-- begin frappe metadata\n-- [frappe]\n-- version = 15.87.0\n-- branch = version-15\n-- end frappe metadata\n-- \n'
      f = <_io.TextIOWrapper name='./test-site.local/private/backups/20251112_223002-test-site_local-database.sql.gz' encoding='UTF-8'>
      cmd = []
      extra = []
      get_command = <function get_command at 0x10bfafb00>
      bin = None
      args = ['--user=_537373b7e3047fb7', '--host=127.0.0.1', '--port=3306', '--password=U5hxfjpquKPDmY5A', '--single-transaction', '--quick', '--lock-tables=false', '_537373b7e3047fb7']
      bin_name = 'mariadb-dump'
  File "apps/frappe/frappe/__init__.py", line 609, in throw
    msgprint(
      msg = 'mariadb-dump not found in PATH! This is required to take a backup.'
      exc = <class 'frappe.exceptions.ExecutableNotFound'>
      title = None
      is_minimizable = False
      wide = False
      as_list = False
      primary_action = None
  File "apps/frappe/frappe/__init__.py", line 574, in msgprint
    _raise_exception()
      msg = 'mariadb-dump not found in PATH! This is required to take a backup.'
      title = None
      raise_exception = <class 'frappe.exceptions.ExecutableNotFound'>
      as_table = False
      as_list = False
      indicator = 'red'
      alert = False
      primary_action = None
      is_minimizable = False
      wide = False
      realtime = False
      sys = <module 'sys' (built-in)>
      _raise_exception = <function msgprint.<locals>._raise_exception at 0x10a1d9da0>
      inspect = <module 'inspect' from '/opt/homebrew/Cellar/python@3.13/3.13.1/Frameworks/Python.framework/Versions/3.13/lib/python3.13/inspect.py'>
      out = {'message': 'mariadb-dump not found in PATH! This is required to take a backup.', 'title': 'Message', 'indicator': 'red', 'raise_exception': 1, '__frappe_exc_id': '21565f272a823de489abe39ebec3bca919a45ac35e4bd746064a08d8'}
  File "apps/frappe/frappe/__init__.py", line 525, in _raise_exception
    raise exc
      exc = ExecutableNotFound('mariadb-dump not found in PATH! This is required to take a backup.')
      inspect = <module 'inspect' from '/opt/homebrew/Cellar/python@3.13/3.13.1/Frameworks/Python.framework/Versions/3.13/lib/python3.13/inspect.py'>
      msg = 'mariadb-dump not found in PATH! This is required to take a backup.'
      out = {'message': 'mariadb-dump not found in PATH! This is required to take a backup.', 'title': 'Message', 'indicator': 'red', 'raise_exception': 1, '__frappe_exc_id': '21565f272a823de489abe39ebec3bca919a45ac35e4bd746064a08d8'}
      raise_exception = <class 'frappe.exceptions.ExecutableNotFound'>
frappe.exceptions.ExecutableNotFound: mariadb-dump not found in PATH! This is required to take a backup.
Backup failed for Site vendor-qc.local. Database or site_config.json may be corrupted
Traceback with variables (most recent call last):
  File "apps/frappe/frappe/commands/site.py", line 845, in backup
    odb = scheduled_backup(
      context = {'sites': ['test-site.local', 'vendor-qc.local'], 'force': False, 'verbose': True, 'profile': False}
      with_files = False
      backup_path = None
      backup_path_db = None
      backup_path_files = None
      backup_path_private_files = None
      backup_path_conf = None
      ignore_backup_conf = False
      verbose = True
      compress = False
      include = ''
      exclude = ''
      old_backup_metadata = False
      scheduled_backup = <function scheduled_backup at 0x10c2dfa60>
      exit_code = 1
      rollback_callback = None
      site = 'vendor-qc.local'
  File "apps/frappe/frappe/utils/backups.py", line 568, in scheduled_backup
    return new_backup(
      older_than = 6
      ignore_files = True
      backup_path = None
      backup_path_db = None
      backup_path_files = None
      backup_path_private_files = None
      backup_path_conf = None
      ignore_conf = False
      include_doctypes = ''
      exclude_doctypes = ''
      compress = False
      force = True
      verbose = True
      old_backup_metadata = False
      rollback_callback = <frappe.utils.CallbackManager object at 0x10c455180>
  File "apps/frappe/frappe/utils/backups.py", line 626, in new_backup
    odb.get_backup(older_than, ignore_files, force=force)
      older_than = 6
      ignore_files = True
      backup_path = None
      backup_path_db = None
      backup_path_files = None
      backup_path_private_files = None
      backup_path_conf = None
      ignore_conf = False
      include_doctypes = ''
      exclude_doctypes = ''
      compress = False
      force = True
      verbose = True
      old_backup_metadata = False
      rollback_callback = <frappe.utils.CallbackManager object at 0x10c455180>
      odb = <frappe.utils.backups.BackupGenerator object at 0x10c4eafd0>
  File "apps/frappe/frappe/utils/backups.py", line 195, in get_backup
    self.delete_if_step_fails(self.take_dump, self.backup_path_db)
      self = <frappe.utils.backups.BackupGenerator object at 0x10c4eafd0>
      older_than = 6
      ignore_files = True
      force = True
      last_db = False
      last_file = False
      last_private_file = False
      site_config_backup_path = False
  File "apps/frappe/frappe/utils/backups.py", line 520, in delete_if_step_fails
    raise e
      self = <frappe.utils.backups.BackupGenerator object at 0x10c4eafd0>
      step = <bound method BackupGenerator.take_dump of <frappe.utils.backups.BackupGenerator object at 0x10c4eafd0>>
      paths = ('./test-site.local/private/backups/20251112_223002-test-site_local-database.sql.gz',)
      path = './test-site.local/private/backups/20251112_223002-test-site_local-database.sql.gz'
  File "apps/frappe/frappe/utils/backups.py", line 515, in delete_if_step_fails
    step()
      self = <frappe.utils.backups.BackupGenerator object at 0x10c4eafd0>
      step = <bound method BackupGenerator.take_dump of <frappe.utils.backups.BackupGenerator object at 0x10c4eafd0>>
      paths = ('./test-site.local/private/backups/20251112_223002-test-site_local-database.sql.gz',)
      path = './test-site.local/private/backups/20251112_223002-test-site_local-database.sql.gz'
  File "apps/frappe/frappe/utils/backups.py", line 457, in take_dump
    frappe.throw(
      self = <frappe.utils.backups.BackupGenerator object at 0x10c4eafd0>
      shlex = <module 'shlex' from '/opt/homebrew/Cellar/python@3.13/3.13.1/Frameworks/Python.framework/Versions/3.13/lib/python3.13/shlex.py'>
      frappe = <module 'frappe' from 'apps/frappe/frappe/__init__.py'>
      get_app_branch = <function get_app_branch at 0x10c2c2ac0>
      gzip_exc = '/usr/bin/gzip'
      database_header_content = ['begin frappe metadata', '[frappe]', 'version = 15.87.0', 'branch = version-15', 'end frappe metadata', '']
      generated_header = '-- begin frappe metadata\n-- [frappe]\n-- version = 15.87.0\n-- branch = version-15\n-- end frappe metadata\n-- \n'
      f = <_io.TextIOWrapper name='./test-site.local/private/backups/20251112_223002-test-site_local-database.sql.gz' encoding='UTF-8'>
      cmd = []
      extra = []
      get_command = <function get_command at 0x10bfafb00>
      bin = None
      args = ['--user=_537373b7e3047fb7', '--host=127.0.0.1', '--port=3306', '--password=U5hxfjpquKPDmY5A', '--single-transaction', '--quick', '--lock-tables=false', '_537373b7e3047fb7']
      bin_name = 'mariadb-dump'
  File "apps/frappe/frappe/__init__.py", line 609, in throw
    msgprint(
      msg = 'mariadb-dump not found in PATH! This is required to take a backup.'
      exc = <class 'frappe.exceptions.ExecutableNotFound'>
      title = None
      is_minimizable = False
      wide = False
      as_list = False
      primary_action = None
  File "apps/frappe/frappe/__init__.py", line 574, in msgprint
    _raise_exception()
      msg = 'mariadb-dump not found in PATH! This is required to take a backup.'
      title = None
      raise_exception = <class 'frappe.exceptions.ExecutableNotFound'>
      as_table = False
      as_list = False
      indicator = 'red'
      alert = False
      primary_action = None
      is_minimizable = False
      wide = False
      realtime = False
      sys = <module 'sys' (built-in)>
      _raise_exception = <function msgprint.<locals>._raise_exception at 0x10c5c2980>
      inspect = <module 'inspect' from '/opt/homebrew/Cellar/python@3.13/3.13.1/Frameworks/Python.framework/Versions/3.13/lib/python3.13/inspect.py'>
      out = {'message': 'mariadb-dump not found in PATH! This is required to take a backup.', 'title': 'Message', 'indicator': 'red', 'raise_exception': 1, '__frappe_exc_id': 'f373b76714cd6d9b7d8d2bd30a3c3c968777900fe105f7565392c420'}
  File "apps/frappe/frappe/__init__.py", line 525, in _raise_exception
    raise exc
      exc = ExecutableNotFound('mariadb-dump not found in PATH! This is required to take a backup.')
      inspect = <module 'inspect' from '/opt/homebrew/Cellar/python@3.13/3.13.1/Frameworks/Python.framework/Versions/3.13/lib/python3.13/inspect.py'>
      msg = 'mariadb-dump not found in PATH! This is required to take a backup.'
      out = {'message': 'mariadb-dump not found in PATH! This is required to take a backup.', 'title': 'Message', 'indicator': 'red', 'raise_exception': 1, '__frappe_exc_id': 'f373b76714cd6d9b7d8d2bd30a3c3c968777900fe105f7565392c420'}
      raise_exception = <class 'frappe.exceptions.ExecutableNotFound'>
frappe.exceptions.ExecutableNotFound: mariadb-dump not found in PATH! This is required to take a backup.
Backup failed for Site test-site.local. Database or site_config.json may be corrupted
Traceback with variables (most recent call last):
  File "apps/frappe/frappe/commands/site.py", line 845, in backup
    odb = scheduled_backup(
      context = {'sites': ['test-site.local', 'vendor-qc.local'], 'force': False, 'verbose': True, 'profile': False}
      with_files = False
      backup_path = None
      backup_path_db = None
      backup_path_files = None
      backup_path_private_files = None
      backup_path_conf = None
      ignore_backup_conf = False
      verbose = True
      compress = False
      include = ''
      exclude = ''
      old_backup_metadata = False
      scheduled_backup = <function scheduled_backup at 0x10a01ba60>
      exit_code = 0
      rollback_callback = None
      site = 'test-site.local'
  File "apps/frappe/frappe/utils/backups.py", line 568, in scheduled_backup
    return new_backup(
      older_than = 6
      ignore_files = True
      backup_path = None
      backup_path_db = None
      backup_path_files = None
      backup_path_private_files = None
      backup_path_conf = None
      ignore_conf = False
      include_doctypes = ''
      exclude_doctypes = ''
      compress = False
      force = True
      verbose = True
      old_backup_metadata = False
      rollback_callback = <frappe.utils.CallbackManager object at 0x10a2045b0>
  File "apps/frappe/frappe/utils/backups.py", line 626, in new_backup
    odb.get_backup(older_than, ignore_files, force=force)
      older_than = 6
      ignore_files = True
      backup_path = None
      backup_path_db = None
      backup_path_files = None
      backup_path_private_files = None
      backup_path_conf = None
      ignore_conf = False
      include_doctypes = ''
      exclude_doctypes = ''
      compress = False
      force = True
      verbose = True
      old_backup_metadata = False
      rollback_callback = <frappe.utils.CallbackManager object at 0x10a2045b0>
      odb = <frappe.utils.backups.BackupGenerator object at 0x10a1a7230>
  File "apps/frappe/frappe/utils/backups.py", line 195, in get_backup
    self.delete_if_step_fails(self.take_dump, self.backup_path_db)
      self = <frappe.utils.backups.BackupGenerator object at 0x10a1a7230>
      older_than = 6
      ignore_files = True
      force = True
      last_db = False
      last_file = False
      last_private_file = False
      site_config_backup_path = False
  File "apps/frappe/frappe/utils/backups.py", line 520, in delete_if_step_fails
    raise e
      self = <frappe.utils.backups.BackupGenerator object at 0x10a1a7230>
      step = <bound method BackupGenerator.take_dump of <frappe.utils.backups.BackupGenerator object at 0x10a1a7230>>
      paths = ('./test-site.local/private/backups/20251113_043002-test-site_local-database.sql.gz',)
      path = './test-site.local/private/backups/20251113_043002-test-site_local-database.sql.gz'
  File "apps/frappe/frappe/utils/backups.py", line 515, in delete_if_step_fails
    step()
      self = <frappe.utils.backups.BackupGenerator object at 0x10a1a7230>
      step = <bound method BackupGenerator.take_dump of <frappe.utils.backups.BackupGenerator object at 0x10a1a7230>>
      paths = ('./test-site.local/private/backups/20251113_043002-test-site_local-database.sql.gz',)
      path = './test-site.local/private/backups/20251113_043002-test-site_local-database.sql.gz'
  File "apps/frappe/frappe/utils/backups.py", line 457, in take_dump
    frappe.throw(
      self = <frappe.utils.backups.BackupGenerator object at 0x10a1a7230>
      shlex = <module 'shlex' from '/opt/homebrew/Cellar/python@3.13/3.13.1/Frameworks/Python.framework/Versions/3.13/lib/python3.13/shlex.py'>
      frappe = <module 'frappe' from 'apps/frappe/frappe/__init__.py'>
      get_app_branch = <function get_app_branch at 0x10a002ac0>
      gzip_exc = '/usr/bin/gzip'
      database_header_content = ['begin frappe metadata', '[frappe]', 'version = 15.87.0', 'branch = version-15', 'end frappe metadata', '']
      generated_header = '-- begin frappe metadata\n-- [frappe]\n-- version = 15.87.0\n-- branch = version-15\n-- end frappe metadata\n-- \n'
      f = <_io.TextIOWrapper name='./test-site.local/private/backups/20251113_043002-test-site_local-database.sql.gz' encoding='UTF-8'>
      cmd = []
      extra = []
      get_command = <function get_command at 0x109c37b00>
      bin = None
      args = ['--user=_537373b7e3047fb7', '--host=127.0.0.1', '--port=3306', '--password=U5hxfjpquKPDmY5A', '--single-transaction', '--quick', '--lock-tables=false', '_537373b7e3047fb7']
      bin_name = 'mariadb-dump'
  File "apps/frappe/frappe/__init__.py", line 609, in throw
    msgprint(
      msg = 'mariadb-dump not found in PATH! This is required to take a backup.'
      exc = <class 'frappe.exceptions.ExecutableNotFound'>
      title = None
      is_minimizable = False
      wide = False
      as_list = False
      primary_action = None
  File "apps/frappe/frappe/__init__.py", line 574, in msgprint
    _raise_exception()
      msg = 'mariadb-dump not found in PATH! This is required to take a backup.'
      title = None
      raise_exception = <class 'frappe.exceptions.ExecutableNotFound'>
      as_table = False
      as_list = False
      indicator = 'red'
      alert = False
      primary_action = None
      is_minimizable = False
      wide = False
      realtime = False
      sys = <module 'sys' (built-in)>
      _raise_exception = <function msgprint.<locals>._raise_exception at 0x107e55da0>
      inspect = <module 'inspect' from '/opt/homebrew/Cellar/python@3.13/3.13.1/Frameworks/Python.framework/Versions/3.13/lib/python3.13/inspect.py'>
      out = {'message': 'mariadb-dump not found in PATH! This is required to take a backup.', 'title': 'Message', 'indicator': 'red', 'raise_exception': 1, '__frappe_exc_id': 'ad0fa4a641981ad878d64a681e139e99ec8625150f71550c6fd33dba'}
  File "apps/frappe/frappe/__init__.py", line 525, in _raise_exception
    raise exc
      exc = ExecutableNotFound('mariadb-dump not found in PATH! This is required to take a backup.')
      inspect = <module 'inspect' from '/opt/homebrew/Cellar/python@3.13/3.13.1/Frameworks/Python.framework/Versions/3.13/lib/python3.13/inspect.py'>
      msg = 'mariadb-dump not found in PATH! This is required to take a backup.'
      out = {'message': 'mariadb-dump not found in PATH! This is required to take a backup.', 'title': 'Message', 'indicator': 'red', 'raise_exception': 1, '__frappe_exc_id': 'ad0fa4a641981ad878d64a681e139e99ec8625150f71550c6fd33dba'}
      raise_exception = <class 'frappe.exceptions.ExecutableNotFound'>
frappe.exceptions.ExecutableNotFound: mariadb-dump not found in PATH! This is required to take a backup.
Backup failed for Site vendor-qc.local. Database or site_config.json may be corrupted
Traceback with variables (most recent call last):
  File "apps/frappe/frappe/commands/site.py", line 845, in backup
    odb = scheduled_backup(
      context = {'sites': ['test-site.local', 'vendor-qc.local'], 'force': False, 'verbose': True, 'profile': False}
      with_files = False
      backup_path = None
      backup_path_db = None
      backup_path_files = None
      backup_path_private_files = None
      backup_path_conf = None
      ignore_backup_conf = False
      verbose = True
      compress = False
      include = ''
      exclude = ''
      old_backup_metadata = False
      scheduled_backup = <function scheduled_backup at 0x10a01ba60>
      exit_code = 1
      rollback_callback = None
      site = 'vendor-qc.local'
  File "apps/frappe/frappe/utils/backups.py", line 568, in scheduled_backup
    return new_backup(
      older_than = 6
      ignore_files = True
      backup_path = None
      backup_path_db = None
      backup_path_files = None
      backup_path_private_files = None
      backup_path_conf = None
      ignore_conf = False
      include_doctypes = ''
      exclude_doctypes = ''
      compress = False
      force = True
      verbose = True
      old_backup_metadata = False
      rollback_callback = <frappe.utils.CallbackManager object at 0x10a2605b0>
  File "apps/frappe/frappe/utils/backups.py", line 626, in new_backup
    odb.get_backup(older_than, ignore_files, force=force)
      older_than = 6
      ignore_files = True
      backup_path = None
      backup_path_db = None
      backup_path_files = None
      backup_path_private_files = None
      backup_path_conf = None
      ignore_conf = False
      include_doctypes = ''
      exclude_doctypes = ''
      compress = False
      force = True
      verbose = True
      old_backup_metadata = False
      rollback_callback = <frappe.utils.CallbackManager object at 0x10a2605b0>
      odb = <frappe.utils.backups.BackupGenerator object at 0x10a1c2fd0>
  File "apps/frappe/frappe/utils/backups.py", line 195, in get_backup
    self.delete_if_step_fails(self.take_dump, self.backup_path_db)
      self = <frappe.utils.backups.BackupGenerator object at 0x10a1c2fd0>
      older_than = 6
      ignore_files = True
      force = True
      last_db = False
      last_file = False
      last_private_file = False
      site_config_backup_path = False
  File "apps/frappe/frappe/utils/backups.py", line 520, in delete_if_step_fails
    raise e
      self = <frappe.utils.backups.BackupGenerator object at 0x10a1c2fd0>
      step = <bound method BackupGenerator.take_dump of <frappe.utils.backups.BackupGenerator object at 0x10a1c2fd0>>
      paths = ('./test-site.local/private/backups/20251113_043002-test-site_local-database.sql.gz',)
      path = './test-site.local/private/backups/20251113_043002-test-site_local-database.sql.gz'
  File "apps/frappe/frappe/utils/backups.py", line 515, in delete_if_step_fails
    step()
      self = <frappe.utils.backups.BackupGenerator object at 0x10a1c2fd0>
      step = <bound method BackupGenerator.take_dump of <frappe.utils.backups.BackupGenerator object at 0x10a1c2fd0>>
      paths = ('./test-site.local/private/backups/20251113_043002-test-site_local-database.sql.gz',)
      path = './test-site.local/private/backups/20251113_043002-test-site_local-database.sql.gz'
  File "apps/frappe/frappe/utils/backups.py", line 457, in take_dump
    frappe.throw(
      self = <frappe.utils.backups.BackupGenerator object at 0x10a1c2fd0>
      shlex = <module 'shlex' from '/opt/homebrew/Cellar/python@3.13/3.13.1/Frameworks/Python.framework/Versions/3.13/lib/python3.13/shlex.py'>
      frappe = <module 'frappe' from 'apps/frappe/frappe/__init__.py'>
      get_app_branch = <function get_app_branch at 0x10a002ac0>
      gzip_exc = '/usr/bin/gzip'
      database_header_content = ['begin frappe metadata', '[frappe]', 'version = 15.87.0', 'branch = version-15', 'end frappe metadata', '']
      generated_header = '-- begin frappe metadata\n-- [frappe]\n-- version = 15.87.0\n-- branch = version-15\n-- end frappe metadata\n-- \n'
      f = <_io.TextIOWrapper name='./test-site.local/private/backups/20251113_043002-test-site_local-database.sql.gz' encoding='UTF-8'>
      cmd = []
      extra = []
      get_command = <function get_command at 0x109c37b00>
      bin = None
      args = ['--user=_537373b7e3047fb7', '--host=127.0.0.1', '--port=3306', '--password=U5hxfjpquKPDmY5A', '--single-transaction', '--quick', '--lock-tables=false', '_537373b7e3047fb7']
      bin_name = 'mariadb-dump'
  File "apps/frappe/frappe/__init__.py", line 609, in throw
    msgprint(
      msg = 'mariadb-dump not found in PATH! This is required to take a backup.'
      exc = <class 'frappe.exceptions.ExecutableNotFound'>
      title = None
      is_minimizable = False
      wide = False
      as_list = False
      primary_action = None
  File "apps/frappe/frappe/__init__.py", line 574, in msgprint
    _raise_exception()
      msg = 'mariadb-dump not found in PATH! This is required to take a backup.'
      title = None
      raise_exception = <class 'frappe.exceptions.ExecutableNotFound'>
      as_table = False
      as_list = False
      indicator = 'red'
      alert = False
      primary_action = None
      is_minimizable = False
      wide = False
      realtime = False
      sys = <module 'sys' (built-in)>
      _raise_exception = <function msgprint.<locals>._raise_exception at 0x10a29e980>
      inspect = <module 'inspect' from '/opt/homebrew/Cellar/python@3.13/3.13.1/Frameworks/Python.framework/Versions/3.13/lib/python3.13/inspect.py'>
      out = {'message': 'mariadb-dump not found in PATH! This is required to take a backup.', 'title': 'Message', 'indicator': 'red', 'raise_exception': 1, '__frappe_exc_id': '74d7cfcf1b7f02c7217f1edee8b854e1df0c0730b118bb42c139b2f3'}
  File "apps/frappe/frappe/__init__.py", line 525, in _raise_exception
    raise exc
      exc = ExecutableNotFound('mariadb-dump not found in PATH! This is required to take a backup.')
      inspect = <module 'inspect' from '/opt/homebrew/Cellar/python@3.13/3.13.1/Frameworks/Python.framework/Versions/3.13/lib/python3.13/inspect.py'>
      msg = 'mariadb-dump not found in PATH! This is required to take a backup.'
      out = {'message': 'mariadb-dump not found in PATH! This is required to take a backup.', 'title': 'Message', 'indicator': 'red', 'raise_exception': 1, '__frappe_exc_id': '74d7cfcf1b7f02c7217f1edee8b854e1df0c0730b118bb42c139b2f3'}
      raise_exception = <class 'frappe.exceptions.ExecutableNotFound'>
frappe.exceptions.ExecutableNotFound: mariadb-dump not found in PATH! This is required to take a backup.
Backup failed for Site test-site.local. Database or site_config.json may be corrupted
Traceback with variables (most recent call last):
  File "apps/frappe/frappe/commands/site.py", line 845, in backup
    odb = scheduled_backup(
      context = {'sites': ['test-site.local', 'vendor-qc.local'], 'force': False, 'verbose': True, 'profile': False}
      with_files = False
      backup_path = None
      backup_path_db = None
      backup_path_files = None
      backup_path_private_files = None
      backup_path_conf = None
      ignore_backup_conf = False
      verbose = True
      compress = False
      include = ''
      exclude = ''
      old_backup_metadata = False
      scheduled_backup = <function scheduled_backup at 0x10aa6fa60>
      exit_code = 0
      rollback_callback = None
      site = 'test-site.local'
  File "apps/frappe/frappe/utils/backups.py", line 568, in scheduled_backup
    return new_backup(
      older_than = 6
      ignore_files = True
      backup_path = None
      backup_path_db = None
      backup_path_files = None
      backup_path_private_files = None
      backup_path_conf = None
      ignore_conf = False
      include_doctypes = ''
      exclude_doctypes = ''
      compress = False
      force = True
      verbose = True
      old_backup_metadata = False
      rollback_callback = <frappe.utils.CallbackManager object at 0x10ace02e0>
  File "apps/frappe/frappe/utils/backups.py", line 626, in new_backup
    odb.get_backup(older_than, ignore_files, force=force)
      older_than = 6
      ignore_files = True
      backup_path = None
      backup_path_db = None
      backup_path_files = None
      backup_path_private_files = None
      backup_path_conf = None
      ignore_conf = False
      include_doctypes = ''
      exclude_doctypes = ''
      compress = False
      force = True
      verbose = True
      old_backup_metadata = False
      rollback_callback = <frappe.utils.CallbackManager object at 0x10ace02e0>
      odb = <frappe.utils.backups.BackupGenerator object at 0x10ac63230>
  File "apps/frappe/frappe/utils/backups.py", line 195, in get_backup
    self.delete_if_step_fails(self.take_dump, self.backup_path_db)
      self = <frappe.utils.backups.BackupGenerator object at 0x10ac63230>
      older_than = 6
      ignore_files = True
      force = True
      last_db = False
      last_file = False
      last_private_file = False
      site_config_backup_path = False
  File "apps/frappe/frappe/utils/backups.py", line 520, in delete_if_step_fails
    raise e
      self = <frappe.utils.backups.BackupGenerator object at 0x10ac63230>
      step = <bound method BackupGenerator.take_dump of <frappe.utils.backups.BackupGenerator object at 0x10ac63230>>
      paths = ('./test-site.local/private/backups/20251113_103001-test-site_local-database.sql.gz',)
      path = './test-site.local/private/backups/20251113_103001-test-site_local-database.sql.gz'
  File "apps/frappe/frappe/utils/backups.py", line 515, in delete_if_step_fails
    step()
      self = <frappe.utils.backups.BackupGenerator object at 0x10ac63230>
      step = <bound method BackupGenerator.take_dump of <frappe.utils.backups.BackupGenerator object at 0x10ac63230>>
      paths = ('./test-site.local/private/backups/20251113_103001-test-site_local-database.sql.gz',)
      path = './test-site.local/private/backups/20251113_103001-test-site_local-database.sql.gz'
  File "apps/frappe/frappe/utils/backups.py", line 457, in take_dump
    frappe.throw(
      self = <frappe.utils.backups.BackupGenerator object at 0x10ac63230>
      shlex = <module 'shlex' from '/opt/homebrew/Cellar/python@3.13/3.13.1/Frameworks/Python.framework/Versions/3.13/lib/python3.13/shlex.py'>
      frappe = <module 'frappe' from 'apps/frappe/frappe/__init__.py'>
      get_app_branch = <function get_app_branch at 0x10aa52ac0>
      gzip_exc = '/usr/bin/gzip'
      database_header_content = ['begin frappe metadata', '[frappe]', 'version = 15.87.0', 'branch = version-15', 'end frappe metadata', '']
      generated_header = '-- begin frappe metadata\n-- [frappe]\n-- version = 15.87.0\n-- branch = version-15\n-- end frappe metadata\n-- \n'
      f = <_io.TextIOWrapper name='./test-site.local/private/backups/20251113_103001-test-site_local-database.sql.gz' encoding='UTF-8'>
      cmd = []
      extra = []
      get_command = <function get_command at 0x10a73fb00>
      bin = None
      args = ['--user=_537373b7e3047fb7', '--host=127.0.0.1', '--port=3306', '--password=U5hxfjpquKPDmY5A', '--single-transaction', '--quick', '--lock-tables=false', '_537373b7e3047fb7']
      bin_name = 'mariadb-dump'
  File "apps/frappe/frappe/__init__.py", line 609, in throw
    msgprint(
      msg = 'mariadb-dump not found in PATH! This is required to take a backup.'
      exc = <class 'frappe.exceptions.ExecutableNotFound'>
      title = None
      is_minimizable = False
      wide = False
      as_list = False
      primary_action = None
  File "apps/frappe/frappe/__init__.py", line 574, in msgprint
    _raise_exception()
      msg = 'mariadb-dump not found in PATH! This is required to take a backup.'
      title = None
      raise_exception = <class 'frappe.exceptions.ExecutableNotFound'>
      as_table = False
      as_list = False
      indicator = 'red'
      alert = False
      primary_action = None
      is_minimizable = False
      wide = False
      realtime = False
      sys = <module 'sys' (built-in)>
      _raise_exception = <function msgprint.<locals>._raise_exception at 0x108939da0>
      inspect = <module 'inspect' from '/opt/homebrew/Cellar/python@3.13/3.13.1/Frameworks/Python.framework/Versions/3.13/lib/python3.13/inspect.py'>
      out = {'message': 'mariadb-dump not found in PATH! This is required to take a backup.', 'title': 'Message', 'indicator': 'red', 'raise_exception': 1, '__frappe_exc_id': '83ad8c535b6d1da752b854d92a4be26627d8c610a25a7d8fbd0dde52'}
  File "apps/frappe/frappe/__init__.py", line 525, in _raise_exception
    raise exc
      exc = ExecutableNotFound('mariadb-dump not found in PATH! This is required to take a backup.')
      inspect = <module 'inspect' from '/opt/homebrew/Cellar/python@3.13/3.13.1/Frameworks/Python.framework/Versions/3.13/lib/python3.13/inspect.py'>
      msg = 'mariadb-dump not found in PATH! This is required to take a backup.'
      out = {'message': 'mariadb-dump not found in PATH! This is required to take a backup.', 'title': 'Message', 'indicator': 'red', 'raise_exception': 1, '__frappe_exc_id': '83ad8c535b6d1da752b854d92a4be26627d8c610a25a7d8fbd0dde52'}
      raise_exception = <class 'frappe.exceptions.ExecutableNotFound'>
frappe.exceptions.ExecutableNotFound: mariadb-dump not found in PATH! This is required to take a backup.
Backup failed for Site vendor-qc.local. Database or site_config.json may be corrupted
Traceback with variables (most recent call last):
  File "apps/frappe/frappe/commands/site.py", line 845, in backup
    odb = scheduled_backup(
      context = {'sites': ['test-site.local', 'vendor-qc.local'], 'force': False, 'verbose': True, 'profile': False}
      with_files = False
      backup_path = None
      backup_path_db = None
      backup_path_files = None
      backup_path_private_files = None
      backup_path_conf = None
      ignore_backup_conf = False
      verbose = True
      compress = False
      include = ''
      exclude = ''
      old_backup_metadata = False
      scheduled_backup = <function scheduled_backup at 0x10aa6fa60>
      exit_code = 1
      rollback_callback = None
      site = 'vendor-qc.local'
  File "apps/frappe/frappe/utils/backups.py", line 568, in scheduled_backup
    return new_backup(
      older_than = 6
      ignore_files = True
      backup_path = None
      backup_path_db = None
      backup_path_files = None
      backup_path_private_files = None
      backup_path_conf = None
      ignore_conf = False
      include_doctypes = ''
      exclude_doctypes = ''
      compress = False
      force = True
      verbose = True
      old_backup_metadata = False
      rollback_callback = <frappe.utils.CallbackManager object at 0x10ad160e0>
  File "apps/frappe/frappe/utils/backups.py", line 626, in new_backup
    odb.get_backup(older_than, ignore_files, force=force)
      older_than = 6
      ignore_files = True
      backup_path = None
      backup_path_db = None
      backup_path_files = None
      backup_path_private_files = None
      backup_path_conf = None
      ignore_conf = False
      include_doctypes = ''
      exclude_doctypes = ''
      compress = False
      force = True
      verbose = True
      old_backup_metadata = False
      rollback_callback = <frappe.utils.CallbackManager object at 0x10ad160e0>
      odb = <frappe.utils.backups.BackupGenerator object at 0x10ac7afd0>
  File "apps/frappe/frappe/utils/backups.py", line 195, in get_backup
    self.delete_if_step_fails(self.take_dump, self.backup_path_db)
      self = <frappe.utils.backups.BackupGenerator object at 0x10ac7afd0>
      older_than = 6
      ignore_files = True
      force = True
      last_db = False
      last_file = False
      last_private_file = False
      site_config_backup_path = False
  File "apps/frappe/frappe/utils/backups.py", line 520, in delete_if_step_fails
    raise e
      self = <frappe.utils.backups.BackupGenerator object at 0x10ac7afd0>
      step = <bound method BackupGenerator.take_dump of <frappe.utils.backups.BackupGenerator object at 0x10ac7afd0>>
      paths = ('./test-site.local/private/backups/20251113_103001-test-site_local-database.sql.gz',)
      path = './test-site.local/private/backups/20251113_103001-test-site_local-database.sql.gz'
  File "apps/frappe/frappe/utils/backups.py", line 515, in delete_if_step_fails
    step()
      self = <frappe.utils.backups.BackupGenerator object at 0x10ac7afd0>
      step = <bound method BackupGenerator.take_dump of <frappe.utils.backups.BackupGenerator object at 0x10ac7afd0>>
      paths = ('./test-site.local/private/backups/20251113_103001-test-site_local-database.sql.gz',)
      path = './test-site.local/private/backups/20251113_103001-test-site_local-database.sql.gz'
  File "apps/frappe/frappe/utils/backups.py", line 457, in take_dump
    frappe.throw(
      self = <frappe.utils.backups.BackupGenerator object at 0x10ac7afd0>
      shlex = <module 'shlex' from '/opt/homebrew/Cellar/python@3.13/3.13.1/Frameworks/Python.framework/Versions/3.13/lib/python3.13/shlex.py'>
      frappe = <module 'frappe' from 'apps/frappe/frappe/__init__.py'>
      get_app_branch = <function get_app_branch at 0x10aa52ac0>
      gzip_exc = '/usr/bin/gzip'
      database_header_content = ['begin frappe metadata', '[frappe]', 'version = 15.87.0', 'branch = version-15', 'end frappe metadata', '']
      generated_header = '-- begin frappe metadata\n-- [frappe]\n-- version = 15.87.0\n-- branch = version-15\n-- end frappe metadata\n-- \n'
      f = <_io.TextIOWrapper name='./test-site.local/private/backups/20251113_103001-test-site_local-database.sql.gz' encoding='UTF-8'>
      cmd = []
      extra = []
      get_command = <function get_command at 0x10a73fb00>
      bin = None
      args = ['--user=_537373b7e3047fb7', '--host=127.0.0.1', '--port=3306', '--password=U5hxfjpquKPDmY5A', '--single-transaction', '--quick', '--lock-tables=false', '_537373b7e3047fb7']
      bin_name = 'mariadb-dump'
  File "apps/frappe/frappe/__init__.py", line 609, in throw
    msgprint(
      msg = 'mariadb-dump not found in PATH! This is required to take a backup.'
      exc = <class 'frappe.exceptions.ExecutableNotFound'>
      title = None
      is_minimizable = False
      wide = False
      as_list = False
      primary_action = None
  File "apps/frappe/frappe/__init__.py", line 574, in msgprint
    _raise_exception()
      msg = 'mariadb-dump not found in PATH! This is required to take a backup.'
      title = None
      raise_exception = <class 'frappe.exceptions.ExecutableNotFound'>
      as_table = False
      as_list = False
      indicator = 'red'
      alert = False
      primary_action = None
      is_minimizable = False
      wide = False
      realtime = False
      sys = <module 'sys' (built-in)>
      _raise_exception = <function msgprint.<locals>._raise_exception at 0x10ad56980>
      inspect = <module 'inspect' from '/opt/homebrew/Cellar/python@3.13/3.13.1/Frameworks/Python.framework/Versions/3.13/lib/python3.13/inspect.py'>
      out = {'message': 'mariadb-dump not found in PATH! This is required to take a backup.', 'title': 'Message', 'indicator': 'red', 'raise_exception': 1, '__frappe_exc_id': 'e1a02bf34e981cf7bed44ac8be4884ade89ad6b499d1cc0713a48472'}
  File "apps/frappe/frappe/__init__.py", line 525, in _raise_exception
    raise exc
      exc = ExecutableNotFound('mariadb-dump not found in PATH! This is required to take a backup.')
      inspect = <module 'inspect' from '/opt/homebrew/Cellar/python@3.13/3.13.1/Frameworks/Python.framework/Versions/3.13/lib/python3.13/inspect.py'>
      msg = 'mariadb-dump not found in PATH! This is required to take a backup.'
      out = {'message': 'mariadb-dump not found in PATH! This is required to take a backup.', 'title': 'Message', 'indicator': 'red', 'raise_exception': 1, '__frappe_exc_id': 'e1a02bf34e981cf7bed44ac8be4884ade89ad6b499d1cc0713a48472'}
      raise_exception = <class 'frappe.exceptions.ExecutableNotFound'>
frappe.exceptions.ExecutableNotFound: mariadb-dump not found in PATH! This is required to take a backup.
Backup failed for Site test-site.local. Database or site_config.json may be corrupted
Traceback with variables (most recent call last):
  File "apps/frappe/frappe/commands/site.py", line 845, in backup
    odb = scheduled_backup(
      context = {'sites': ['test-site.local', 'vendor-qc.local'], 'force': False, 'verbose': True, 'profile': False}
      with_files = False
      backup_path = None
      backup_path_db = None
      backup_path_files = None
      backup_path_private_files = None
      backup_path_conf = None
      ignore_backup_conf = False
      verbose = True
      compress = False
      include = ''
      exclude = ''
      old_backup_metadata = False
      scheduled_backup = <function scheduled_backup at 0x108553a60>
      exit_code = 0
      rollback_callback = None
      site = 'test-site.local'
  File "apps/frappe/frappe/utils/backups.py", line 568, in scheduled_backup
    return new_backup(
      older_than = 6
      ignore_files = True
      backup_path = None
      backup_path_db = None
      backup_path_files = None
      backup_path_private_files = None
      backup_path_conf = None
      ignore_conf = False
      include_doctypes = ''
      exclude_doctypes = ''
      compress = False
      force = True
      verbose = True
      old_backup_metadata = False
      rollback_callback = <frappe.utils.CallbackManager object at 0x1087a3df0>
  File "apps/frappe/frappe/utils/backups.py", line 626, in new_backup
    odb.get_backup(older_than, ignore_files, force=force)
      older_than = 6
      ignore_files = True
      backup_path = None
      backup_path_db = None
      backup_path_files = None
      backup_path_private_files = None
      backup_path_conf = None
      ignore_conf = False
      include_doctypes = ''
      exclude_doctypes = ''
      compress = False
      force = True
      verbose = True
      old_backup_metadata = False
      rollback_callback = <frappe.utils.CallbackManager object at 0x1087a3df0>
      odb = <frappe.utils.backups.BackupGenerator object at 0x108747230>
  File "apps/frappe/frappe/utils/backups.py", line 195, in get_backup
    self.delete_if_step_fails(self.take_dump, self.backup_path_db)
      self = <frappe.utils.backups.BackupGenerator object at 0x108747230>
      older_than = 6
      ignore_files = True
      force = True
      last_db = False
      last_file = False
      last_private_file = False
      site_config_backup_path = False
  File "apps/frappe/frappe/utils/backups.py", line 520, in delete_if_step_fails
    raise e
      self = <frappe.utils.backups.BackupGenerator object at 0x108747230>
      step = <bound method BackupGenerator.take_dump of <frappe.utils.backups.BackupGenerator object at 0x108747230>>
      paths = ('./test-site.local/private/backups/20251113_163001-test-site_local-database.sql.gz',)
      path = './test-site.local/private/backups/20251113_163001-test-site_local-database.sql.gz'
  File "apps/frappe/frappe/utils/backups.py", line 515, in delete_if_step_fails
    step()
      self = <frappe.utils.backups.BackupGenerator object at 0x108747230>
      step = <bound method BackupGenerator.take_dump of <frappe.utils.backups.BackupGenerator object at 0x108747230>>
      paths = ('./test-site.local/private/backups/20251113_163001-test-site_local-database.sql.gz',)
      path = './test-site.local/private/backups/20251113_163001-test-site_local-database.sql.gz'
  File "apps/frappe/frappe/utils/backups.py", line 457, in take_dump
    frappe.throw(
      self = <frappe.utils.backups.BackupGenerator object at 0x108747230>
      shlex = <module 'shlex' from '/opt/homebrew/Cellar/python@3.13/3.13.1/Frameworks/Python.framework/Versions/3.13/lib/python3.13/shlex.py'>
      frappe = <module 'frappe' from 'apps/frappe/frappe/__init__.py'>
      get_app_branch = <function get_app_branch at 0x108536ac0>
      gzip_exc = '/usr/bin/gzip'
      database_header_content = ['begin frappe metadata', '[frappe]', 'version = 15.87.0', 'branch = version-15', 'end frappe metadata', '']
      generated_header = '-- begin frappe metadata\n-- [frappe]\n-- version = 15.87.0\n-- branch = version-15\n-- end frappe metadata\n-- \n'
      f = <_io.TextIOWrapper name='./test-site.local/private/backups/20251113_163001-test-site_local-database.sql.gz' encoding='UTF-8'>
      cmd = []
      extra = []
      get_command = <function get_command at 0x108223b00>
      bin = None
      args = ['--user=_537373b7e3047fb7', '--host=127.0.0.1', '--port=3306', '--password=U5hxfjpquKPDmY5A', '--single-transaction', '--quick', '--lock-tables=false', '_537373b7e3047fb7']
      bin_name = 'mariadb-dump'
  File "apps/frappe/frappe/__init__.py", line 609, in throw
    msgprint(
      msg = 'mariadb-dump not found in PATH! This is required to take a backup.'
      exc = <class 'frappe.exceptions.ExecutableNotFound'>
      title = None
      is_minimizable = False
      wide = False
      as_list = False
      primary_action = None
  File "apps/frappe/frappe/__init__.py", line 574, in msgprint
    _raise_exception()
      msg = 'mariadb-dump not found in PATH! This is required to take a backup.'
      title = None
      raise_exception = <class 'frappe.exceptions.ExecutableNotFound'>
      as_table = False
      as_list = False
      indicator = 'red'
      alert = False
      primary_action = None
      is_minimizable = False
      wide = False
      realtime = False
      sys = <module 'sys' (built-in)>
      _raise_exception = <function msgprint.<locals>._raise_exception at 0x10641dda0>
      inspect = <module 'inspect' from '/opt/homebrew/Cellar/python@3.13/3.13.1/Frameworks/Python.framework/Versions/3.13/lib/python3.13/inspect.py'>
      out = {'message': 'mariadb-dump not found in PATH! This is required to take a backup.', 'title': 'Message', 'indicator': 'red', 'raise_exception': 1, '__frappe_exc_id': 'd02c3de2b8ce22719cd3a6d105d6e19912fffd31b40f3ae578d83e88'}
  File "apps/frappe/frappe/__init__.py", line 525, in _raise_exception
    raise exc
      exc = ExecutableNotFound('mariadb-dump not found in PATH! This is required to take a backup.')
      inspect = <module 'inspect' from '/opt/homebrew/Cellar/python@3.13/3.13.1/Frameworks/Python.framework/Versions/3.13/lib/python3.13/inspect.py'>
      msg = 'mariadb-dump not found in PATH! This is required to take a backup.'
      out = {'message': 'mariadb-dump not found in PATH! This is required to take a backup.', 'title': 'Message', 'indicator': 'red', 'raise_exception': 1, '__frappe_exc_id': 'd02c3de2b8ce22719cd3a6d105d6e19912fffd31b40f3ae578d83e88'}
      raise_exception = <class 'frappe.exceptions.ExecutableNotFound'>
frappe.exceptions.ExecutableNotFound: mariadb-dump not found in PATH! This is required to take a backup.
Backup failed for Site vendor-qc.local. Database or site_config.json may be corrupted
Traceback with variables (most recent call last):
  File "apps/frappe/frappe/commands/site.py", line 845, in backup
    odb = scheduled_backup(
      context = {'sites': ['test-site.local', 'vendor-qc.local'], 'force': False, 'verbose': True, 'profile': False}
      with_files = False
      backup_path = None
      backup_path_db = None
      backup_path_files = None
      backup_path_private_files = None
      backup_path_conf = None
      ignore_backup_conf = False
      verbose = True
      compress = False
      include = ''
      exclude = ''
      old_backup_metadata = False
      scheduled_backup = <function scheduled_backup at 0x108553a60>
      exit_code = 1
      rollback_callback = None
      site = 'vendor-qc.local'
  File "apps/frappe/frappe/utils/backups.py", line 568, in scheduled_backup
    return new_backup(
      older_than = 6
      ignore_files = True
      backup_path = None
      backup_path_db = None
      backup_path_files = None
      backup_path_private_files = None
      backup_path_conf = None
      ignore_conf = False
      include_doctypes = ''
      exclude_doctypes = ''
      compress = False
      force = True
      verbose = True
      old_backup_metadata = False
      rollback_callback = <frappe.utils.CallbackManager object at 0x107c298a0>
  File "apps/frappe/frappe/utils/backups.py", line 626, in new_backup
    odb.get_backup(older_than, ignore_files, force=force)
      older_than = 6
      ignore_files = True
      backup_path = None
      backup_path_db = None
      backup_path_files = None
      backup_path_private_files = None
      backup_path_conf = None
      ignore_conf = False
      include_doctypes = ''
      exclude_doctypes = ''
      compress = False
      force = True
      verbose = True
      old_backup_metadata = False
      rollback_callback = <frappe.utils.CallbackManager object at 0x107c298a0>
      odb = <frappe.utils.backups.BackupGenerator object at 0x10875efd0>
  File "apps/frappe/frappe/utils/backups.py", line 195, in get_backup
    self.delete_if_step_fails(self.take_dump, self.backup_path_db)
      self = <frappe.utils.backups.BackupGenerator object at 0x10875efd0>
      older_than = 6
      ignore_files = True
      force = True
      last_db = False
      last_file = False
      last_private_file = False
      site_config_backup_path = False
  File "apps/frappe/frappe/utils/backups.py", line 520, in delete_if_step_fails
    raise e
      self = <frappe.utils.backups.BackupGenerator object at 0x10875efd0>
      step = <bound method BackupGenerator.take_dump of <frappe.utils.backups.BackupGenerator object at 0x10875efd0>>
      paths = ('./test-site.local/private/backups/20251113_163002-test-site_local-database.sql.gz',)
      path = './test-site.local/private/backups/20251113_163002-test-site_local-database.sql.gz'
  File "apps/frappe/frappe/utils/backups.py", line 515, in delete_if_step_fails
    step()
      self = <frappe.utils.backups.BackupGenerator object at 0x10875efd0>
      step = <bound method BackupGenerator.take_dump of <frappe.utils.backups.BackupGenerator object at 0x10875efd0>>
      paths = ('./test-site.local/private/backups/20251113_163002-test-site_local-database.sql.gz',)
      path = './test-site.local/private/backups/20251113_163002-test-site_local-database.sql.gz'
  File "apps/frappe/frappe/utils/backups.py", line 457, in take_dump
    frappe.throw(
      self = <frappe.utils.backups.BackupGenerator object at 0x10875efd0>
      shlex = <module 'shlex' from '/opt/homebrew/Cellar/python@3.13/3.13.1/Frameworks/Python.framework/Versions/3.13/lib/python3.13/shlex.py'>
      frappe = <module 'frappe' from 'apps/frappe/frappe/__init__.py'>
      get_app_branch = <function get_app_branch at 0x108536ac0>
      gzip_exc = '/usr/bin/gzip'
      database_header_content = ['begin frappe metadata', '[frappe]', 'version = 15.87.0', 'branch = version-15', 'end frappe metadata', '']
      generated_header = '-- begin frappe metadata\n-- [frappe]\n-- version = 15.87.0\n-- branch = version-15\n-- end frappe metadata\n-- \n'
      f = <_io.TextIOWrapper name='./test-site.local/private/backups/20251113_163002-test-site_local-database.sql.gz' encoding='UTF-8'>
      cmd = []
      extra = []
      get_command = <function get_command at 0x108223b00>
      bin = None
      args = ['--user=_537373b7e3047fb7', '--host=127.0.0.1', '--port=3306', '--password=U5hxfjpquKPDmY5A', '--single-transaction', '--quick', '--lock-tables=false', '_537373b7e3047fb7']
      bin_name = 'mariadb-dump'
  File "apps/frappe/frappe/__init__.py", line 609, in throw
    msgprint(
      msg = 'mariadb-dump not found in PATH! This is required to take a backup.'
      exc = <class 'frappe.exceptions.ExecutableNotFound'>
      title = None
      is_minimizable = False
      wide = False
      as_list = False
      primary_action = None
  File "apps/frappe/frappe/__init__.py", line 574, in msgprint
    _raise_exception()
      msg = 'mariadb-dump not found in PATH! This is required to take a backup.'
      title = None
      raise_exception = <class 'frappe.exceptions.ExecutableNotFound'>
      as_table = False
      as_list = False
      indicator = 'red'
      alert = False
      primary_action = None
      is_minimizable = False
      wide = False
      realtime = False
      sys = <module 'sys' (built-in)>
      _raise_exception = <function msgprint.<locals>._raise_exception at 0x108836980>
      inspect = <module 'inspect' from '/opt/homebrew/Cellar/python@3.13/3.13.1/Frameworks/Python.framework/Versions/3.13/lib/python3.13/inspect.py'>
      out = {'message': 'mariadb-dump not found in PATH! This is required to take a backup.', 'title': 'Message', 'indicator': 'red', 'raise_exception': 1, '__frappe_exc_id': 'bc61de005d18916f368bed1b14007007ac4cfd2ddb78d3591f8de86c'}
  File "apps/frappe/frappe/__init__.py", line 525, in _raise_exception
    raise exc
      exc = ExecutableNotFound('mariadb-dump not found in PATH! This is required to take a backup.')
      inspect = <module 'inspect' from '/opt/homebrew/Cellar/python@3.13/3.13.1/Frameworks/Python.framework/Versions/3.13/lib/python3.13/inspect.py'>
      msg = 'mariadb-dump not found in PATH! This is required to take a backup.'
      out = {'message': 'mariadb-dump not found in PATH! This is required to take a backup.', 'title': 'Message', 'indicator': 'red', 'raise_exception': 1, '__frappe_exc_id': 'bc61de005d18916f368bed1b14007007ac4cfd2ddb78d3591f8de86c'}
      raise_exception = <class 'frappe.exceptions.ExecutableNotFound'>
frappe.exceptions.ExecutableNotFound: mariadb-dump not found in PATH! This is required to take a backup.
Backup failed for Site test-site.local. Database or site_config.json may be corrupted
Traceback with variables (most recent call last):
  File "apps/frappe/frappe/commands/site.py", line 845, in backup
    odb = scheduled_backup(
      context = {'sites': ['test-site.local', 'vendor-qc.local'], 'force': False, 'verbose': True, 'profile': False}
      with_files = False
      backup_path = None
      backup_path_db = None
      backup_path_files = None
      backup_path_private_files = None
      backup_path_conf = None
      ignore_backup_conf = False
      verbose = True
      compress = False
      include = ''
      exclude = ''
      old_backup_metadata = False
      scheduled_backup = <function scheduled_backup at 0x10852fa60>
      exit_code = 0
      rollback_callback = None
      site = 'test-site.local'
  File "apps/frappe/frappe/utils/backups.py", line 568, in scheduled_backup
    return new_backup(
      older_than = 6
      ignore_files = True
      backup_path = None
      backup_path_db = None
      backup_path_files = None
      backup_path_private_files = None
      backup_path_conf = None
      ignore_conf = False
      include_doctypes = ''
      exclude_doctypes = ''
      compress = False
      force = True
      verbose = True
      old_backup_metadata = False
      rollback_callback = <frappe.utils.CallbackManager object at 0x108717d00>
  File "apps/frappe/frappe/utils/backups.py", line 626, in new_backup
    odb.get_backup(older_than, ignore_files, force=force)
      older_than = 6
      ignore_files = True
      backup_path = None
      backup_path_db = None
      backup_path_files = None
      backup_path_private_files = None
      backup_path_conf = None
      ignore_conf = False
      include_doctypes = ''
      exclude_doctypes = ''
      compress = False
      force = True
      verbose = True
      old_backup_metadata = False
      rollback_callback = <frappe.utils.CallbackManager object at 0x108717d00>
      odb = <frappe.utils.backups.BackupGenerator object at 0x1086bb230>
  File "apps/frappe/frappe/utils/backups.py", line 195, in get_backup
    self.delete_if_step_fails(self.take_dump, self.backup_path_db)
      self = <frappe.utils.backups.BackupGenerator object at 0x1086bb230>
      older_than = 6
      ignore_files = True
      force = True
      last_db = False
      last_file = False
      last_private_file = False
      site_config_backup_path = False
  File "apps/frappe/frappe/utils/backups.py", line 520, in delete_if_step_fails
    raise e
      self = <frappe.utils.backups.BackupGenerator object at 0x1086bb230>
      step = <bound method BackupGenerator.take_dump of <frappe.utils.backups.BackupGenerator object at 0x1086bb230>>
      paths = ('./test-site.local/private/backups/20251113_223002-test-site_local-database.sql.gz',)
      path = './test-site.local/private/backups/20251113_223002-test-site_local-database.sql.gz'
  File "apps/frappe/frappe/utils/backups.py", line 515, in delete_if_step_fails
    step()
      self = <frappe.utils.backups.BackupGenerator object at 0x1086bb230>
      step = <bound method BackupGenerator.take_dump of <frappe.utils.backups.BackupGenerator object at 0x1086bb230>>
      paths = ('./test-site.local/private/backups/20251113_223002-test-site_local-database.sql.gz',)
      path = './test-site.local/private/backups/20251113_223002-test-site_local-database.sql.gz'
  File "apps/frappe/frappe/utils/backups.py", line 457, in take_dump
    frappe.throw(
      self = <frappe.utils.backups.BackupGenerator object at 0x1086bb230>
      shlex = <module 'shlex' from '/opt/homebrew/Cellar/python@3.13/3.13.1/Frameworks/Python.framework/Versions/3.13/lib/python3.13/shlex.py'>
      frappe = <module 'frappe' from 'apps/frappe/frappe/__init__.py'>
      get_app_branch = <function get_app_branch at 0x108512ac0>
      gzip_exc = '/usr/bin/gzip'
      database_header_content = ['begin frappe metadata', '[frappe]', 'version = 15.87.0', 'branch = version-15', 'end frappe metadata', '']
      generated_header = '-- begin frappe metadata\n-- [frappe]\n-- version = 15.87.0\n-- branch = version-15\n-- end frappe metadata\n-- \n'
      f = <_io.TextIOWrapper name='./test-site.local/private/backups/20251113_223002-test-site_local-database.sql.gz' encoding='UTF-8'>
      cmd = []
      extra = []
      get_command = <function get_command at 0x108147b00>
      bin = None
      args = ['--user=_537373b7e3047fb7', '--host=127.0.0.1', '--port=3306', '--password=U5hxfjpquKPDmY5A', '--single-transaction', '--quick', '--lock-tables=false', '_537373b7e3047fb7']
      bin_name = 'mariadb-dump'
  File "apps/frappe/frappe/__init__.py", line 609, in throw
    msgprint(
      msg = 'mariadb-dump not found in PATH! This is required to take a backup.'
      exc = <class 'frappe.exceptions.ExecutableNotFound'>
      title = None
      is_minimizable = False
      wide = False
      as_list = False
      primary_action = None
  File "apps/frappe/frappe/__init__.py", line 574, in msgprint
    _raise_exception()
      msg = 'mariadb-dump not found in PATH! This is required to take a backup.'
      title = None
      raise_exception = <class 'frappe.exceptions.ExecutableNotFound'>
      as_table = False
      as_list = False
      indicator = 'red'
      alert = False
      primary_action = None
      is_minimizable = False
      wide = False
      realtime = False
      sys = <module 'sys' (built-in)>
      _raise_exception = <function msgprint.<locals>._raise_exception at 0x106365da0>
      inspect = <module 'inspect' from '/opt/homebrew/Cellar/python@3.13/3.13.1/Frameworks/Python.framework/Versions/3.13/lib/python3.13/inspect.py'>
      out = {'message': 'mariadb-dump not found in PATH! This is required to take a backup.', 'title': 'Message', 'indicator': 'red', 'raise_exception': 1, '__frappe_exc_id': 'c75afcc2ba6239c154bd67989531b4206e75ab616148548fc4b466b7'}
  File "apps/frappe/frappe/__init__.py", line 525, in _raise_exception
    raise exc
      exc = ExecutableNotFound('mariadb-dump not found in PATH! This is required to take a backup.')
      inspect = <module 'inspect' from '/opt/homebrew/Cellar/python@3.13/3.13.1/Frameworks/Python.framework/Versions/3.13/lib/python3.13/inspect.py'>
      msg = 'mariadb-dump not found in PATH! This is required to take a backup.'
      out = {'message': 'mariadb-dump not found in PATH! This is required to take a backup.', 'title': 'Message', 'indicator': 'red', 'raise_exception': 1, '__frappe_exc_id': 'c75afcc2ba6239c154bd67989531b4206e75ab616148548fc4b466b7'}
      raise_exception = <class 'frappe.exceptions.ExecutableNotFound'>
frappe.exceptions.ExecutableNotFound: mariadb-dump not found in PATH! This is required to take a backup.
Backup failed for Site vendor-qc.local. Database or site_config.json may be corrupted
Traceback with variables (most recent call last):
  File "apps/frappe/frappe/commands/site.py", line 845, in backup
    odb = scheduled_backup(
      context = {'sites': ['test-site.local', 'vendor-qc.local'], 'force': False, 'verbose': True, 'profile': False}
      with_files = False
      backup_path = None
      backup_path_db = None
      backup_path_files = None
      backup_path_private_files = None
      backup_path_conf = None
      ignore_backup_conf = False
      verbose = True
      compress = False
      include = ''
      exclude = ''
      old_backup_metadata = False
      scheduled_backup = <function scheduled_backup at 0x10852fa60>
      exit_code = 1
      rollback_callback = None
      site = 'vendor-qc.local'
  File "apps/frappe/frappe/utils/backups.py", line 568, in scheduled_backup
    return new_backup(
      older_than = 6
      ignore_files = True
      backup_path = None
      backup_path_db = None
      backup_path_files = None
      backup_path_private_files = None
      backup_path_conf = None
      ignore_conf = False
      include_doctypes = ''
      exclude_doctypes = ''
      compress = False
      force = True
      verbose = True
      old_backup_metadata = False
      rollback_callback = <frappe.utils.CallbackManager object at 0x10874bfd0>
  File "apps/frappe/frappe/utils/backups.py", line 626, in new_backup
    odb.get_backup(older_than, ignore_files, force=force)
      older_than = 6
      ignore_files = True
      backup_path = None
      backup_path_db = None
      backup_path_files = None
      backup_path_private_files = None
      backup_path_conf = None
      ignore_conf = False
      include_doctypes = ''
      exclude_doctypes = ''
      compress = False
      force = True
      verbose = True
      old_backup_metadata = False
      rollback_callback = <frappe.utils.CallbackManager object at 0x10874bfd0>
      odb = <frappe.utils.backups.BackupGenerator object at 0x1086d2fd0>
  File "apps/frappe/frappe/utils/backups.py", line 195, in get_backup
    self.delete_if_step_fails(self.take_dump, self.backup_path_db)
      self = <frappe.utils.backups.BackupGenerator object at 0x1086d2fd0>
      older_than = 6
      ignore_files = True
      force = True
      last_db = False
      last_file = False
      last_private_file = False
      site_config_backup_path = False
  File "apps/frappe/frappe/utils/backups.py", line 520, in delete_if_step_fails
    raise e
      self = <frappe.utils.backups.BackupGenerator object at 0x1086d2fd0>
      step = <bound method BackupGenerator.take_dump of <frappe.utils.backups.BackupGenerator object at 0x1086d2fd0>>
      paths = ('./test-site.local/private/backups/20251113_223002-test-site_local-database.sql.gz',)
      path = './test-site.local/private/backups/20251113_223002-test-site_local-database.sql.gz'
  File "apps/frappe/frappe/utils/backups.py", line 515, in delete_if_step_fails
    step()
      self = <frappe.utils.backups.BackupGenerator object at 0x1086d2fd0>
      step = <bound method BackupGenerator.take_dump of <frappe.utils.backups.BackupGenerator object at 0x1086d2fd0>>
      paths = ('./test-site.local/private/backups/20251113_223002-test-site_local-database.sql.gz',)
      path = './test-site.local/private/backups/20251113_223002-test-site_local-database.sql.gz'
  File "apps/frappe/frappe/utils/backups.py", line 457, in take_dump
    frappe.throw(
      self = <frappe.utils.backups.BackupGenerator object at 0x1086d2fd0>
      shlex = <module 'shlex' from '/opt/homebrew/Cellar/python@3.13/3.13.1/Frameworks/Python.framework/Versions/3.13/lib/python3.13/shlex.py'>
      frappe = <module 'frappe' from 'apps/frappe/frappe/__init__.py'>
      get_app_branch = <function get_app_branch at 0x108512ac0>
      gzip_exc = '/usr/bin/gzip'
      database_header_content = ['begin frappe metadata', '[frappe]', 'version = 15.87.0', 'branch = version-15', 'end frappe metadata', '']
      generated_header = '-- begin frappe metadata\n-- [frappe]\n-- version = 15.87.0\n-- branch = version-15\n-- end frappe metadata\n-- \n'
      f = <_io.TextIOWrapper name='./test-site.local/private/backups/20251113_223002-test-site_local-database.sql.gz' encoding='UTF-8'>
      cmd = []
      extra = []
      get_command = <function get_command at 0x108147b00>
      bin = None
      args = ['--user=_537373b7e3047fb7', '--host=127.0.0.1', '--port=3306', '--password=U5hxfjpquKPDmY5A', '--single-transaction', '--quick', '--lock-tables=false', '_537373b7e3047fb7']
      bin_name = 'mariadb-dump'
  File "apps/frappe/frappe/__init__.py", line 609, in throw
    msgprint(
      msg = 'mariadb-dump not found in PATH! This is required to take a backup.'
      exc = <class 'frappe.exceptions.ExecutableNotFound'>
      title = None
      is_minimizable = False
      wide = False
      as_list = False
      primary_action = None
  File "apps/frappe/frappe/__init__.py", line 574, in msgprint
    _raise_exception()
      msg = 'mariadb-dump not found in PATH! This is required to take a backup.'
      title = None
      raise_exception = <class 'frappe.exceptions.ExecutableNotFound'>
      as_table = False
      as_list = False
      indicator = 'red'
      alert = False
      primary_action = None
      is_minimizable = False
      wide = False
      realtime = False
      sys = <module 'sys' (built-in)>
      _raise_exception = <function msgprint.<locals>._raise_exception at 0x1087aa980>
      inspect = <module 'inspect' from '/opt/homebrew/Cellar/python@3.13/3.13.1/Frameworks/Python.framework/Versions/3.13/lib/python3.13/inspect.py'>
      out = {'message': 'mariadb-dump not found in PATH! This is required to take a backup.', 'title': 'Message', 'indicator': 'red', 'raise_exception': 1, '__frappe_exc_id': '88a58d44e03fefb1ab9e27ed93ec8db8bf45225446440ee0072c4538'}
  File "apps/frappe/frappe/__init__.py", line 525, in _raise_exception
    raise exc
      exc = ExecutableNotFound('mariadb-dump not found in PATH! This is required to take a backup.')
      inspect = <module 'inspect' from '/opt/homebrew/Cellar/python@3.13/3.13.1/Frameworks/Python.framework/Versions/3.13/lib/python3.13/inspect.py'>
      msg = 'mariadb-dump not found in PATH! This is required to take a backup.'
      out = {'message': 'mariadb-dump not found in PATH! This is required to take a backup.', 'title': 'Message', 'indicator': 'red', 'raise_exception': 1, '__frappe_exc_id': '88a58d44e03fefb1ab9e27ed93ec8db8bf45225446440ee0072c4538'}
      raise_exception = <class 'frappe.exceptions.ExecutableNotFound'>
frappe.exceptions.ExecutableNotFound: mariadb-dump not found in PATH! This is required to take a backup.
Backup failed for Site test-site.local. Database or site_config.json may be corrupted
Traceback with variables (most recent call last):
  File "apps/frappe/frappe/commands/site.py", line 845, in backup
    odb = scheduled_backup(
      context = {'sites': ['test-site.local', 'vendor-qc.local'], 'force': False, 'verbose': True, 'profile': False}
      with_files = False
      backup_path = None
      backup_path_db = None
      backup_path_files = None
      backup_path_private_files = None
      backup_path_conf = None
      ignore_backup_conf = False
      verbose = True
      compress = False
      include = ''
      exclude = ''
      old_backup_metadata = False
      scheduled_backup = <function scheduled_backup at 0x10ad9fa60>
      exit_code = 0
      rollback_callback = None
      site = 'test-site.local'
  File "apps/frappe/frappe/utils/backups.py", line 568, in scheduled_backup
    return new_backup(
      older_than = 6
      ignore_files = True
      backup_path = None
      backup_path_db = None
      backup_path_files = None
      backup_path_private_files = None
      backup_path_conf = None
      ignore_conf = False
      include_doctypes = ''
      exclude_doctypes = ''
      compress = False
      force = True
      verbose = True
      old_backup_metadata = False
      rollback_callback = <frappe.utils.CallbackManager object at 0x10afefd30>
  File "apps/frappe/frappe/utils/backups.py", line 626, in new_backup
    odb.get_backup(older_than, ignore_files, force=force)
      older_than = 6
      ignore_files = True
      backup_path = None
      backup_path_db = None
      backup_path_files = None
      backup_path_private_files = None
      backup_path_conf = None
      ignore_conf = False
      include_doctypes = ''
      exclude_doctypes = ''
      compress = False
      force = True
      verbose = True
      old_backup_metadata = False
      rollback_callback = <frappe.utils.CallbackManager object at 0x10afefd30>
      odb = <frappe.utils.backups.BackupGenerator object at 0x10af93230>
  File "apps/frappe/frappe/utils/backups.py", line 195, in get_backup
    self.delete_if_step_fails(self.take_dump, self.backup_path_db)
      self = <frappe.utils.backups.BackupGenerator object at 0x10af93230>
      older_than = 6
      ignore_files = True
      force = True
      last_db = False
      last_file = False
      last_private_file = False
      site_config_backup_path = False
  File "apps/frappe/frappe/utils/backups.py", line 520, in delete_if_step_fails
    raise e
      self = <frappe.utils.backups.BackupGenerator object at 0x10af93230>
      step = <bound method BackupGenerator.take_dump of <frappe.utils.backups.BackupGenerator object at 0x10af93230>>
      paths = ('./test-site.local/private/backups/20251114_043001-test-site_local-database.sql.gz',)
      path = './test-site.local/private/backups/20251114_043001-test-site_local-database.sql.gz'
  File "apps/frappe/frappe/utils/backups.py", line 515, in delete_if_step_fails
    step()
      self = <frappe.utils.backups.BackupGenerator object at 0x10af93230>
      step = <bound method BackupGenerator.take_dump of <frappe.utils.backups.BackupGenerator object at 0x10af93230>>
      paths = ('./test-site.local/private/backups/20251114_043001-test-site_local-database.sql.gz',)
      path = './test-site.local/private/backups/20251114_043001-test-site_local-database.sql.gz'
  File "apps/frappe/frappe/utils/backups.py", line 457, in take_dump
    frappe.throw(
      self = <frappe.utils.backups.BackupGenerator object at 0x10af93230>
      shlex = <module 'shlex' from '/opt/homebrew/Cellar/python@3.13/3.13.1/Frameworks/Python.framework/Versions/3.13/lib/python3.13/shlex.py'>
      frappe = <module 'frappe' from 'apps/frappe/frappe/__init__.py'>
      get_app_branch = <function get_app_branch at 0x10ad82ac0>
      gzip_exc = '/usr/bin/gzip'
      database_header_content = ['begin frappe metadata', '[frappe]', 'version = 15.87.0', 'branch = version-15', 'end frappe metadata', '']
      generated_header = '-- begin frappe metadata\n-- [frappe]\n-- version = 15.87.0\n-- branch = version-15\n-- end frappe metadata\n-- \n'
      f = <_io.TextIOWrapper name='./test-site.local/private/backups/20251114_043001-test-site_local-database.sql.gz' encoding='UTF-8'>
      cmd = []
      extra = []
      get_command = <function get_command at 0x10aa6fb00>
      bin = None
      args = ['--user=_537373b7e3047fb7', '--host=127.0.0.1', '--port=3306', '--password=U5hxfjpquKPDmY5A', '--single-transaction', '--quick', '--lock-tables=false', '_537373b7e3047fb7']
      bin_name = 'mariadb-dump'
  File "apps/frappe/frappe/__init__.py", line 609, in throw
    msgprint(
      msg = 'mariadb-dump not found in PATH! This is required to take a backup.'
      exc = <class 'frappe.exceptions.ExecutableNotFound'>
      title = None
      is_minimizable = False
      wide = False
      as_list = False
      primary_action = None
  File "apps/frappe/frappe/__init__.py", line 574, in msgprint
    _raise_exception()
      msg = 'mariadb-dump not found in PATH! This is required to take a backup.'
      title = None
      raise_exception = <class 'frappe.exceptions.ExecutableNotFound'>
      as_table = False
      as_list = False
      indicator = 'red'
      alert = False
      primary_action = None
      is_minimizable = False
      wide = False
      realtime = False
      sys = <module 'sys' (built-in)>
      _raise_exception = <function msgprint.<locals>._raise_exception at 0x108d01da0>
      inspect = <module 'inspect' from '/opt/homebrew/Cellar/python@3.13/3.13.1/Frameworks/Python.framework/Versions/3.13/lib/python3.13/inspect.py'>
      out = {'message': 'mariadb-dump not found in PATH! This is required to take a backup.', 'title': 'Message', 'indicator': 'red', 'raise_exception': 1, '__frappe_exc_id': '1a80264749e773a20b1d3389d43506e5d7df389599a9ddfcf7a0203c'}
  File "apps/frappe/frappe/__init__.py", line 525, in _raise_exception
    raise exc
      exc = ExecutableNotFound('mariadb-dump not found in PATH! This is required to take a backup.')
      inspect = <module 'inspect' from '/opt/homebrew/Cellar/python@3.13/3.13.1/Frameworks/Python.framework/Versions/3.13/lib/python3.13/inspect.py'>
      msg = 'mariadb-dump not found in PATH! This is required to take a backup.'
      out = {'message': 'mariadb-dump not found in PATH! This is required to take a backup.', 'title': 'Message', 'indicator': 'red', 'raise_exception': 1, '__frappe_exc_id': '1a80264749e773a20b1d3389d43506e5d7df389599a9ddfcf7a0203c'}
      raise_exception = <class 'frappe.exceptions.ExecutableNotFound'>
frappe.exceptions.ExecutableNotFound: mariadb-dump not found in PATH! This is required to take a backup.
Backup failed for Site vendor-qc.local. Database or site_config.json may be corrupted
Traceback with variables (most recent call last):
  File "apps/frappe/frappe/commands/site.py", line 845, in backup
    odb = scheduled_backup(
      context = {'sites': ['test-site.local', 'vendor-qc.local'], 'force': False, 'verbose': True, 'profile': False}
      with_files = False
      backup_path = None
      backup_path_db = None
      backup_path_files = None
      backup_path_private_files = None
      backup_path_conf = None
      ignore_backup_conf = False
      verbose = True
      compress = False
      include = ''
      exclude = ''
      old_backup_metadata = False
      scheduled_backup = <function scheduled_backup at 0x10ad9fa60>
      exit_code = 1
      rollback_callback = None
      site = 'vendor-qc.local'
  File "apps/frappe/frappe/utils/backups.py", line 568, in scheduled_backup
    return new_backup(
      older_than = 6
      ignore_files = True
      backup_path = None
      backup_path_db = None
      backup_path_files = None
      backup_path_private_files = None
      backup_path_conf = None
      ignore_conf = False
      include_doctypes = ''
      exclude_doctypes = ''
      compress = False
      force = True
      verbose = True
      old_backup_metadata = False
      rollback_callback = <frappe.utils.CallbackManager object at 0x10b023fd0>
  File "apps/frappe/frappe/utils/backups.py", line 626, in new_backup
    odb.get_backup(older_than, ignore_files, force=force)
      older_than = 6
      ignore_files = True
      backup_path = None
      backup_path_db = None
      backup_path_files = None
      backup_path_private_files = None
      backup_path_conf = None
      ignore_conf = False
      include_doctypes = ''
      exclude_doctypes = ''
      compress = False
      force = True
      verbose = True
      old_backup_metadata = False
      rollback_callback = <frappe.utils.CallbackManager object at 0x10b023fd0>
      odb = <frappe.utils.backups.BackupGenerator object at 0x10afaafd0>
  File "apps/frappe/frappe/utils/backups.py", line 195, in get_backup
    self.delete_if_step_fails(self.take_dump, self.backup_path_db)
      self = <frappe.utils.backups.BackupGenerator object at 0x10afaafd0>
      older_than = 6
      ignore_files = True
      force = True
      last_db = False
      last_file = False
      last_private_file = False
      site_config_backup_path = False
  File "apps/frappe/frappe/utils/backups.py", line 520, in delete_if_step_fails
    raise e
      self = <frappe.utils.backups.BackupGenerator object at 0x10afaafd0>
      step = <bound method BackupGenerator.take_dump of <frappe.utils.backups.BackupGenerator object at 0x10afaafd0>>
      paths = ('./test-site.local/private/backups/20251114_043002-test-site_local-database.sql.gz',)
      path = './test-site.local/private/backups/20251114_043002-test-site_local-database.sql.gz'
  File "apps/frappe/frappe/utils/backups.py", line 515, in delete_if_step_fails
    step()
      self = <frappe.utils.backups.BackupGenerator object at 0x10afaafd0>
      step = <bound method BackupGenerator.take_dump of <frappe.utils.backups.BackupGenerator object at 0x10afaafd0>>
      paths = ('./test-site.local/private/backups/20251114_043002-test-site_local-database.sql.gz',)
      path = './test-site.local/private/backups/20251114_043002-test-site_local-database.sql.gz'
  File "apps/frappe/frappe/utils/backups.py", line 457, in take_dump
    frappe.throw(
      self = <frappe.utils.backups.BackupGenerator object at 0x10afaafd0>
      shlex = <module 'shlex' from '/opt/homebrew/Cellar/python@3.13/3.13.1/Frameworks/Python.framework/Versions/3.13/lib/python3.13/shlex.py'>
      frappe = <module 'frappe' from 'apps/frappe/frappe/__init__.py'>
      get_app_branch = <function get_app_branch at 0x10ad82ac0>
      gzip_exc = '/usr/bin/gzip'
      database_header_content = ['begin frappe metadata', '[frappe]', 'version = 15.87.0', 'branch = version-15', 'end frappe metadata', '']
      generated_header = '-- begin frappe metadata\n-- [frappe]\n-- version = 15.87.0\n-- branch = version-15\n-- end frappe metadata\n-- \n'
      f = <_io.TextIOWrapper name='./test-site.local/private/backups/20251114_043002-test-site_local-database.sql.gz' encoding='UTF-8'>
      cmd = []
      extra = []
      get_command = <function get_command at 0x10aa6fb00>
      bin = None
      args = ['--user=_537373b7e3047fb7', '--host=127.0.0.1', '--port=3306', '--password=U5hxfjpquKPDmY5A', '--single-transaction', '--quick', '--lock-tables=false', '_537373b7e3047fb7']
      bin_name = 'mariadb-dump'
  File "apps/frappe/frappe/__init__.py", line 609, in throw
    msgprint(
      msg = 'mariadb-dump not found in PATH! This is required to take a backup.'
      exc = <class 'frappe.exceptions.ExecutableNotFound'>
      title = None
      is_minimizable = False
      wide = False
      as_list = False
      primary_action = None
  File "apps/frappe/frappe/__init__.py", line 574, in msgprint
    _raise_exception()
      msg = 'mariadb-dump not found in PATH! This is required to take a backup.'
      title = None
      raise_exception = <class 'frappe.exceptions.ExecutableNotFound'>
      as_table = False
      as_list = False
      indicator = 'red'
      alert = False
      primary_action = None
      is_minimizable = False
      wide = False
      realtime = False
      sys = <module 'sys' (built-in)>
      _raise_exception = <function msgprint.<locals>._raise_exception at 0x10b082980>
      inspect = <module 'inspect' from '/opt/homebrew/Cellar/python@3.13/3.13.1/Frameworks/Python.framework/Versions/3.13/lib/python3.13/inspect.py'>
      out = {'message': 'mariadb-dump not found in PATH! This is required to take a backup.', 'title': 'Message', 'indicator': 'red', 'raise_exception': 1, '__frappe_exc_id': '90d00fe07c4aaf57c7ade12f154eb468a5bfbb4e8bd3080f1435277e'}
  File "apps/frappe/frappe/__init__.py", line 525, in _raise_exception
    raise exc
      exc = ExecutableNotFound('mariadb-dump not found in PATH! This is required to take a backup.')
      inspect = <module 'inspect' from '/opt/homebrew/Cellar/python@3.13/3.13.1/Frameworks/Python.framework/Versions/3.13/lib/python3.13/inspect.py'>
      msg = 'mariadb-dump not found in PATH! This is required to take a backup.'
      out = {'message': 'mariadb-dump not found in PATH! This is required to take a backup.', 'title': 'Message', 'indicator': 'red', 'raise_exception': 1, '__frappe_exc_id': '90d00fe07c4aaf57c7ade12f154eb468a5bfbb4e8bd3080f1435277e'}
      raise_exception = <class 'frappe.exceptions.ExecutableNotFound'>
frappe.exceptions.ExecutableNotFound: mariadb-dump not found in PATH! This is required to take a backup.
Backup failed for Site test-site.local. Database or site_config.json may be corrupted
Traceback with variables (most recent call last):
  File "apps/frappe/frappe/commands/site.py", line 845, in backup
    odb = scheduled_backup(
      context = {'sites': ['test-site.local', 'vendor-qc.local'], 'force': False, 'verbose': True, 'profile': False}
      with_files = False
      backup_path = None
      backup_path_db = None
      backup_path_files = None
      backup_path_private_files = None
      backup_path_conf = None
      ignore_backup_conf = False
      verbose = True
      compress = False
      include = ''
      exclude = ''
      old_backup_metadata = False
      scheduled_backup = <function scheduled_backup at 0x10ac57a60>
      exit_code = 0
      rollback_callback = None
      site = 'test-site.local'
  File "apps/frappe/frappe/utils/backups.py", line 568, in scheduled_backup
    return new_backup(
      older_than = 6
      ignore_files = True
      backup_path = None
      backup_path_db = None
      backup_path_files = None
      backup_path_private_files = None
      backup_path_conf = None
      ignore_conf = False
      include_doctypes = ''
      exclude_doctypes = ''
      compress = False
      force = True
      verbose = True
      old_backup_metadata = False
      rollback_callback = <frappe.utils.CallbackManager object at 0x10ae3fd00>
  File "apps/frappe/frappe/utils/backups.py", line 626, in new_backup
    odb.get_backup(older_than, ignore_files, force=force)
      older_than = 6
      ignore_files = True
      backup_path = None
      backup_path_db = None
      backup_path_files = None
      backup_path_private_files = None
      backup_path_conf = None
      ignore_conf = False
      include_doctypes = ''
      exclude_doctypes = ''
      compress = False
      force = True
      verbose = True
      old_backup_metadata = False
      rollback_callback = <frappe.utils.CallbackManager object at 0x10ae3fd00>
      odb = <frappe.utils.backups.BackupGenerator object at 0x10ade3230>
  File "apps/frappe/frappe/utils/backups.py", line 195, in get_backup
    self.delete_if_step_fails(self.take_dump, self.backup_path_db)
      self = <frappe.utils.backups.BackupGenerator object at 0x10ade3230>
      older_than = 6
      ignore_files = True
      force = True
      last_db = False
      last_file = False
      last_private_file = False
      site_config_backup_path = False
  File "apps/frappe/frappe/utils/backups.py", line 520, in delete_if_step_fails
    raise e
      self = <frappe.utils.backups.BackupGenerator object at 0x10ade3230>
      step = <bound method BackupGenerator.take_dump of <frappe.utils.backups.BackupGenerator object at 0x10ade3230>>
      paths = ('./test-site.local/private/backups/20251114_103001-test-site_local-database.sql.gz',)
      path = './test-site.local/private/backups/20251114_103001-test-site_local-database.sql.gz'
  File "apps/frappe/frappe/utils/backups.py", line 515, in delete_if_step_fails
    step()
      self = <frappe.utils.backups.BackupGenerator object at 0x10ade3230>
      step = <bound method BackupGenerator.take_dump of <frappe.utils.backups.BackupGenerator object at 0x10ade3230>>
      paths = ('./test-site.local/private/backups/20251114_103001-test-site_local-database.sql.gz',)
      path = './test-site.local/private/backups/20251114_103001-test-site_local-database.sql.gz'
  File "apps/frappe/frappe/utils/backups.py", line 457, in take_dump
    frappe.throw(
      self = <frappe.utils.backups.BackupGenerator object at 0x10ade3230>
      shlex = <module 'shlex' from '/opt/homebrew/Cellar/python@3.13/3.13.1/Frameworks/Python.framework/Versions/3.13/lib/python3.13/shlex.py'>
      frappe = <module 'frappe' from 'apps/frappe/frappe/__init__.py'>
      get_app_branch = <function get_app_branch at 0x10ac3aac0>
      gzip_exc = '/usr/bin/gzip'
      database_header_content = ['begin frappe metadata', '[frappe]', 'version = 15.87.0', 'branch = version-15', 'end frappe metadata', '']
      generated_header = '-- begin frappe metadata\n-- [frappe]\n-- version = 15.87.0\n-- branch = version-15\n-- end frappe metadata\n-- \n'
      f = <_io.TextIOWrapper name='./test-site.local/private/backups/20251114_103001-test-site_local-database.sql.gz' encoding='UTF-8'>
      cmd = []
      extra = []
      get_command = <function get_command at 0x10a8e7b00>
      bin = None
      args = ['--user=_537373b7e3047fb7', '--host=127.0.0.1', '--port=3306', '--password=U5hxfjpquKPDmY5A', '--single-transaction', '--quick', '--lock-tables=false', '_537373b7e3047fb7']
      bin_name = 'mariadb-dump'
  File "apps/frappe/frappe/__init__.py", line 609, in throw
    msgprint(
      msg = 'mariadb-dump not found in PATH! This is required to take a backup.'
      exc = <class 'frappe.exceptions.ExecutableNotFound'>
      title = None
      is_minimizable = False
      wide = False
      as_list = False
      primary_action = None
  File "apps/frappe/frappe/__init__.py", line 574, in msgprint
    _raise_exception()
      msg = 'mariadb-dump not found in PATH! This is required to take a backup.'
      title = None
      raise_exception = <class 'frappe.exceptions.ExecutableNotFound'>
      as_table = False
      as_list = False
      indicator = 'red'
      alert = False
      primary_action = None
      is_minimizable = False
      wide = False
      realtime = False
      sys = <module 'sys' (built-in)>
      _raise_exception = <function msgprint.<locals>._raise_exception at 0x108ae1da0>
      inspect = <module 'inspect' from '/opt/homebrew/Cellar/python@3.13/3.13.1/Frameworks/Python.framework/Versions/3.13/lib/python3.13/inspect.py'>
      out = {'message': 'mariadb-dump not found in PATH! This is required to take a backup.', 'title': 'Message', 'indicator': 'red', 'raise_exception': 1, '__frappe_exc_id': '5cb314051f5432a211c3608d704e0c6099f771e7add7e8bd1f00d89a'}
  File "apps/frappe/frappe/__init__.py", line 525, in _raise_exception
    raise exc
      exc = ExecutableNotFound('mariadb-dump not found in PATH! This is required to take a backup.')
      inspect = <module 'inspect' from '/opt/homebrew/Cellar/python@3.13/3.13.1/Frameworks/Python.framework/Versions/3.13/lib/python3.13/inspect.py'>
      msg = 'mariadb-dump not found in PATH! This is required to take a backup.'
      out = {'message': 'mariadb-dump not found in PATH! This is required to take a backup.', 'title': 'Message', 'indicator': 'red', 'raise_exception': 1, '__frappe_exc_id': '5cb314051f5432a211c3608d704e0c6099f771e7add7e8bd1f00d89a'}
      raise_exception = <class 'frappe.exceptions.ExecutableNotFound'>
frappe.exceptions.ExecutableNotFound: mariadb-dump not found in PATH! This is required to take a backup.
Backup failed for Site vendor-qc.local. Database or site_config.json may be corrupted
Traceback with variables (most recent call last):
  File "apps/frappe/frappe/commands/site.py", line 845, in backup
    odb = scheduled_backup(
      context = {'sites': ['test-site.local', 'vendor-qc.local'], 'force': False, 'verbose': True, 'profile': False}
      with_files = False
      backup_path = None
      backup_path_db = None
      backup_path_files = None
      backup_path_private_files = None
      backup_path_conf = None
      ignore_backup_conf = False
      verbose = True
      compress = False
      include = ''
      exclude = ''
      old_backup_metadata = False
      scheduled_backup = <function scheduled_backup at 0x10ac57a60>
      exit_code = 1
      rollback_callback = None
      site = 'vendor-qc.local'
  File "apps/frappe/frappe/utils/backups.py", line 568, in scheduled_backup
    return new_backup(
      older_than = 6
      ignore_files = True
      backup_path = None
      backup_path_db = None
      backup_path_files = None
      backup_path_private_files = None
      backup_path_conf = None
      ignore_conf = False
      include_doctypes = ''
      exclude_doctypes = ''
      compress = False
      force = True
      verbose = True
      old_backup_metadata = False
      rollback_callback = <frappe.utils.CallbackManager object at 0x10ae73fd0>
  File "apps/frappe/frappe/utils/backups.py", line 626, in new_backup
    odb.get_backup(older_than, ignore_files, force=force)
      older_than = 6
      ignore_files = True
      backup_path = None
      backup_path_db = None
      backup_path_files = None
      backup_path_private_files = None
      backup_path_conf = None
      ignore_conf = False
      include_doctypes = ''
      exclude_doctypes = ''
      compress = False
      force = True
      verbose = True
      old_backup_metadata = False
      rollback_callback = <frappe.utils.CallbackManager object at 0x10ae73fd0>
      odb = <frappe.utils.backups.BackupGenerator object at 0x10adfafd0>
  File "apps/frappe/frappe/utils/backups.py", line 195, in get_backup
    self.delete_if_step_fails(self.take_dump, self.backup_path_db)
      self = <frappe.utils.backups.BackupGenerator object at 0x10adfafd0>
      older_than = 6
      ignore_files = True
      force = True
      last_db = False
      last_file = False
      last_private_file = False
      site_config_backup_path = False
  File "apps/frappe/frappe/utils/backups.py", line 520, in delete_if_step_fails
    raise e
      self = <frappe.utils.backups.BackupGenerator object at 0x10adfafd0>
      step = <bound method BackupGenerator.take_dump of <frappe.utils.backups.BackupGenerator object at 0x10adfafd0>>
      paths = ('./test-site.local/private/backups/20251114_103001-test-site_local-database.sql.gz',)
      path = './test-site.local/private/backups/20251114_103001-test-site_local-database.sql.gz'
  File "apps/frappe/frappe/utils/backups.py", line 515, in delete_if_step_fails
    step()
      self = <frappe.utils.backups.BackupGenerator object at 0x10adfafd0>
      step = <bound method BackupGenerator.take_dump of <frappe.utils.backups.BackupGenerator object at 0x10adfafd0>>
      paths = ('./test-site.local/private/backups/20251114_103001-test-site_local-database.sql.gz',)
      path = './test-site.local/private/backups/20251114_103001-test-site_local-database.sql.gz'
  File "apps/frappe/frappe/utils/backups.py", line 457, in take_dump
    frappe.throw(
      self = <frappe.utils.backups.BackupGenerator object at 0x10adfafd0>
      shlex = <module 'shlex' from '/opt/homebrew/Cellar/python@3.13/3.13.1/Frameworks/Python.framework/Versions/3.13/lib/python3.13/shlex.py'>
      frappe = <module 'frappe' from 'apps/frappe/frappe/__init__.py'>
      get_app_branch = <function get_app_branch at 0x10ac3aac0>
      gzip_exc = '/usr/bin/gzip'
      database_header_content = ['begin frappe metadata', '[frappe]', 'version = 15.87.0', 'branch = version-15', 'end frappe metadata', '']
      generated_header = '-- begin frappe metadata\n-- [frappe]\n-- version = 15.87.0\n-- branch = version-15\n-- end frappe metadata\n-- \n'
      f = <_io.TextIOWrapper name='./test-site.local/private/backups/20251114_103001-test-site_local-database.sql.gz' encoding='UTF-8'>
      cmd = []
      extra = []
      get_command = <function get_command at 0x10a8e7b00>
      bin = None
      args = ['--user=_537373b7e3047fb7', '--host=127.0.0.1', '--port=3306', '--password=U5hxfjpquKPDmY5A', '--single-transaction', '--quick', '--lock-tables=false', '_537373b7e3047fb7']
      bin_name = 'mariadb-dump'
  File "apps/frappe/frappe/__init__.py", line 609, in throw
    msgprint(
      msg = 'mariadb-dump not found in PATH! This is required to take a backup.'
      exc = <class 'frappe.exceptions.ExecutableNotFound'>
      title = None
      is_minimizable = False
      wide = False
      as_list = False
      primary_action = None
  File "apps/frappe/frappe/__init__.py", line 574, in msgprint
    _raise_exception()
      msg = 'mariadb-dump not found in PATH! This is required to take a backup.'
      title = None
      raise_exception = <class 'frappe.exceptions.ExecutableNotFound'>
      as_table = False
      as_list = False
      indicator = 'red'
      alert = False
      primary_action = None
      is_minimizable = False
      wide = False
      realtime = False
      sys = <module 'sys' (built-in)>
      _raise_exception = <function msgprint.<locals>._raise_exception at 0x10aed2980>
      inspect = <module 'inspect' from '/opt/homebrew/Cellar/python@3.13/3.13.1/Frameworks/Python.framework/Versions/3.13/lib/python3.13/inspect.py'>
      out = {'message': 'mariadb-dump not found in PATH! This is required to take a backup.', 'title': 'Message', 'indicator': 'red', 'raise_exception': 1, '__frappe_exc_id': '218df12cb3ee51528493c72d0bfbf6400003e8fac34860cb559af383'}
  File "apps/frappe/frappe/__init__.py", line 525, in _raise_exception
    raise exc
      exc = ExecutableNotFound('mariadb-dump not found in PATH! This is required to take a backup.')
      inspect = <module 'inspect' from '/opt/homebrew/Cellar/python@3.13/3.13.1/Frameworks/Python.framework/Versions/3.13/lib/python3.13/inspect.py'>
      msg = 'mariadb-dump not found in PATH! This is required to take a backup.'
      out = {'message': 'mariadb-dump not found in PATH! This is required to take a backup.', 'title': 'Message', 'indicator': 'red', 'raise_exception': 1, '__frappe_exc_id': '218df12cb3ee51528493c72d0bfbf6400003e8fac34860cb559af383'}
      raise_exception = <class 'frappe.exceptions.ExecutableNotFound'>
frappe.exceptions.ExecutableNotFound: mariadb-dump not found in PATH! This is required to take a backup.
Backup failed for Site test-site.local. Database or site_config.json may be corrupted
Traceback with variables (most recent call last):
  File "apps/frappe/frappe/commands/site.py", line 845, in backup
    odb = scheduled_backup(
      context = {'sites': ['test-site.local', 'vendor-qc.local'], 'force': False, 'verbose': True, 'profile': False}
      with_files = False
      backup_path = None
      backup_path_db = None
      backup_path_files = None
      backup_path_private_files = None
      backup_path_conf = None
      ignore_backup_conf = False
      verbose = True
      compress = False
      include = ''
      exclude = ''
      old_backup_metadata = False
      scheduled_backup = <function scheduled_backup at 0x10a5f7a60>
      exit_code = 0
      rollback_callback = None
      site = 'test-site.local'
  File "apps/frappe/frappe/utils/backups.py", line 568, in scheduled_backup
    return new_backup(
      older_than = 6
      ignore_files = True
      backup_path = None
      backup_path_db = None
      backup_path_files = None
      backup_path_private_files = None
      backup_path_conf = None
      ignore_conf = False
      include_doctypes = ''
      exclude_doctypes = ''
      compress = False
      force = True
      verbose = True
      old_backup_metadata = False
      rollback_callback = <frappe.utils.CallbackManager object at 0x10a7ee230>
  File "apps/frappe/frappe/utils/backups.py", line 626, in new_backup
    odb.get_backup(older_than, ignore_files, force=force)
      older_than = 6
      ignore_files = True
      backup_path = None
      backup_path_db = None
      backup_path_files = None
      backup_path_private_files = None
      backup_path_conf = None
      ignore_conf = False
      include_doctypes = ''
      exclude_doctypes = ''
      compress = False
      force = True
      verbose = True
      old_backup_metadata = False
      rollback_callback = <frappe.utils.CallbackManager object at 0x10a7ee230>
      odb = <frappe.utils.backups.BackupGenerator object at 0x10a783230>
  File "apps/frappe/frappe/utils/backups.py", line 195, in get_backup
    self.delete_if_step_fails(self.take_dump, self.backup_path_db)
      self = <frappe.utils.backups.BackupGenerator object at 0x10a783230>
      older_than = 6
      ignore_files = True
      force = True
      last_db = False
      last_file = False
      last_private_file = False
      site_config_backup_path = False
  File "apps/frappe/frappe/utils/backups.py", line 520, in delete_if_step_fails
    raise e
      self = <frappe.utils.backups.BackupGenerator object at 0x10a783230>
      step = <bound method BackupGenerator.take_dump of <frappe.utils.backups.BackupGenerator object at 0x10a783230>>
      paths = ('./test-site.local/private/backups/20251114_163002-test-site_local-database.sql.gz',)
      path = './test-site.local/private/backups/20251114_163002-test-site_local-database.sql.gz'
  File "apps/frappe/frappe/utils/backups.py", line 515, in delete_if_step_fails
    step()
      self = <frappe.utils.backups.BackupGenerator object at 0x10a783230>
      step = <bound method BackupGenerator.take_dump of <frappe.utils.backups.BackupGenerator object at 0x10a783230>>
      paths = ('./test-site.local/private/backups/20251114_163002-test-site_local-database.sql.gz',)
      path = './test-site.local/private/backups/20251114_163002-test-site_local-database.sql.gz'
  File "apps/frappe/frappe/utils/backups.py", line 457, in take_dump
    frappe.throw(
      self = <frappe.utils.backups.BackupGenerator object at 0x10a783230>
      shlex = <module 'shlex' from '/opt/homebrew/Cellar/python@3.13/3.13.1/Frameworks/Python.framework/Versions/3.13/lib/python3.13/shlex.py'>
      frappe = <module 'frappe' from 'apps/frappe/frappe/__init__.py'>
      get_app_branch = <function get_app_branch at 0x10a5deac0>
      gzip_exc = '/usr/bin/gzip'
      database_header_content = ['begin frappe metadata', '[frappe]', 'version = 15.87.0', 'branch = version-15', 'end frappe metadata', '']
      generated_header = '-- begin frappe metadata\n-- [frappe]\n-- version = 15.87.0\n-- branch = version-15\n-- end frappe metadata\n-- \n'
      f = <_io.TextIOWrapper name='./test-site.local/private/backups/20251114_163002-test-site_local-database.sql.gz' encoding='UTF-8'>
      cmd = []
      extra = []
      get_command = <function get_command at 0x10a28bb00>
      bin = None
      args = ['--user=_537373b7e3047fb7', '--host=127.0.0.1', '--port=3306', '--password=U5hxfjpquKPDmY5A', '--single-transaction', '--quick', '--lock-tables=false', '_537373b7e3047fb7']
      bin_name = 'mariadb-dump'
  File "apps/frappe/frappe/__init__.py", line 609, in throw
    msgprint(
      msg = 'mariadb-dump not found in PATH! This is required to take a backup.'
      exc = <class 'frappe.exceptions.ExecutableNotFound'>
      title = None
      is_minimizable = False
      wide = False
      as_list = False
      primary_action = None
  File "apps/frappe/frappe/__init__.py", line 574, in msgprint
    _raise_exception()
      msg = 'mariadb-dump not found in PATH! This is required to take a backup.'
      title = None
      raise_exception = <class 'frappe.exceptions.ExecutableNotFound'>
      as_table = False
      as_list = False
      indicator = 'red'
      alert = False
      primary_action = None
      is_minimizable = False
      wide = False
      realtime = False
      sys = <module 'sys' (built-in)>
      _raise_exception = <function msgprint.<locals>._raise_exception at 0x108485da0>
      inspect = <module 'inspect' from '/opt/homebrew/Cellar/python@3.13/3.13.1/Frameworks/Python.framework/Versions/3.13/lib/python3.13/inspect.py'>
      out = {'message': 'mariadb-dump not found in PATH! This is required to take a backup.', 'title': 'Message', 'indicator': 'red', 'raise_exception': 1, '__frappe_exc_id': '9b1d4da9861f2cc0373a92f1a3ede98f5df90f37555847c0ef6f5d25'}
  File "apps/frappe/frappe/__init__.py", line 525, in _raise_exception
    raise exc
      exc = ExecutableNotFound('mariadb-dump not found in PATH! This is required to take a backup.')
      inspect = <module 'inspect' from '/opt/homebrew/Cellar/python@3.13/3.13.1/Frameworks/Python.framework/Versions/3.13/lib/python3.13/inspect.py'>
      msg = 'mariadb-dump not found in PATH! This is required to take a backup.'
      out = {'message': 'mariadb-dump not found in PATH! This is required to take a backup.', 'title': 'Message', 'indicator': 'red', 'raise_exception': 1, '__frappe_exc_id': '9b1d4da9861f2cc0373a92f1a3ede98f5df90f37555847c0ef6f5d25'}
      raise_exception = <class 'frappe.exceptions.ExecutableNotFound'>
frappe.exceptions.ExecutableNotFound: mariadb-dump not found in PATH! This is required to take a backup.
Backup failed for Site vendor-qc.local. Database or site_config.json may be corrupted
Traceback with variables (most recent call last):
  File "apps/frappe/frappe/commands/site.py", line 845, in backup
    odb = scheduled_backup(
      context = {'sites': ['test-site.local', 'vendor-qc.local'], 'force': False, 'verbose': True, 'profile': False}
      with_files = False
      backup_path = None
      backup_path_db = None
      backup_path_files = None
      backup_path_private_files = None
      backup_path_conf = None
      ignore_backup_conf = False
      verbose = True
      compress = False
      include = ''
      exclude = ''
      old_backup_metadata = False
      scheduled_backup = <function scheduled_backup at 0x10a5f7a60>
      exit_code = 1
      rollback_callback = None
      site = 'vendor-qc.local'
  File "apps/frappe/frappe/utils/backups.py", line 568, in scheduled_backup
    return new_backup(
      older_than = 6
      ignore_files = True
      backup_path = None
      backup_path_db = None
      backup_path_files = None
      backup_path_private_files = None
      backup_path_conf = None
      ignore_conf = False
      include_doctypes = ''
      exclude_doctypes = ''
      compress = False
      force = True
      verbose = True
      old_backup_metadata = False
      rollback_callback = <frappe.utils.CallbackManager object at 0x10a82ffd0>
  File "apps/frappe/frappe/utils/backups.py", line 626, in new_backup
    odb.get_backup(older_than, ignore_files, force=force)
      older_than = 6
      ignore_files = True
      backup_path = None
      backup_path_db = None
      backup_path_files = None
      backup_path_private_files = None
      backup_path_conf = None
      ignore_conf = False
      include_doctypes = ''
      exclude_doctypes = ''
      compress = False
      force = True
      verbose = True
      old_backup_metadata = False
      rollback_callback = <frappe.utils.CallbackManager object at 0x10a82ffd0>
      odb = <frappe.utils.backups.BackupGenerator object at 0x10a79efd0>
  File "apps/frappe/frappe/utils/backups.py", line 195, in get_backup
    self.delete_if_step_fails(self.take_dump, self.backup_path_db)
      self = <frappe.utils.backups.BackupGenerator object at 0x10a79efd0>
      older_than = 6
      ignore_files = True
      force = True
      last_db = False
      last_file = False
      last_private_file = False
      site_config_backup_path = False
  File "apps/frappe/frappe/utils/backups.py", line 520, in delete_if_step_fails
    raise e
      self = <frappe.utils.backups.BackupGenerator object at 0x10a79efd0>
      step = <bound method BackupGenerator.take_dump of <frappe.utils.backups.BackupGenerator object at 0x10a79efd0>>
      paths = ('./test-site.local/private/backups/20251114_163002-test-site_local-database.sql.gz',)
      path = './test-site.local/private/backups/20251114_163002-test-site_local-database.sql.gz'
  File "apps/frappe/frappe/utils/backups.py", line 515, in delete_if_step_fails
    step()
      self = <frappe.utils.backups.BackupGenerator object at 0x10a79efd0>
      step = <bound method BackupGenerator.take_dump of <frappe.utils.backups.BackupGenerator object at 0x10a79efd0>>
      paths = ('./test-site.local/private/backups/20251114_163002-test-site_local-database.sql.gz',)
      path = './test-site.local/private/backups/20251114_163002-test-site_local-database.sql.gz'
  File "apps/frappe/frappe/utils/backups.py", line 457, in take_dump
    frappe.throw(
      self = <frappe.utils.backups.BackupGenerator object at 0x10a79efd0>
      shlex = <module 'shlex' from '/opt/homebrew/Cellar/python@3.13/3.13.1/Frameworks/Python.framework/Versions/3.13/lib/python3.13/shlex.py'>
      frappe = <module 'frappe' from 'apps/frappe/frappe/__init__.py'>
      get_app_branch = <function get_app_branch at 0x10a5deac0>
      gzip_exc = '/usr/bin/gzip'
      database_header_content = ['begin frappe metadata', '[frappe]', 'version = 15.87.0', 'branch = version-15', 'end frappe metadata', '']
      generated_header = '-- begin frappe metadata\n-- [frappe]\n-- version = 15.87.0\n-- branch = version-15\n-- end frappe metadata\n-- \n'
      f = <_io.TextIOWrapper name='./test-site.local/private/backups/20251114_163002-test-site_local-database.sql.gz' encoding='UTF-8'>
      cmd = []
      extra = []
      get_command = <function get_command at 0x10a28bb00>
      bin = None
      args = ['--user=_537373b7e3047fb7', '--host=127.0.0.1', '--port=3306', '--password=U5hxfjpquKPDmY5A', '--single-transaction', '--quick', '--lock-tables=false', '_537373b7e3047fb7']
      bin_name = 'mariadb-dump'
  File "apps/frappe/frappe/__init__.py", line 609, in throw
    msgprint(
      msg = 'mariadb-dump not found in PATH! This is required to take a backup.'
      exc = <class 'frappe.exceptions.ExecutableNotFound'>
      title = None
      is_minimizable = False
      wide = False
      as_list = False
      primary_action = None
  File "apps/frappe/frappe/__init__.py", line 574, in msgprint
    _raise_exception()
      msg = 'mariadb-dump not found in PATH! This is required to take a backup.'
      title = None
      raise_exception = <class 'frappe.exceptions.ExecutableNotFound'>
      as_table = False
      as_list = False
      indicator = 'red'
      alert = False
      primary_action = None
      is_minimizable = False
      wide = False
      realtime = False
      sys = <module 'sys' (built-in)>
      _raise_exception = <function msgprint.<locals>._raise_exception at 0x10a87a980>
      inspect = <module 'inspect' from '/opt/homebrew/Cellar/python@3.13/3.13.1/Frameworks/Python.framework/Versions/3.13/lib/python3.13/inspect.py'>
      out = {'message': 'mariadb-dump not found in PATH! This is required to take a backup.', 'title': 'Message', 'indicator': 'red', 'raise_exception': 1, '__frappe_exc_id': '4d6ebfff589949fbe90b03456cdd47a7c0a7d68d315233b8563bfcbd'}
  File "apps/frappe/frappe/__init__.py", line 525, in _raise_exception
    raise exc
      exc = ExecutableNotFound('mariadb-dump not found in PATH! This is required to take a backup.')
      inspect = <module 'inspect' from '/opt/homebrew/Cellar/python@3.13/3.13.1/Frameworks/Python.framework/Versions/3.13/lib/python3.13/inspect.py'>
      msg = 'mariadb-dump not found in PATH! This is required to take a backup.'
      out = {'message': 'mariadb-dump not found in PATH! This is required to take a backup.', 'title': 'Message', 'indicator': 'red', 'raise_exception': 1, '__frappe_exc_id': '4d6ebfff589949fbe90b03456cdd47a7c0a7d68d315233b8563bfcbd'}
      raise_exception = <class 'frappe.exceptions.ExecutableNotFound'>
frappe.exceptions.ExecutableNotFound: mariadb-dump not found in PATH! This is required to take a backup.
Backup failed for Site test-site.local. Database or site_config.json may be corrupted
Traceback with variables (most recent call last):
  File "apps/frappe/frappe/commands/site.py", line 845, in backup
    odb = scheduled_backup(
      context = {'sites': ['test-site.local', 'vendor-qc.local'], 'force': False, 'verbose': True, 'profile': False}
      with_files = False
      backup_path = None
      backup_path_db = None
      backup_path_files = None
      backup_path_private_files = None
      backup_path_conf = None
      ignore_backup_conf = False
      verbose = True
      compress = False
      include = ''
      exclude = ''
      old_backup_metadata = False
      scheduled_backup = <function scheduled_backup at 0x10c167a60>
      exit_code = 0
      rollback_callback = None
      site = 'test-site.local'
  File "apps/frappe/frappe/utils/backups.py", line 568, in scheduled_backup
    return new_backup(
      older_than = 6
      ignore_files = True
      backup_path = None
      backup_path_db = None
      backup_path_files = None
      backup_path_private_files = None
      backup_path_conf = None
      ignore_conf = False
      include_doctypes = ''
      exclude_doctypes = ''
      compress = False
      force = True
      verbose = True
      old_backup_metadata = False
      rollback_callback = <frappe.utils.CallbackManager object at 0x10c3b7bb0>
  File "apps/frappe/frappe/utils/backups.py", line 626, in new_backup
    odb.get_backup(older_than, ignore_files, force=force)
      older_than = 6
      ignore_files = True
      backup_path = None
      backup_path_db = None
      backup_path_files = None
      backup_path_private_files = None
      backup_path_conf = None
      ignore_conf = False
      include_doctypes = ''
      exclude_doctypes = ''
      compress = False
      force = True
      verbose = True
      old_backup_metadata = False
      rollback_callback = <frappe.utils.CallbackManager object at 0x10c3b7bb0>
      odb = <frappe.utils.backups.BackupGenerator object at 0x10c357230>
  File "apps/frappe/frappe/utils/backups.py", line 195, in get_backup
    self.delete_if_step_fails(self.take_dump, self.backup_path_db)
      self = <frappe.utils.backups.BackupGenerator object at 0x10c357230>
      older_than = 6
      ignore_files = True
      force = True
      last_db = False
      last_file = False
      last_private_file = False
      site_config_backup_path = False
  File "apps/frappe/frappe/utils/backups.py", line 520, in delete_if_step_fails
    raise e
      self = <frappe.utils.backups.BackupGenerator object at 0x10c357230>
      step = <bound method BackupGenerator.take_dump of <frappe.utils.backups.BackupGenerator object at 0x10c357230>>
      paths = ('./test-site.local/private/backups/20251114_223002-test-site_local-database.sql.gz',)
      path = './test-site.local/private/backups/20251114_223002-test-site_local-database.sql.gz'
  File "apps/frappe/frappe/utils/backups.py", line 515, in delete_if_step_fails
    step()
      self = <frappe.utils.backups.BackupGenerator object at 0x10c357230>
      step = <bound method BackupGenerator.take_dump of <frappe.utils.backups.BackupGenerator object at 0x10c357230>>
      paths = ('./test-site.local/private/backups/20251114_223002-test-site_local-database.sql.gz',)
      path = './test-site.local/private/backups/20251114_223002-test-site_local-database.sql.gz'
  File "apps/frappe/frappe/utils/backups.py", line 457, in take_dump
    frappe.throw(
      self = <frappe.utils.backups.BackupGenerator object at 0x10c357230>
      shlex = <module 'shlex' from '/opt/homebrew/Cellar/python@3.13/3.13.1/Frameworks/Python.framework/Versions/3.13/lib/python3.13/shlex.py'>
      frappe = <module 'frappe' from 'apps/frappe/frappe/__init__.py'>
      get_app_branch = <function get_app_branch at 0x10c14aac0>
      gzip_exc = '/usr/bin/gzip'
      database_header_content = ['begin frappe metadata', '[frappe]', 'version = 15.87.0', 'branch = version-15', 'end frappe metadata', '']
      generated_header = '-- begin frappe metadata\n-- [frappe]\n-- version = 15.87.0\n-- branch = version-15\n-- end frappe metadata\n-- \n'
      f = <_io.TextIOWrapper name='./test-site.local/private/backups/20251114_223002-test-site_local-database.sql.gz' encoding='UTF-8'>
      cmd = []
      extra = []
      get_command = <function get_command at 0x10be37b00>
      bin = None
      args = ['--user=_537373b7e3047fb7', '--host=127.0.0.1', '--port=3306', '--password=U5hxfjpquKPDmY5A', '--single-transaction', '--quick', '--lock-tables=false', '_537373b7e3047fb7']
      bin_name = 'mariadb-dump'
  File "apps/frappe/frappe/__init__.py", line 609, in throw
    msgprint(
      msg = 'mariadb-dump not found in PATH! This is required to take a backup.'
      exc = <class 'frappe.exceptions.ExecutableNotFound'>
      title = None
      is_minimizable = False
      wide = False
      as_list = False
      primary_action = None
  File "apps/frappe/frappe/__init__.py", line 574, in msgprint
    _raise_exception()
      msg = 'mariadb-dump not found in PATH! This is required to take a backup.'
      title = None
      raise_exception = <class 'frappe.exceptions.ExecutableNotFound'>
      as_table = False
      as_list = False
      indicator = 'red'
      alert = False
      primary_action = None
      is_minimizable = False
      wide = False
      realtime = False
      sys = <module 'sys' (built-in)>
      _raise_exception = <function msgprint.<locals>._raise_exception at 0x10a031da0>
      inspect = <module 'inspect' from '/opt/homebrew/Cellar/python@3.13/3.13.1/Frameworks/Python.framework/Versions/3.13/lib/python3.13/inspect.py'>
      out = {'message': 'mariadb-dump not found in PATH! This is required to take a backup.', 'title': 'Message', 'indicator': 'red', 'raise_exception': 1, '__frappe_exc_id': '4f9f1573a7f4a15e7cd22438f259019eb2896a55f510cc13dcbf0b7a'}
  File "apps/frappe/frappe/__init__.py", line 525, in _raise_exception
    raise exc
      exc = ExecutableNotFound('mariadb-dump not found in PATH! This is required to take a backup.')
      inspect = <module 'inspect' from '/opt/homebrew/Cellar/python@3.13/3.13.1/Frameworks/Python.framework/Versions/3.13/lib/python3.13/inspect.py'>
      msg = 'mariadb-dump not found in PATH! This is required to take a backup.'
      out = {'message': 'mariadb-dump not found in PATH! This is required to take a backup.', 'title': 'Message', 'indicator': 'red', 'raise_exception': 1, '__frappe_exc_id': '4f9f1573a7f4a15e7cd22438f259019eb2896a55f510cc13dcbf0b7a'}
      raise_exception = <class 'frappe.exceptions.ExecutableNotFound'>
frappe.exceptions.ExecutableNotFound: mariadb-dump not found in PATH! This is required to take a backup.
Backup failed for Site vendor-qc.local. Database or site_config.json may be corrupted
Traceback with variables (most recent call last):
  File "apps/frappe/frappe/commands/site.py", line 845, in backup
    odb = scheduled_backup(
      context = {'sites': ['test-site.local', 'vendor-qc.local'], 'force': False, 'verbose': True, 'profile': False}
      with_files = False
      backup_path = None
      backup_path_db = None
      backup_path_files = None
      backup_path_private_files = None
      backup_path_conf = None
      ignore_backup_conf = False
      verbose = True
      compress = False
      include = ''
      exclude = ''
      old_backup_metadata = False
      scheduled_backup = <function scheduled_backup at 0x10c167a60>
      exit_code = 1
      rollback_callback = None
      site = 'vendor-qc.local'
  File "apps/frappe/frappe/utils/backups.py", line 568, in scheduled_backup
    return new_backup(
      older_than = 6
      ignore_files = True
      backup_path = None
      backup_path_db = None
      backup_path_files = None
      backup_path_private_files = None
      backup_path_conf = None
      ignore_conf = False
      include_doctypes = ''
      exclude_doctypes = ''
      compress = False
      force = True
      verbose = True
      old_backup_metadata = False
      rollback_callback = <frappe.utils.CallbackManager object at 0x10c3ebfd0>
  File "apps/frappe/frappe/utils/backups.py", line 626, in new_backup
    odb.get_backup(older_than, ignore_files, force=force)
      older_than = 6
      ignore_files = True
      backup_path = None
      backup_path_db = None
      backup_path_files = None
      backup_path_private_files = None
      backup_path_conf = None
      ignore_conf = False
      include_doctypes = ''
      exclude_doctypes = ''
      compress = False
      force = True
      verbose = True
      old_backup_metadata = False
      rollback_callback = <frappe.utils.CallbackManager object at 0x10c3ebfd0>
      odb = <frappe.utils.backups.BackupGenerator object at 0x10c372fd0>
  File "apps/frappe/frappe/utils/backups.py", line 195, in get_backup
    self.delete_if_step_fails(self.take_dump, self.backup_path_db)
      self = <frappe.utils.backups.BackupGenerator object at 0x10c372fd0>
      older_than = 6
      ignore_files = True
      force = True
      last_db = False
      last_file = False
      last_private_file = False
      site_config_backup_path = False
  File "apps/frappe/frappe/utils/backups.py", line 520, in delete_if_step_fails
    raise e
      self = <frappe.utils.backups.BackupGenerator object at 0x10c372fd0>
      step = <bound method BackupGenerator.take_dump of <frappe.utils.backups.BackupGenerator object at 0x10c372fd0>>
      paths = ('./test-site.local/private/backups/20251114_223002-test-site_local-database.sql.gz',)
      path = './test-site.local/private/backups/20251114_223002-test-site_local-database.sql.gz'
  File "apps/frappe/frappe/utils/backups.py", line 515, in delete_if_step_fails
    step()
      self = <frappe.utils.backups.BackupGenerator object at 0x10c372fd0>
      step = <bound method BackupGenerator.take_dump of <frappe.utils.backups.BackupGenerator object at 0x10c372fd0>>
      paths = ('./test-site.local/private/backups/20251114_223002-test-site_local-database.sql.gz',)
      path = './test-site.local/private/backups/20251114_223002-test-site_local-database.sql.gz'
  File "apps/frappe/frappe/utils/backups.py", line 457, in take_dump
    frappe.throw(
      self = <frappe.utils.backups.BackupGenerator object at 0x10c372fd0>
      shlex = <module 'shlex' from '/opt/homebrew/Cellar/python@3.13/3.13.1/Frameworks/Python.framework/Versions/3.13/lib/python3.13/shlex.py'>
      frappe = <module 'frappe' from 'apps/frappe/frappe/__init__.py'>
      get_app_branch = <function get_app_branch at 0x10c14aac0>
      gzip_exc = '/usr/bin/gzip'
      database_header_content = ['begin frappe metadata', '[frappe]', 'version = 15.87.0', 'branch = version-15', 'end frappe metadata', '']
      generated_header = '-- begin frappe metadata\n-- [frappe]\n-- version = 15.87.0\n-- branch = version-15\n-- end frappe metadata\n-- \n'
      f = <_io.TextIOWrapper name='./test-site.local/private/backups/20251114_223002-test-site_local-database.sql.gz' encoding='UTF-8'>
      cmd = []
      extra = []
      get_command = <function get_command at 0x10be37b00>
      bin = None
      args = ['--user=_537373b7e3047fb7', '--host=127.0.0.1', '--port=3306', '--password=U5hxfjpquKPDmY5A', '--single-transaction', '--quick', '--lock-tables=false', '_537373b7e3047fb7']
      bin_name = 'mariadb-dump'
  File "apps/frappe/frappe/__init__.py", line 609, in throw
    msgprint(
      msg = 'mariadb-dump not found in PATH! This is required to take a backup.'
      exc = <class 'frappe.exceptions.ExecutableNotFound'>
      title = None
      is_minimizable = False
      wide = False
      as_list = False
      primary_action = None
  File "apps/frappe/frappe/__init__.py", line 574, in msgprint
    _raise_exception()
      msg = 'mariadb-dump not found in PATH! This is required to take a backup.'
      title = None
      raise_exception = <class 'frappe.exceptions.ExecutableNotFound'>
      as_table = False
      as_list = False
      indicator = 'red'
      alert = False
      primary_action = None
      is_minimizable = False
      wide = False
      realtime = False
      sys = <module 'sys' (built-in)>
      _raise_exception = <function msgprint.<locals>._raise_exception at 0x10c44a980>
      inspect = <module 'inspect' from '/opt/homebrew/Cellar/python@3.13/3.13.1/Frameworks/Python.framework/Versions/3.13/lib/python3.13/inspect.py'>
      out = {'message': 'mariadb-dump not found in PATH! This is required to take a backup.', 'title': 'Message', 'indicator': 'red', 'raise_exception': 1, '__frappe_exc_id': '409e958ac4e410e1516d7f038a487d0bb35ce8c5045452b96563a716'}
  File "apps/frappe/frappe/__init__.py", line 525, in _raise_exception
    raise exc
      exc = ExecutableNotFound('mariadb-dump not found in PATH! This is required to take a backup.')
      inspect = <module 'inspect' from '/opt/homebrew/Cellar/python@3.13/3.13.1/Frameworks/Python.framework/Versions/3.13/lib/python3.13/inspect.py'>
      msg = 'mariadb-dump not found in PATH! This is required to take a backup.'
      out = {'message': 'mariadb-dump not found in PATH! This is required to take a backup.', 'title': 'Message', 'indicator': 'red', 'raise_exception': 1, '__frappe_exc_id': '409e958ac4e410e1516d7f038a487d0bb35ce8c5045452b96563a716'}
      raise_exception = <class 'frappe.exceptions.ExecutableNotFound'>
frappe.exceptions.ExecutableNotFound: mariadb-dump not found in PATH! This is required to take a backup.
Backup failed for Site test-site.local. Database or site_config.json may be corrupted
Traceback with variables (most recent call last):
  File "apps/frappe/frappe/commands/site.py", line 845, in backup
    odb = scheduled_backup(
      context = {'sites': ['test-site.local', 'vendor-qc.local'], 'force': False, 'verbose': True, 'profile': False}
      with_files = False
      backup_path = None
      backup_path_db = None
      backup_path_files = None
      backup_path_private_files = None
      backup_path_conf = None
      ignore_backup_conf = False
      verbose = True
      compress = False
      include = ''
      exclude = ''
      old_backup_metadata = False
      scheduled_backup = <function scheduled_backup at 0x10a147a60>
      exit_code = 0
      rollback_callback = None
      site = 'test-site.local'
  File "apps/frappe/frappe/utils/backups.py", line 568, in scheduled_backup
    return new_backup(
      older_than = 6
      ignore_files = True
      backup_path = None
      backup_path_db = None
      backup_path_files = None
      backup_path_private_files = None
      backup_path_conf = None
      ignore_conf = False
      include_doctypes = ''
      exclude_doctypes = ''
      compress = False
      force = True
      verbose = True
      old_backup_metadata = False
      rollback_callback = <frappe.utils.CallbackManager object at 0x10a3422c0>
  File "apps/frappe/frappe/utils/backups.py", line 626, in new_backup
    odb.get_backup(older_than, ignore_files, force=force)
      older_than = 6
      ignore_files = True
      backup_path = None
      backup_path_db = None
      backup_path_files = None
      backup_path_private_files = None
      backup_path_conf = None
      ignore_conf = False
      include_doctypes = ''
      exclude_doctypes = ''
      compress = False
      force = True
      verbose = True
      old_backup_metadata = False
      rollback_callback = <frappe.utils.CallbackManager object at 0x10a3422c0>
      odb = <frappe.utils.backups.BackupGenerator object at 0x10a2d3230>
  File "apps/frappe/frappe/utils/backups.py", line 195, in get_backup
    self.delete_if_step_fails(self.take_dump, self.backup_path_db)
      self = <frappe.utils.backups.BackupGenerator object at 0x10a2d3230>
      older_than = 6
      ignore_files = True
      force = True
      last_db = False
      last_file = False
      last_private_file = False
      site_config_backup_path = False
  File "apps/frappe/frappe/utils/backups.py", line 520, in delete_if_step_fails
    raise e
      self = <frappe.utils.backups.BackupGenerator object at 0x10a2d3230>
      step = <bound method BackupGenerator.take_dump of <frappe.utils.backups.BackupGenerator object at 0x10a2d3230>>
      paths = ('./test-site.local/private/backups/20251115_043001-test-site_local-database.sql.gz',)
      path = './test-site.local/private/backups/20251115_043001-test-site_local-database.sql.gz'
  File "apps/frappe/frappe/utils/backups.py", line 515, in delete_if_step_fails
    step()
      self = <frappe.utils.backups.BackupGenerator object at 0x10a2d3230>
      step = <bound method BackupGenerator.take_dump of <frappe.utils.backups.BackupGenerator object at 0x10a2d3230>>
      paths = ('./test-site.local/private/backups/20251115_043001-test-site_local-database.sql.gz',)
      path = './test-site.local/private/backups/20251115_043001-test-site_local-database.sql.gz'
  File "apps/frappe/frappe/utils/backups.py", line 457, in take_dump
    frappe.throw(
      self = <frappe.utils.backups.BackupGenerator object at 0x10a2d3230>
      shlex = <module 'shlex' from '/opt/homebrew/Cellar/python@3.13/3.13.1/Frameworks/Python.framework/Versions/3.13/lib/python3.13/shlex.py'>
      frappe = <module 'frappe' from 'apps/frappe/frappe/__init__.py'>
      get_app_branch = <function get_app_branch at 0x10a12eac0>
      gzip_exc = '/usr/bin/gzip'
      database_header_content = ['begin frappe metadata', '[frappe]', 'version = 15.87.0', 'branch = version-15', 'end frappe metadata', '']
      generated_header = '-- begin frappe metadata\n-- [frappe]\n-- version = 15.87.0\n-- branch = version-15\n-- end frappe metadata\n-- \n'
      f = <_io.TextIOWrapper name='./test-site.local/private/backups/20251115_043001-test-site_local-database.sql.gz' encoding='UTF-8'>
      cmd = []
      extra = []
      get_command = <function get_command at 0x109d63b00>
      bin = None
      args = ['--user=_537373b7e3047fb7', '--host=127.0.0.1', '--port=3306', '--password=U5hxfjpquKPDmY5A', '--single-transaction', '--quick', '--lock-tables=false', '_537373b7e3047fb7']
      bin_name = 'mariadb-dump'
  File "apps/frappe/frappe/__init__.py", line 609, in throw
    msgprint(
      msg = 'mariadb-dump not found in PATH! This is required to take a backup.'
      exc = <class 'frappe.exceptions.ExecutableNotFound'>
      title = None
      is_minimizable = False
      wide = False
      as_list = False
      primary_action = None
  File "apps/frappe/frappe/__init__.py", line 574, in msgprint
    _raise_exception()
      msg = 'mariadb-dump not found in PATH! This is required to take a backup.'
      title = None
      raise_exception = <class 'frappe.exceptions.ExecutableNotFound'>
      as_table = False
      as_list = False
      indicator = 'red'
      alert = False
      primary_action = None
      is_minimizable = False
      wide = False
      realtime = False
      sys = <module 'sys' (built-in)>
      _raise_exception = <function msgprint.<locals>._raise_exception at 0x107f81da0>
      inspect = <module 'inspect' from '/opt/homebrew/Cellar/python@3.13/3.13.1/Frameworks/Python.framework/Versions/3.13/lib/python3.13/inspect.py'>
      out = {'message': 'mariadb-dump not found in PATH! This is required to take a backup.', 'title': 'Message', 'indicator': 'red', 'raise_exception': 1, '__frappe_exc_id': '2dfd6491a2b7edf4bf2e437d57dab92498b8ccabf93d1c17f3b5909b'}
  File "apps/frappe/frappe/__init__.py", line 525, in _raise_exception
    raise exc
      exc = ExecutableNotFound('mariadb-dump not found in PATH! This is required to take a backup.')
      inspect = <module 'inspect' from '/opt/homebrew/Cellar/python@3.13/3.13.1/Frameworks/Python.framework/Versions/3.13/lib/python3.13/inspect.py'>
      msg = 'mariadb-dump not found in PATH! This is required to take a backup.'
      out = {'message': 'mariadb-dump not found in PATH! This is required to take a backup.', 'title': 'Message', 'indicator': 'red', 'raise_exception': 1, '__frappe_exc_id': '2dfd6491a2b7edf4bf2e437d57dab92498b8ccabf93d1c17f3b5909b'}
      raise_exception = <class 'frappe.exceptions.ExecutableNotFound'>
frappe.exceptions.ExecutableNotFound: mariadb-dump not found in PATH! This is required to take a backup.
Backup failed for Site vendor-qc.local. Database or site_config.json may be corrupted
Traceback with variables (most recent call last):
  File "apps/frappe/frappe/commands/site.py", line 845, in backup
    odb = scheduled_backup(
      context = {'sites': ['test-site.local', 'vendor-qc.local'], 'force': False, 'verbose': True, 'profile': False}
      with_files = False
      backup_path = None
      backup_path_db = None
      backup_path_files = None
      backup_path_private_files = None
      backup_path_conf = None
      ignore_backup_conf = False
      verbose = True
      compress = False
      include = ''
      exclude = ''
      old_backup_metadata = False
      scheduled_backup = <function scheduled_backup at 0x10a147a60>
      exit_code = 1
      rollback_callback = None
      site = 'vendor-qc.local'
  File "apps/frappe/frappe/utils/backups.py", line 568, in scheduled_backup
    return new_backup(
      older_than = 6
      ignore_files = True
      backup_path = None
      backup_path_db = None
      backup_path_files = None
      backup_path_private_files = None
      backup_path_conf = None
      ignore_conf = False
      include_doctypes = ''
      exclude_doctypes = ''
      compress = False
      force = True
      verbose = True
      old_backup_metadata = False
      rollback_callback = <frappe.utils.CallbackManager object at 0x10a37ffd0>
  File "apps/frappe/frappe/utils/backups.py", line 626, in new_backup
    odb.get_backup(older_than, ignore_files, force=force)
      older_than = 6
      ignore_files = True
      backup_path = None
      backup_path_db = None
      backup_path_files = None
      backup_path_private_files = None
      backup_path_conf = None
      ignore_conf = False
      include_doctypes = ''
      exclude_doctypes = ''
      compress = False
      force = True
      verbose = True
      old_backup_metadata = False
      rollback_callback = <frappe.utils.CallbackManager object at 0x10a37ffd0>
      odb = <frappe.utils.backups.BackupGenerator object at 0x10a2eefd0>
  File "apps/frappe/frappe/utils/backups.py", line 195, in get_backup
    self.delete_if_step_fails(self.take_dump, self.backup_path_db)
      self = <frappe.utils.backups.BackupGenerator object at 0x10a2eefd0>
      older_than = 6
      ignore_files = True
      force = True
      last_db = False
      last_file = False
      last_private_file = False
      site_config_backup_path = False
  File "apps/frappe/frappe/utils/backups.py", line 520, in delete_if_step_fails
    raise e
      self = <frappe.utils.backups.BackupGenerator object at 0x10a2eefd0>
      step = <bound method BackupGenerator.take_dump of <frappe.utils.backups.BackupGenerator object at 0x10a2eefd0>>
      paths = ('./test-site.local/private/backups/20251115_043001-test-site_local-database.sql.gz',)
      path = './test-site.local/private/backups/20251115_043001-test-site_local-database.sql.gz'
  File "apps/frappe/frappe/utils/backups.py", line 515, in delete_if_step_fails
    step()
      self = <frappe.utils.backups.BackupGenerator object at 0x10a2eefd0>
      step = <bound method BackupGenerator.take_dump of <frappe.utils.backups.BackupGenerator object at 0x10a2eefd0>>
      paths = ('./test-site.local/private/backups/20251115_043001-test-site_local-database.sql.gz',)
      path = './test-site.local/private/backups/20251115_043001-test-site_local-database.sql.gz'
  File "apps/frappe/frappe/utils/backups.py", line 457, in take_dump
    frappe.throw(
      self = <frappe.utils.backups.BackupGenerator object at 0x10a2eefd0>
      shlex = <module 'shlex' from '/opt/homebrew/Cellar/python@3.13/3.13.1/Frameworks/Python.framework/Versions/3.13/lib/python3.13/shlex.py'>
      frappe = <module 'frappe' from 'apps/frappe/frappe/__init__.py'>
      get_app_branch = <function get_app_branch at 0x10a12eac0>
      gzip_exc = '/usr/bin/gzip'
      database_header_content = ['begin frappe metadata', '[frappe]', 'version = 15.87.0', 'branch = version-15', 'end frappe metadata', '']
      generated_header = '-- begin frappe metadata\n-- [frappe]\n-- version = 15.87.0\n-- branch = version-15\n-- end frappe metadata\n-- \n'
      f = <_io.TextIOWrapper name='./test-site.local/private/backups/20251115_043001-test-site_local-database.sql.gz' encoding='UTF-8'>
      cmd = []
      extra = []
      get_command = <function get_command at 0x109d63b00>
      bin = None
      args = ['--user=_537373b7e3047fb7', '--host=127.0.0.1', '--port=3306', '--password=U5hxfjpquKPDmY5A', '--single-transaction', '--quick', '--lock-tables=false', '_537373b7e3047fb7']
      bin_name = 'mariadb-dump'
  File "apps/frappe/frappe/__init__.py", line 609, in throw
    msgprint(
      msg = 'mariadb-dump not found in PATH! This is required to take a backup.'
      exc = <class 'frappe.exceptions.ExecutableNotFound'>
      title = None
      is_minimizable = False
      wide = False
      as_list = False
      primary_action = None
  File "apps/frappe/frappe/__init__.py", line 574, in msgprint
    _raise_exception()
      msg = 'mariadb-dump not found in PATH! This is required to take a backup.'
      title = None
      raise_exception = <class 'frappe.exceptions.ExecutableNotFound'>
      as_table = False
      as_list = False
      indicator = 'red'
      alert = False
      primary_action = None
      is_minimizable = False
      wide = False
      realtime = False
      sys = <module 'sys' (built-in)>
      _raise_exception = <function msgprint.<locals>._raise_exception at 0x10a3ca980>
      inspect = <module 'inspect' from '/opt/homebrew/Cellar/python@3.13/3.13.1/Frameworks/Python.framework/Versions/3.13/lib/python3.13/inspect.py'>
      out = {'message': 'mariadb-dump not found in PATH! This is required to take a backup.', 'title': 'Message', 'indicator': 'red', 'raise_exception': 1, '__frappe_exc_id': 'd3bc02a1248bd6f027c3dd85fe6e175c42b0c2c60c95f60bb7efb95d'}
  File "apps/frappe/frappe/__init__.py", line 525, in _raise_exception
    raise exc
      exc = ExecutableNotFound('mariadb-dump not found in PATH! This is required to take a backup.')
      inspect = <module 'inspect' from '/opt/homebrew/Cellar/python@3.13/3.13.1/Frameworks/Python.framework/Versions/3.13/lib/python3.13/inspect.py'>
      msg = 'mariadb-dump not found in PATH! This is required to take a backup.'
      out = {'message': 'mariadb-dump not found in PATH! This is required to take a backup.', 'title': 'Message', 'indicator': 'red', 'raise_exception': 1, '__frappe_exc_id': 'd3bc02a1248bd6f027c3dd85fe6e175c42b0c2c60c95f60bb7efb95d'}
      raise_exception = <class 'frappe.exceptions.ExecutableNotFound'>
frappe.exceptions.ExecutableNotFound: mariadb-dump not found in PATH! This is required to take a backup.
Backup failed for Site test-site.local. Database or site_config.json may be corrupted
Traceback with variables (most recent call last):
  File "apps/frappe/frappe/commands/site.py", line 845, in backup
    odb = scheduled_backup(
      context = {'sites': ['test-site.local', 'vendor-qc.local'], 'force': False, 'verbose': True, 'profile': False}
      with_files = False
      backup_path = None
      backup_path_db = None
      backup_path_files = None
      backup_path_private_files = None
      backup_path_conf = None
      ignore_backup_conf = False
      verbose = True
      compress = False
      include = ''
      exclude = ''
      old_backup_metadata = False
      scheduled_backup = <function scheduled_backup at 0x10c89fa60>
      exit_code = 0
      rollback_callback = None
      site = 'test-site.local'
  File "apps/frappe/frappe/utils/backups.py", line 568, in scheduled_backup
    return new_backup(
      older_than = 6
      ignore_files = True
      backup_path = None
      backup_path_db = None
      backup_path_files = None
      backup_path_private_files = None
      backup_path_conf = None
      ignore_conf = False
      include_doctypes = ''
      exclude_doctypes = ''
      compress = False
      force = True
      verbose = True
      old_backup_metadata = False
      rollback_callback = <frappe.utils.CallbackManager object at 0x10ca87df0>
  File "apps/frappe/frappe/utils/backups.py", line 626, in new_backup
    odb.get_backup(older_than, ignore_files, force=force)
      older_than = 6
      ignore_files = True
      backup_path = None
      backup_path_db = None
      backup_path_files = None
      backup_path_private_files = None
      backup_path_conf = None
      ignore_conf = False
      include_doctypes = ''
      exclude_doctypes = ''
      compress = False
      force = True
      verbose = True
      old_backup_metadata = False
      rollback_callback = <frappe.utils.CallbackManager object at 0x10ca87df0>
      odb = <frappe.utils.backups.BackupGenerator object at 0x10ca2b230>
  File "apps/frappe/frappe/utils/backups.py", line 195, in get_backup
    self.delete_if_step_fails(self.take_dump, self.backup_path_db)
      self = <frappe.utils.backups.BackupGenerator object at 0x10ca2b230>
      older_than = 6
      ignore_files = True
      force = True
      last_db = False
      last_file = False
      last_private_file = False
      site_config_backup_path = False
  File "apps/frappe/frappe/utils/backups.py", line 520, in delete_if_step_fails
    raise e
      self = <frappe.utils.backups.BackupGenerator object at 0x10ca2b230>
      step = <bound method BackupGenerator.take_dump of <frappe.utils.backups.BackupGenerator object at 0x10ca2b230>>
      paths = ('./test-site.local/private/backups/20251116_153003-test-site_local-database.sql.gz',)
      path = './test-site.local/private/backups/20251116_153003-test-site_local-database.sql.gz'
  File "apps/frappe/frappe/utils/backups.py", line 515, in delete_if_step_fails
    step()
      self = <frappe.utils.backups.BackupGenerator object at 0x10ca2b230>
      step = <bound method BackupGenerator.take_dump of <frappe.utils.backups.BackupGenerator object at 0x10ca2b230>>
      paths = ('./test-site.local/private/backups/20251116_153003-test-site_local-database.sql.gz',)
      path = './test-site.local/private/backups/20251116_153003-test-site_local-database.sql.gz'
  File "apps/frappe/frappe/utils/backups.py", line 457, in take_dump
    frappe.throw(
      self = <frappe.utils.backups.BackupGenerator object at 0x10ca2b230>
      shlex = <module 'shlex' from '/opt/homebrew/Cellar/python@3.13/3.13.1/Frameworks/Python.framework/Versions/3.13/lib/python3.13/shlex.py'>
      frappe = <module 'frappe' from 'apps/frappe/frappe/__init__.py'>
      get_app_branch = <function get_app_branch at 0x10c882ac0>
      gzip_exc = '/usr/bin/gzip'
      database_header_content = ['begin frappe metadata', '[frappe]', 'version = 15.87.0', 'branch = version-15', 'end frappe metadata', '']
      generated_header = '-- begin frappe metadata\n-- [frappe]\n-- version = 15.87.0\n-- branch = version-15\n-- end frappe metadata\n-- \n'
      f = <_io.TextIOWrapper name='./test-site.local/private/backups/20251116_153003-test-site_local-database.sql.gz' encoding='UTF-8'>
      cmd = []
      extra = []
      get_command = <function get_command at 0x10c4b7b00>
      bin = None
      args = ['--user=_537373b7e3047fb7', '--host=127.0.0.1', '--port=3306', '--password=U5hxfjpquKPDmY5A', '--single-transaction', '--quick', '--lock-tables=false', '_537373b7e3047fb7']
      bin_name = 'mariadb-dump'
  File "apps/frappe/frappe/__init__.py", line 609, in throw
    msgprint(
      msg = 'mariadb-dump not found in PATH! This is required to take a backup.'
      exc = <class 'frappe.exceptions.ExecutableNotFound'>
      title = None
      is_minimizable = False
      wide = False
      as_list = False
      primary_action = None
  File "apps/frappe/frappe/__init__.py", line 574, in msgprint
    _raise_exception()
      msg = 'mariadb-dump not found in PATH! This is required to take a backup.'
      title = None
      raise_exception = <class 'frappe.exceptions.ExecutableNotFound'>
      as_table = False
      as_list = False
      indicator = 'red'
      alert = False
      primary_action = None
      is_minimizable = False
      wide = False
      realtime = False
      sys = <module 'sys' (built-in)>
      _raise_exception = <function msgprint.<locals>._raise_exception at 0x10a705da0>
      inspect = <module 'inspect' from '/opt/homebrew/Cellar/python@3.13/3.13.1/Frameworks/Python.framework/Versions/3.13/lib/python3.13/inspect.py'>
      out = {'message': 'mariadb-dump not found in PATH! This is required to take a backup.', 'title': 'Message', 'indicator': 'red', 'raise_exception': 1, '__frappe_exc_id': '76f0d1f200d19ce0e456595c8f95945363da82d4b1a99b165cbc078b'}
  File "apps/frappe/frappe/__init__.py", line 525, in _raise_exception
    raise exc
      exc = ExecutableNotFound('mariadb-dump not found in PATH! This is required to take a backup.')
      inspect = <module 'inspect' from '/opt/homebrew/Cellar/python@3.13/3.13.1/Frameworks/Python.framework/Versions/3.13/lib/python3.13/inspect.py'>
      msg = 'mariadb-dump not found in PATH! This is required to take a backup.'
      out = {'message': 'mariadb-dump not found in PATH! This is required to take a backup.', 'title': 'Message', 'indicator': 'red', 'raise_exception': 1, '__frappe_exc_id': '76f0d1f200d19ce0e456595c8f95945363da82d4b1a99b165cbc078b'}
      raise_exception = <class 'frappe.exceptions.ExecutableNotFound'>
frappe.exceptions.ExecutableNotFound: mariadb-dump not found in PATH! This is required to take a backup.
Backup failed for Site vendor-qc.local. Database or site_config.json may be corrupted
Traceback with variables (most recent call last):
  File "apps/frappe/frappe/commands/site.py", line 845, in backup
    odb = scheduled_backup(
      context = {'sites': ['test-site.local', 'vendor-qc.local'], 'force': False, 'verbose': True, 'profile': False}
      with_files = False
      backup_path = None
      backup_path_db = None
      backup_path_files = None
      backup_path_private_files = None
      backup_path_conf = None
      ignore_backup_conf = False
      verbose = True
      compress = False
      include = ''
      exclude = ''
      old_backup_metadata = False
      scheduled_backup = <function scheduled_backup at 0x10c89fa60>
      exit_code = 1
      rollback_callback = None
      site = 'vendor-qc.local'
  File "apps/frappe/frappe/utils/backups.py", line 568, in scheduled_backup
    return new_backup(
      older_than = 6
      ignore_files = True
      backup_path = None
      backup_path_db = None
      backup_path_files = None
      backup_path_private_files = None
      backup_path_conf = None
      ignore_conf = False
      include_doctypes = ''
      exclude_doctypes = ''
      compress = False
      force = True
      verbose = True
      old_backup_metadata = False
      rollback_callback = <frappe.utils.CallbackManager object at 0x10c8f99f0>
  File "apps/frappe/frappe/utils/backups.py", line 626, in new_backup
    odb.get_backup(older_than, ignore_files, force=force)
      older_than = 6
      ignore_files = True
      backup_path = None
      backup_path_db = None
      backup_path_files = None
      backup_path_private_files = None
      backup_path_conf = None
      ignore_conf = False
      include_doctypes = ''
      exclude_doctypes = ''
      compress = False
      force = True
      verbose = True
      old_backup_metadata = False
      rollback_callback = <frappe.utils.CallbackManager object at 0x10c8f99f0>
      odb = <frappe.utils.backups.BackupGenerator object at 0x10ca42fd0>
  File "apps/frappe/frappe/utils/backups.py", line 195, in get_backup
    self.delete_if_step_fails(self.take_dump, self.backup_path_db)
      self = <frappe.utils.backups.BackupGenerator object at 0x10ca42fd0>
      older_than = 6
      ignore_files = True
      force = True
      last_db = False
      last_file = False
      last_private_file = False
      site_config_backup_path = False
  File "apps/frappe/frappe/utils/backups.py", line 520, in delete_if_step_fails
    raise e
      self = <frappe.utils.backups.BackupGenerator object at 0x10ca42fd0>
      step = <bound method BackupGenerator.take_dump of <frappe.utils.backups.BackupGenerator object at 0x10ca42fd0>>
      paths = ('./test-site.local/private/backups/20251116_153003-test-site_local-database.sql.gz',)
      path = './test-site.local/private/backups/20251116_153003-test-site_local-database.sql.gz'
  File "apps/frappe/frappe/utils/backups.py", line 515, in delete_if_step_fails
    step()
      self = <frappe.utils.backups.BackupGenerator object at 0x10ca42fd0>
      step = <bound method BackupGenerator.take_dump of <frappe.utils.backups.BackupGenerator object at 0x10ca42fd0>>
      paths = ('./test-site.local/private/backups/20251116_153003-test-site_local-database.sql.gz',)
      path = './test-site.local/private/backups/20251116_153003-test-site_local-database.sql.gz'
  File "apps/frappe/frappe/utils/backups.py", line 457, in take_dump
    frappe.throw(
      self = <frappe.utils.backups.BackupGenerator object at 0x10ca42fd0>
      shlex = <module 'shlex' from '/opt/homebrew/Cellar/python@3.13/3.13.1/Frameworks/Python.framework/Versions/3.13/lib/python3.13/shlex.py'>
      frappe = <module 'frappe' from 'apps/frappe/frappe/__init__.py'>
      get_app_branch = <function get_app_branch at 0x10c882ac0>
      gzip_exc = '/usr/bin/gzip'
      database_header_content = ['begin frappe metadata', '[frappe]', 'version = 15.87.0', 'branch = version-15', 'end frappe metadata', '']
      generated_header = '-- begin frappe metadata\n-- [frappe]\n-- version = 15.87.0\n-- branch = version-15\n-- end frappe metadata\n-- \n'
      f = <_io.TextIOWrapper name='./test-site.local/private/backups/20251116_153003-test-site_local-database.sql.gz' encoding='UTF-8'>
      cmd = []
      extra = []
      get_command = <function get_command at 0x10c4b7b00>
      bin = None
      args = ['--user=_537373b7e3047fb7', '--host=127.0.0.1', '--port=3306', '--password=U5hxfjpquKPDmY5A', '--single-transaction', '--quick', '--lock-tables=false', '_537373b7e3047fb7']
      bin_name = 'mariadb-dump'
  File "apps/frappe/frappe/__init__.py", line 609, in throw
    msgprint(
      msg = 'mariadb-dump not found in PATH! This is required to take a backup.'
      exc = <class 'frappe.exceptions.ExecutableNotFound'>
      title = None
      is_minimizable = False
      wide = False
      as_list = False
      primary_action = None
  File "apps/frappe/frappe/__init__.py", line 574, in msgprint
    _raise_exception()
      msg = 'mariadb-dump not found in PATH! This is required to take a backup.'
      title = None
      raise_exception = <class 'frappe.exceptions.ExecutableNotFound'>
      as_table = False
      as_list = False
      indicator = 'red'
      alert = False
      primary_action = None
      is_minimizable = False
      wide = False
      realtime = False
      sys = <module 'sys' (built-in)>
      _raise_exception = <function msgprint.<locals>._raise_exception at 0x10cb1a980>
      inspect = <module 'inspect' from '/opt/homebrew/Cellar/python@3.13/3.13.1/Frameworks/Python.framework/Versions/3.13/lib/python3.13/inspect.py'>
      out = {'message': 'mariadb-dump not found in PATH! This is required to take a backup.', 'title': 'Message', 'indicator': 'red', 'raise_exception': 1, '__frappe_exc_id': '11743d8775b8ab7147f8b5991c481f096a22abc312bf217c7f973bc0'}
  File "apps/frappe/frappe/__init__.py", line 525, in _raise_exception
    raise exc
      exc = ExecutableNotFound('mariadb-dump not found in PATH! This is required to take a backup.')
      inspect = <module 'inspect' from '/opt/homebrew/Cellar/python@3.13/3.13.1/Frameworks/Python.framework/Versions/3.13/lib/python3.13/inspect.py'>
      msg = 'mariadb-dump not found in PATH! This is required to take a backup.'
      out = {'message': 'mariadb-dump not found in PATH! This is required to take a backup.', 'title': 'Message', 'indicator': 'red', 'raise_exception': 1, '__frappe_exc_id': '11743d8775b8ab7147f8b5991c481f096a22abc312bf217c7f973bc0'}
      raise_exception = <class 'frappe.exceptions.ExecutableNotFound'>
frappe.exceptions.ExecutableNotFound: mariadb-dump not found in PATH! This is required to take a backup.
Backup failed for Site test-site.local. Database or site_config.json may be corrupted
Traceback with variables (most recent call last):
  File "apps/frappe/frappe/commands/site.py", line 845, in backup
    odb = scheduled_backup(
      context = {'sites': ['test-site.local', 'vendor-qc.local'], 'force': False, 'verbose': True, 'profile': False}
      with_files = False
      backup_path = None
      backup_path_db = None
      backup_path_files = None
      backup_path_private_files = None
      backup_path_conf = None
      ignore_backup_conf = False
      verbose = True
      compress = False
      include = ''
      exclude = ''
      old_backup_metadata = False
      scheduled_backup = <function scheduled_backup at 0x10c7ffa60>
      exit_code = 0
      rollback_callback = None
      site = 'test-site.local'
  File "apps/frappe/frappe/utils/backups.py", line 568, in scheduled_backup
    return new_backup(
      older_than = 6
      ignore_files = True
      backup_path = None
      backup_path_db = None
      backup_path_files = None
      backup_path_private_files = None
      backup_path_conf = None
      ignore_conf = False
      include_doctypes = ''
      exclude_doctypes = ''
      compress = False
      force = True
      verbose = True
      old_backup_metadata = False
      rollback_callback = <frappe.utils.CallbackManager object at 0x10ca4fb80>
  File "apps/frappe/frappe/utils/backups.py", line 626, in new_backup
    odb.get_backup(older_than, ignore_files, force=force)
      older_than = 6
      ignore_files = True
      backup_path = None
      backup_path_db = None
      backup_path_files = None
      backup_path_private_files = None
      backup_path_conf = None
      ignore_conf = False
      include_doctypes = ''
      exclude_doctypes = ''
      compress = False
      force = True
      verbose = True
      old_backup_metadata = False
      rollback_callback = <frappe.utils.CallbackManager object at 0x10ca4fb80>
      odb = <frappe.utils.backups.BackupGenerator object at 0x10c9ef230>
  File "apps/frappe/frappe/utils/backups.py", line 195, in get_backup
    self.delete_if_step_fails(self.take_dump, self.backup_path_db)
      self = <frappe.utils.backups.BackupGenerator object at 0x10c9ef230>
      older_than = 6
      ignore_files = True
      force = True
      last_db = False
      last_file = False
      last_private_file = False
      site_config_backup_path = False
  File "apps/frappe/frappe/utils/backups.py", line 520, in delete_if_step_fails
    raise e
      self = <frappe.utils.backups.BackupGenerator object at 0x10c9ef230>
      step = <bound method BackupGenerator.take_dump of <frappe.utils.backups.BackupGenerator object at 0x10c9ef230>>
      paths = ('./test-site.local/private/backups/20251116_213002-test-site_local-database.sql.gz',)
      path = './test-site.local/private/backups/20251116_213002-test-site_local-database.sql.gz'
  File "apps/frappe/frappe/utils/backups.py", line 515, in delete_if_step_fails
    step()
      self = <frappe.utils.backups.BackupGenerator object at 0x10c9ef230>
      step = <bound method BackupGenerator.take_dump of <frappe.utils.backups.BackupGenerator object at 0x10c9ef230>>
      paths = ('./test-site.local/private/backups/20251116_213002-test-site_local-database.sql.gz',)
      path = './test-site.local/private/backups/20251116_213002-test-site_local-database.sql.gz'
  File "apps/frappe/frappe/utils/backups.py", line 457, in take_dump
    frappe.throw(
      self = <frappe.utils.backups.BackupGenerator object at 0x10c9ef230>
      shlex = <module 'shlex' from '/opt/homebrew/Cellar/python@3.13/3.13.1/Frameworks/Python.framework/Versions/3.13/lib/python3.13/shlex.py'>
      frappe = <module 'frappe' from 'apps/frappe/frappe/__init__.py'>
      get_app_branch = <function get_app_branch at 0x10c7e2ac0>
      gzip_exc = '/usr/bin/gzip'
      database_header_content = ['begin frappe metadata', '[frappe]', 'version = 15.87.0', 'branch = version-15', 'end frappe metadata', '']
      generated_header = '-- begin frappe metadata\n-- [frappe]\n-- version = 15.87.0\n-- branch = version-15\n-- end frappe metadata\n-- \n'
      f = <_io.TextIOWrapper name='./test-site.local/private/backups/20251116_213002-test-site_local-database.sql.gz' encoding='UTF-8'>
      cmd = []
      extra = []
      get_command = <function get_command at 0x10c4cfb00>
      bin = None
      args = ['--user=_537373b7e3047fb7', '--host=127.0.0.1', '--port=3306', '--password=U5hxfjpquKPDmY5A', '--single-transaction', '--quick', '--lock-tables=false', '_537373b7e3047fb7']
      bin_name = 'mariadb-dump'
  File "apps/frappe/frappe/__init__.py", line 609, in throw
    msgprint(
      msg = 'mariadb-dump not found in PATH! This is required to take a backup.'
      exc = <class 'frappe.exceptions.ExecutableNotFound'>
      title = None
      is_minimizable = False
      wide = False
      as_list = False
      primary_action = None
  File "apps/frappe/frappe/__init__.py", line 574, in msgprint
    _raise_exception()
      msg = 'mariadb-dump not found in PATH! This is required to take a backup.'
      title = None
      raise_exception = <class 'frappe.exceptions.ExecutableNotFound'>
      as_table = False
      as_list = False
      indicator = 'red'
      alert = False
      primary_action = None
      is_minimizable = False
      wide = False
      realtime = False
      sys = <module 'sys' (built-in)>
      _raise_exception = <function msgprint.<locals>._raise_exception at 0x10a6cdda0>
      inspect = <module 'inspect' from '/opt/homebrew/Cellar/python@3.13/3.13.1/Frameworks/Python.framework/Versions/3.13/lib/python3.13/inspect.py'>
      out = {'message': 'mariadb-dump not found in PATH! This is required to take a backup.', 'title': 'Message', 'indicator': 'red', 'raise_exception': 1, '__frappe_exc_id': 'a204f6a1c1fe66b5417c161b60d003fc026cac5d508f388aee952047'}
  File "apps/frappe/frappe/__init__.py", line 525, in _raise_exception
    raise exc
      exc = ExecutableNotFound('mariadb-dump not found in PATH! This is required to take a backup.')
      inspect = <module 'inspect' from '/opt/homebrew/Cellar/python@3.13/3.13.1/Frameworks/Python.framework/Versions/3.13/lib/python3.13/inspect.py'>
      msg = 'mariadb-dump not found in PATH! This is required to take a backup.'
      out = {'message': 'mariadb-dump not found in PATH! This is required to take a backup.', 'title': 'Message', 'indicator': 'red', 'raise_exception': 1, '__frappe_exc_id': 'a204f6a1c1fe66b5417c161b60d003fc026cac5d508f388aee952047'}
      raise_exception = <class 'frappe.exceptions.ExecutableNotFound'>
frappe.exceptions.ExecutableNotFound: mariadb-dump not found in PATH! This is required to take a backup.
Backup failed for Site vendor-qc.local. Database or site_config.json may be corrupted
Traceback with variables (most recent call last):
  File "apps/frappe/frappe/commands/site.py", line 845, in backup
    odb = scheduled_backup(
      context = {'sites': ['test-site.local', 'vendor-qc.local'], 'force': False, 'verbose': True, 'profile': False}
      with_files = False
      backup_path = None
      backup_path_db = None
      backup_path_files = None
      backup_path_private_files = None
      backup_path_conf = None
      ignore_backup_conf = False
      verbose = True
      compress = False
      include = ''
      exclude = ''
      old_backup_metadata = False
      scheduled_backup = <function scheduled_backup at 0x10c7ffa60>
      exit_code = 1
      rollback_callback = None
      site = 'vendor-qc.local'
  File "apps/frappe/frappe/utils/backups.py", line 568, in scheduled_backup
    return new_backup(
      older_than = 6
      ignore_files = True
      backup_path = None
      backup_path_db = None
      backup_path_files = None
      backup_path_private_files = None
      backup_path_conf = None
      ignore_conf = False
      include_doctypes = ''
      exclude_doctypes = ''
      compress = False
      force = True
      verbose = True
      old_backup_metadata = False
      rollback_callback = <frappe.utils.CallbackManager object at 0x10ca83fd0>
  File "apps/frappe/frappe/utils/backups.py", line 626, in new_backup
    odb.get_backup(older_than, ignore_files, force=force)
      older_than = 6
      ignore_files = True
      backup_path = None
      backup_path_db = None
      backup_path_files = None
      backup_path_private_files = None
      backup_path_conf = None
      ignore_conf = False
      include_doctypes = ''
      exclude_doctypes = ''
      compress = False
      force = True
      verbose = True
      old_backup_metadata = False
      rollback_callback = <frappe.utils.CallbackManager object at 0x10ca83fd0>
      odb = <frappe.utils.backups.BackupGenerator object at 0x10ca0afd0>
  File "apps/frappe/frappe/utils/backups.py", line 195, in get_backup
    self.delete_if_step_fails(self.take_dump, self.backup_path_db)
      self = <frappe.utils.backups.BackupGenerator object at 0x10ca0afd0>
      older_than = 6
      ignore_files = True
      force = True
      last_db = False
      last_file = False
      last_private_file = False
      site_config_backup_path = False
  File "apps/frappe/frappe/utils/backups.py", line 520, in delete_if_step_fails
    raise e
      self = <frappe.utils.backups.BackupGenerator object at 0x10ca0afd0>
      step = <bound method BackupGenerator.take_dump of <frappe.utils.backups.BackupGenerator object at 0x10ca0afd0>>
      paths = ('./test-site.local/private/backups/20251116_213002-test-site_local-database.sql.gz',)
      path = './test-site.local/private/backups/20251116_213002-test-site_local-database.sql.gz'
  File "apps/frappe/frappe/utils/backups.py", line 515, in delete_if_step_fails
    step()
      self = <frappe.utils.backups.BackupGenerator object at 0x10ca0afd0>
      step = <bound method BackupGenerator.take_dump of <frappe.utils.backups.BackupGenerator object at 0x10ca0afd0>>
      paths = ('./test-site.local/private/backups/20251116_213002-test-site_local-database.sql.gz',)
      path = './test-site.local/private/backups/20251116_213002-test-site_local-database.sql.gz'
  File "apps/frappe/frappe/utils/backups.py", line 457, in take_dump
    frappe.throw(
      self = <frappe.utils.backups.BackupGenerator object at 0x10ca0afd0>
      shlex = <module 'shlex' from '/opt/homebrew/Cellar/python@3.13/3.13.1/Frameworks/Python.framework/Versions/3.13/lib/python3.13/shlex.py'>
      frappe = <module 'frappe' from 'apps/frappe/frappe/__init__.py'>
      get_app_branch = <function get_app_branch at 0x10c7e2ac0>
      gzip_exc = '/usr/bin/gzip'
      database_header_content = ['begin frappe metadata', '[frappe]', 'version = 15.87.0', 'branch = version-15', 'end frappe metadata', '']
      generated_header = '-- begin frappe metadata\n-- [frappe]\n-- version = 15.87.0\n-- branch = version-15\n-- end frappe metadata\n-- \n'
      f = <_io.TextIOWrapper name='./test-site.local/private/backups/20251116_213002-test-site_local-database.sql.gz' encoding='UTF-8'>
      cmd = []
      extra = []
      get_command = <function get_command at 0x10c4cfb00>
      bin = None
      args = ['--user=_537373b7e3047fb7', '--host=127.0.0.1', '--port=3306', '--password=U5hxfjpquKPDmY5A', '--single-transaction', '--quick', '--lock-tables=false', '_537373b7e3047fb7']
      bin_name = 'mariadb-dump'
  File "apps/frappe/frappe/__init__.py", line 609, in throw
    msgprint(
      msg = 'mariadb-dump not found in PATH! This is required to take a backup.'
      exc = <class 'frappe.exceptions.ExecutableNotFound'>
      title = None
      is_minimizable = False
      wide = False
      as_list = False
      primary_action = None
  File "apps/frappe/frappe/__init__.py", line 574, in msgprint
    _raise_exception()
      msg = 'mariadb-dump not found in PATH! This is required to take a backup.'
      title = None
      raise_exception = <class 'frappe.exceptions.ExecutableNotFound'>
      as_table = False
      as_list = False
      indicator = 'red'
      alert = False
      primary_action = None
      is_minimizable = False
      wide = False
      realtime = False
      sys = <module 'sys' (built-in)>
      _raise_exception = <function msgprint.<locals>._raise_exception at 0x10cae2980>
      inspect = <module 'inspect' from '/opt/homebrew/Cellar/python@3.13/3.13.1/Frameworks/Python.framework/Versions/3.13/lib/python3.13/inspect.py'>
      out = {'message': 'mariadb-dump not found in PATH! This is required to take a backup.', 'title': 'Message', 'indicator': 'red', 'raise_exception': 1, '__frappe_exc_id': '89b9d8f4a3ef12cf8bc505b1b60c25faeef4b674a3fd5daeb5425923'}
  File "apps/frappe/frappe/__init__.py", line 525, in _raise_exception
    raise exc
      exc = ExecutableNotFound('mariadb-dump not found in PATH! This is required to take a backup.')
      inspect = <module 'inspect' from '/opt/homebrew/Cellar/python@3.13/3.13.1/Frameworks/Python.framework/Versions/3.13/lib/python3.13/inspect.py'>
      msg = 'mariadb-dump not found in PATH! This is required to take a backup.'
      out = {'message': 'mariadb-dump not found in PATH! This is required to take a backup.', 'title': 'Message', 'indicator': 'red', 'raise_exception': 1, '__frappe_exc_id': '89b9d8f4a3ef12cf8bc505b1b60c25faeef4b674a3fd5daeb5425923'}
      raise_exception = <class 'frappe.exceptions.ExecutableNotFound'>
frappe.exceptions.ExecutableNotFound: mariadb-dump not found in PATH! This is required to take a backup.
Backup failed for Site test-site.local. Database or site_config.json may be corrupted
Traceback with variables (most recent call last):
  File "apps/frappe/frappe/commands/site.py", line 845, in backup
    odb = scheduled_backup(
      context = {'sites': ['test-site.local', 'vendor-qc.local'], 'force': False, 'verbose': True, 'profile': False}
      with_files = False
      backup_path = None
      backup_path_db = None
      backup_path_files = None
      backup_path_private_files = None
      backup_path_conf = None
      ignore_backup_conf = False
      verbose = True
      compress = False
      include = ''
      exclude = ''
      old_backup_metadata = False
      scheduled_backup = <function scheduled_backup at 0x108b57a60>
      exit_code = 0
      rollback_callback = None
      site = 'test-site.local'
  File "apps/frappe/frappe/utils/backups.py", line 568, in scheduled_backup
    return new_backup(
      older_than = 6
      ignore_files = True
      backup_path = None
      backup_path_db = None
      backup_path_files = None
      backup_path_private_files = None
      backup_path_conf = None
      ignore_conf = False
      include_doctypes = ''
      exclude_doctypes = ''
      compress = False
      force = True
      verbose = True
      old_backup_metadata = False
      rollback_callback = <frappe.utils.CallbackManager object at 0x108d3fcd0>
  File "apps/frappe/frappe/utils/backups.py", line 626, in new_backup
    odb.get_backup(older_than, ignore_files, force=force)
      older_than = 6
      ignore_files = True
      backup_path = None
      backup_path_db = None
      backup_path_files = None
      backup_path_private_files = None
      backup_path_conf = None
      ignore_conf = False
      include_doctypes = ''
      exclude_doctypes = ''
      compress = False
      force = True
      verbose = True
      old_backup_metadata = False
      rollback_callback = <frappe.utils.CallbackManager object at 0x108d3fcd0>
      odb = <frappe.utils.backups.BackupGenerator object at 0x108ce3230>
  File "apps/frappe/frappe/utils/backups.py", line 195, in get_backup
    self.delete_if_step_fails(self.take_dump, self.backup_path_db)
      self = <frappe.utils.backups.BackupGenerator object at 0x108ce3230>
      older_than = 6
      ignore_files = True
      force = True
      last_db = False
      last_file = False
      last_private_file = False
      site_config_backup_path = False
  File "apps/frappe/frappe/utils/backups.py", line 520, in delete_if_step_fails
    raise e
      self = <frappe.utils.backups.BackupGenerator object at 0x108ce3230>
      step = <bound method BackupGenerator.take_dump of <frappe.utils.backups.BackupGenerator object at 0x108ce3230>>
      paths = ('./test-site.local/private/backups/20251117_033002-test-site_local-database.sql.gz',)
      path = './test-site.local/private/backups/20251117_033002-test-site_local-database.sql.gz'
  File "apps/frappe/frappe/utils/backups.py", line 515, in delete_if_step_fails
    step()
      self = <frappe.utils.backups.BackupGenerator object at 0x108ce3230>
      step = <bound method BackupGenerator.take_dump of <frappe.utils.backups.BackupGenerator object at 0x108ce3230>>
      paths = ('./test-site.local/private/backups/20251117_033002-test-site_local-database.sql.gz',)
      path = './test-site.local/private/backups/20251117_033002-test-site_local-database.sql.gz'
  File "apps/frappe/frappe/utils/backups.py", line 457, in take_dump
    frappe.throw(
      self = <frappe.utils.backups.BackupGenerator object at 0x108ce3230>
      shlex = <module 'shlex' from '/opt/homebrew/Cellar/python@3.13/3.13.1/Frameworks/Python.framework/Versions/3.13/lib/python3.13/shlex.py'>
      frappe = <module 'frappe' from 'apps/frappe/frappe/__init__.py'>
      get_app_branch = <function get_app_branch at 0x108b3aac0>
      gzip_exc = '/usr/bin/gzip'
      database_header_content = ['begin frappe metadata', '[frappe]', 'version = 15.87.0', 'branch = version-15', 'end frappe metadata', '']
      generated_header = '-- begin frappe metadata\n-- [frappe]\n-- version = 15.87.0\n-- branch = version-15\n-- end frappe metadata\n-- \n'
      f = <_io.TextIOWrapper name='./test-site.local/private/backups/20251117_033002-test-site_local-database.sql.gz' encoding='UTF-8'>
      cmd = []
      extra = []
      get_command = <function get_command at 0x10876fb00>
      bin = None
      args = ['--user=_537373b7e3047fb7', '--host=127.0.0.1', '--port=3306', '--password=U5hxfjpquKPDmY5A', '--single-transaction', '--quick', '--lock-tables=false', '_537373b7e3047fb7']
      bin_name = 'mariadb-dump'
  File "apps/frappe/frappe/__init__.py", line 609, in throw
    msgprint(
      msg = 'mariadb-dump not found in PATH! This is required to take a backup.'
      exc = <class 'frappe.exceptions.ExecutableNotFound'>
      title = None
      is_minimizable = False
      wide = False
      as_list = False
      primary_action = None
  File "apps/frappe/frappe/__init__.py", line 574, in msgprint
    _raise_exception()
      msg = 'mariadb-dump not found in PATH! This is required to take a backup.'
      title = None
      raise_exception = <class 'frappe.exceptions.ExecutableNotFound'>
      as_table = False
      as_list = False
      indicator = 'red'
      alert = False
      primary_action = None
      is_minimizable = False
      wide = False
      realtime = False
      sys = <module 'sys' (built-in)>
      _raise_exception = <function msgprint.<locals>._raise_exception at 0x1069bdda0>
      inspect = <module 'inspect' from '/opt/homebrew/Cellar/python@3.13/3.13.1/Frameworks/Python.framework/Versions/3.13/lib/python3.13/inspect.py'>
      out = {'message': 'mariadb-dump not found in PATH! This is required to take a backup.', 'title': 'Message', 'indicator': 'red', 'raise_exception': 1, '__frappe_exc_id': '4eb0073abd7b724d77aaf0e9d10c612a13fb716239c48bce0867d3d0'}
  File "apps/frappe/frappe/__init__.py", line 525, in _raise_exception
    raise exc
      exc = ExecutableNotFound('mariadb-dump not found in PATH! This is required to take a backup.')
      inspect = <module 'inspect' from '/opt/homebrew/Cellar/python@3.13/3.13.1/Frameworks/Python.framework/Versions/3.13/lib/python3.13/inspect.py'>
      msg = 'mariadb-dump not found in PATH! This is required to take a backup.'
      out = {'message': 'mariadb-dump not found in PATH! This is required to take a backup.', 'title': 'Message', 'indicator': 'red', 'raise_exception': 1, '__frappe_exc_id': '4eb0073abd7b724d77aaf0e9d10c612a13fb716239c48bce0867d3d0'}
      raise_exception = <class 'frappe.exceptions.ExecutableNotFound'>
frappe.exceptions.ExecutableNotFound: mariadb-dump not found in PATH! This is required to take a backup.
Backup failed for Site vendor-qc.local. Database or site_config.json may be corrupted
Traceback with variables (most recent call last):
  File "apps/frappe/frappe/commands/site.py", line 845, in backup
    odb = scheduled_backup(
      context = {'sites': ['test-site.local', 'vendor-qc.local'], 'force': False, 'verbose': True, 'profile': False}
      with_files = False
      backup_path = None
      backup_path_db = None
      backup_path_files = None
      backup_path_private_files = None
      backup_path_conf = None
      ignore_backup_conf = False
      verbose = True
      compress = False
      include = ''
      exclude = ''
      old_backup_metadata = False
      scheduled_backup = <function scheduled_backup at 0x108b57a60>
      exit_code = 1
      rollback_callback = None
      site = 'vendor-qc.local'
  File "apps/frappe/frappe/utils/backups.py", line 568, in scheduled_backup
    return new_backup(
      older_than = 6
      ignore_files = True
      backup_path = None
      backup_path_db = None
      backup_path_files = None
      backup_path_private_files = None
      backup_path_conf = None
      ignore_conf = False
      include_doctypes = ''
      exclude_doctypes = ''
      compress = False
      force = True
      verbose = True
      old_backup_metadata = False
      rollback_callback = <frappe.utils.CallbackManager object at 0x108d73fd0>
  File "apps/frappe/frappe/utils/backups.py", line 626, in new_backup
    odb.get_backup(older_than, ignore_files, force=force)
      older_than = 6
      ignore_files = True
      backup_path = None
      backup_path_db = None
      backup_path_files = None
      backup_path_private_files = None
      backup_path_conf = None
      ignore_conf = False
      include_doctypes = ''
      exclude_doctypes = ''
      compress = False
      force = True
      verbose = True
      old_backup_metadata = False
      rollback_callback = <frappe.utils.CallbackManager object at 0x108d73fd0>
      odb = <frappe.utils.backups.BackupGenerator object at 0x108cfafd0>
  File "apps/frappe/frappe/utils/backups.py", line 195, in get_backup
    self.delete_if_step_fails(self.take_dump, self.backup_path_db)
      self = <frappe.utils.backups.BackupGenerator object at 0x108cfafd0>
      older_than = 6
      ignore_files = True
      force = True
      last_db = False
      last_file = False
      last_private_file = False
      site_config_backup_path = False
  File "apps/frappe/frappe/utils/backups.py", line 520, in delete_if_step_fails
    raise e
      self = <frappe.utils.backups.BackupGenerator object at 0x108cfafd0>
      step = <bound method BackupGenerator.take_dump of <frappe.utils.backups.BackupGenerator object at 0x108cfafd0>>
      paths = ('./test-site.local/private/backups/20251117_033002-test-site_local-database.sql.gz',)
      path = './test-site.local/private/backups/20251117_033002-test-site_local-database.sql.gz'
  File "apps/frappe/frappe/utils/backups.py", line 515, in delete_if_step_fails
    step()
      self = <frappe.utils.backups.BackupGenerator object at 0x108cfafd0>
      step = <bound method BackupGenerator.take_dump of <frappe.utils.backups.BackupGenerator object at 0x108cfafd0>>
      paths = ('./test-site.local/private/backups/20251117_033002-test-site_local-database.sql.gz',)
      path = './test-site.local/private/backups/20251117_033002-test-site_local-database.sql.gz'
  File "apps/frappe/frappe/utils/backups.py", line 457, in take_dump
    frappe.throw(
      self = <frappe.utils.backups.BackupGenerator object at 0x108cfafd0>
      shlex = <module 'shlex' from '/opt/homebrew/Cellar/python@3.13/3.13.1/Frameworks/Python.framework/Versions/3.13/lib/python3.13/shlex.py'>
      frappe = <module 'frappe' from 'apps/frappe/frappe/__init__.py'>
      get_app_branch = <function get_app_branch at 0x108b3aac0>
      gzip_exc = '/usr/bin/gzip'
      database_header_content = ['begin frappe metadata', '[frappe]', 'version = 15.87.0', 'branch = version-15', 'end frappe metadata', '']
      generated_header = '-- begin frappe metadata\n-- [frappe]\n-- version = 15.87.0\n-- branch = version-15\n-- end frappe metadata\n-- \n'
      f = <_io.TextIOWrapper name='./test-site.local/private/backups/20251117_033002-test-site_local-database.sql.gz' encoding='UTF-8'>
      cmd = []
      extra = []
      get_command = <function get_command at 0x10876fb00>
      bin = None
      args = ['--user=_537373b7e3047fb7', '--host=127.0.0.1', '--port=3306', '--password=U5hxfjpquKPDmY5A', '--single-transaction', '--quick', '--lock-tables=false', '_537373b7e3047fb7']
      bin_name = 'mariadb-dump'
  File "apps/frappe/frappe/__init__.py", line 609, in throw
    msgprint(
      msg = 'mariadb-dump not found in PATH! This is required to take a backup.'
      exc = <class 'frappe.exceptions.ExecutableNotFound'>
      title = None
      is_minimizable = False
      wide = False
      as_list = False
      primary_action = None
  File "apps/frappe/frappe/__init__.py", line 574, in msgprint
    _raise_exception()
      msg = 'mariadb-dump not found in PATH! This is required to take a backup.'
      title = None
      raise_exception = <class 'frappe.exceptions.ExecutableNotFound'>
      as_table = False
      as_list = False
      indicator = 'red'
      alert = False
      primary_action = None
      is_minimizable = False
      wide = False
      realtime = False
      sys = <module 'sys' (built-in)>
      _raise_exception = <function msgprint.<locals>._raise_exception at 0x108dd2980>
      inspect = <module 'inspect' from '/opt/homebrew/Cellar/python@3.13/3.13.1/Frameworks/Python.framework/Versions/3.13/lib/python3.13/inspect.py'>
      out = {'message': 'mariadb-dump not found in PATH! This is required to take a backup.', 'title': 'Message', 'indicator': 'red', 'raise_exception': 1, '__frappe_exc_id': '1a36f1a2fab2a77cb595d3f881438e645b67ca1673a03587ae4b2a8d'}
  File "apps/frappe/frappe/__init__.py", line 525, in _raise_exception
    raise exc
      exc = ExecutableNotFound('mariadb-dump not found in PATH! This is required to take a backup.')
      inspect = <module 'inspect' from '/opt/homebrew/Cellar/python@3.13/3.13.1/Frameworks/Python.framework/Versions/3.13/lib/python3.13/inspect.py'>
      msg = 'mariadb-dump not found in PATH! This is required to take a backup.'
      out = {'message': 'mariadb-dump not found in PATH! This is required to take a backup.', 'title': 'Message', 'indicator': 'red', 'raise_exception': 1, '__frappe_exc_id': '1a36f1a2fab2a77cb595d3f881438e645b67ca1673a03587ae4b2a8d'}
      raise_exception = <class 'frappe.exceptions.ExecutableNotFound'>
frappe.exceptions.ExecutableNotFound: mariadb-dump not found in PATH! This is required to take a backup.
Backup failed for Site test-site.local. Database or site_config.json may be corrupted
Traceback with variables (most recent call last):
  File "apps/frappe/frappe/commands/site.py", line 845, in backup
    odb = scheduled_backup(
      context = {'sites': ['test-site.local', 'vendor-qc.local'], 'force': False, 'verbose': True, 'profile': False}
      with_files = False
      backup_path = None
      backup_path_db = None
      backup_path_files = None
      backup_path_private_files = None
      backup_path_conf = None
      ignore_backup_conf = False
      verbose = True
      compress = False
      include = ''
      exclude = ''
      old_backup_metadata = False
      scheduled_backup = <function scheduled_backup at 0x10c293a60>
      exit_code = 0
      rollback_callback = None
      site = 'test-site.local'
  File "apps/frappe/frappe/utils/backups.py", line 568, in scheduled_backup
    return new_backup(
      older_than = 6
      ignore_files = True
      backup_path = None
      backup_path_db = None
      backup_path_files = None
      backup_path_private_files = None
      backup_path_conf = None
      ignore_conf = False
      include_doctypes = ''
      exclude_doctypes = ''
      compress = False
      force = True
      verbose = True
      old_backup_metadata = False
      rollback_callback = <frappe.utils.CallbackManager object at 0x10c47ba30>
  File "apps/frappe/frappe/utils/backups.py", line 626, in new_backup
    odb.get_backup(older_than, ignore_files, force=force)
      older_than = 6
      ignore_files = True
      backup_path = None
      backup_path_db = None
      backup_path_files = None
      backup_path_private_files = None
      backup_path_conf = None
      ignore_conf = False
      include_doctypes = ''
      exclude_doctypes = ''
      compress = False
      force = True
      verbose = True
      old_backup_metadata = False
      rollback_callback = <frappe.utils.CallbackManager object at 0x10c47ba30>
      odb = <frappe.utils.backups.BackupGenerator object at 0x10c41b230>
  File "apps/frappe/frappe/utils/backups.py", line 195, in get_backup
    self.delete_if_step_fails(self.take_dump, self.backup_path_db)
      self = <frappe.utils.backups.BackupGenerator object at 0x10c41b230>
      older_than = 6
      ignore_files = True
      force = True
      last_db = False
      last_file = False
      last_private_file = False
      site_config_backup_path = False
  File "apps/frappe/frappe/utils/backups.py", line 520, in delete_if_step_fails
    raise e
      self = <frappe.utils.backups.BackupGenerator object at 0x10c41b230>
      step = <bound method BackupGenerator.take_dump of <frappe.utils.backups.BackupGenerator object at 0x10c41b230>>
      paths = ('./test-site.local/private/backups/20251117_093002-test-site_local-database.sql.gz',)
      path = './test-site.local/private/backups/20251117_093002-test-site_local-database.sql.gz'
  File "apps/frappe/frappe/utils/backups.py", line 515, in delete_if_step_fails
    step()
      self = <frappe.utils.backups.BackupGenerator object at 0x10c41b230>
      step = <bound method BackupGenerator.take_dump of <frappe.utils.backups.BackupGenerator object at 0x10c41b230>>
      paths = ('./test-site.local/private/backups/20251117_093002-test-site_local-database.sql.gz',)
      path = './test-site.local/private/backups/20251117_093002-test-site_local-database.sql.gz'
  File "apps/frappe/frappe/utils/backups.py", line 457, in take_dump
    frappe.throw(
      self = <frappe.utils.backups.BackupGenerator object at 0x10c41b230>
      shlex = <module 'shlex' from '/opt/homebrew/Cellar/python@3.13/3.13.1/Frameworks/Python.framework/Versions/3.13/lib/python3.13/shlex.py'>
      frappe = <module 'frappe' from 'apps/frappe/frappe/__init__.py'>
      get_app_branch = <function get_app_branch at 0x10c276ac0>
      gzip_exc = '/usr/bin/gzip'
      database_header_content = ['begin frappe metadata', '[frappe]', 'version = 15.87.0', 'branch = version-15', 'end frappe metadata', '']
      generated_header = '-- begin frappe metadata\n-- [frappe]\n-- version = 15.87.0\n-- branch = version-15\n-- end frappe metadata\n-- \n'
      f = <_io.TextIOWrapper name='./test-site.local/private/backups/20251117_093002-test-site_local-database.sql.gz' encoding='UTF-8'>
      cmd = []
      extra = []
      get_command = <function get_command at 0x10beabb00>
      bin = None
      args = ['--user=_537373b7e3047fb7', '--host=127.0.0.1', '--port=3306', '--password=U5hxfjpquKPDmY5A', '--single-transaction', '--quick', '--lock-tables=false', '_537373b7e3047fb7']
      bin_name = 'mariadb-dump'
  File "apps/frappe/frappe/__init__.py", line 609, in throw
    msgprint(
      msg = 'mariadb-dump not found in PATH! This is required to take a backup.'
      exc = <class 'frappe.exceptions.ExecutableNotFound'>
      title = None
      is_minimizable = False
      wide = False
      as_list = False
      primary_action = None
  File "apps/frappe/frappe/__init__.py", line 574, in msgprint
    _raise_exception()
      msg = 'mariadb-dump not found in PATH! This is required to take a backup.'
      title = None
      raise_exception = <class 'frappe.exceptions.ExecutableNotFound'>
      as_table = False
      as_list = False
      indicator = 'red'
      alert = False
      primary_action = None
      is_minimizable = False
      wide = False
      realtime = False
      sys = <module 'sys' (built-in)>
      _raise_exception = <function msgprint.<locals>._raise_exception at 0x10a0f9da0>
      inspect = <module 'inspect' from '/opt/homebrew/Cellar/python@3.13/3.13.1/Frameworks/Python.framework/Versions/3.13/lib/python3.13/inspect.py'>
      out = {'message': 'mariadb-dump not found in PATH! This is required to take a backup.', 'title': 'Message', 'indicator': 'red', 'raise_exception': 1, '__frappe_exc_id': '507077965d0f2fbc53248f4e1f0904503d3e18b38542a2a5459714c8'}
  File "apps/frappe/frappe/__init__.py", line 525, in _raise_exception
    raise exc
      exc = ExecutableNotFound('mariadb-dump not found in PATH! This is required to take a backup.')
      inspect = <module 'inspect' from '/opt/homebrew/Cellar/python@3.13/3.13.1/Frameworks/Python.framework/Versions/3.13/lib/python3.13/inspect.py'>
      msg = 'mariadb-dump not found in PATH! This is required to take a backup.'
      out = {'message': 'mariadb-dump not found in PATH! This is required to take a backup.', 'title': 'Message', 'indicator': 'red', 'raise_exception': 1, '__frappe_exc_id': '507077965d0f2fbc53248f4e1f0904503d3e18b38542a2a5459714c8'}
      raise_exception = <class 'frappe.exceptions.ExecutableNotFound'>
frappe.exceptions.ExecutableNotFound: mariadb-dump not found in PATH! This is required to take a backup.
Backup failed for Site vendor-qc.local. Database or site_config.json may be corrupted
Traceback with variables (most recent call last):
  File "apps/frappe/frappe/commands/site.py", line 845, in backup
    odb = scheduled_backup(
      context = {'sites': ['test-site.local', 'vendor-qc.local'], 'force': False, 'verbose': True, 'profile': False}
      with_files = False
      backup_path = None
      backup_path_db = None
      backup_path_files = None
      backup_path_private_files = None
      backup_path_conf = None
      ignore_backup_conf = False
      verbose = True
      compress = False
      include = ''
      exclude = ''
      old_backup_metadata = False
      scheduled_backup = <function scheduled_backup at 0x10c293a60>
      exit_code = 1
      rollback_callback = None
      site = 'vendor-qc.local'
  File "apps/frappe/frappe/utils/backups.py", line 568, in scheduled_backup
    return new_backup(
      older_than = 6
      ignore_files = True
      backup_path = None
      backup_path_db = None
      backup_path_files = None
      backup_path_private_files = None
      backup_path_conf = None
      ignore_conf = False
      include_doctypes = ''
      exclude_doctypes = ''
      compress = False
      force = True
      verbose = True
      old_backup_metadata = False
      rollback_callback = <frappe.utils.CallbackManager object at 0x10c4affd0>
  File "apps/frappe/frappe/utils/backups.py", line 626, in new_backup
    odb.get_backup(older_than, ignore_files, force=force)
      older_than = 6
      ignore_files = True
      backup_path = None
      backup_path_db = None
      backup_path_files = None
      backup_path_private_files = None
      backup_path_conf = None
      ignore_conf = False
      include_doctypes = ''
      exclude_doctypes = ''
      compress = False
      force = True
      verbose = True
      old_backup_metadata = False
      rollback_callback = <frappe.utils.CallbackManager object at 0x10c4affd0>
      odb = <frappe.utils.backups.BackupGenerator object at 0x10c436fd0>
  File "apps/frappe/frappe/utils/backups.py", line 195, in get_backup
    self.delete_if_step_fails(self.take_dump, self.backup_path_db)
      self = <frappe.utils.backups.BackupGenerator object at 0x10c436fd0>
      older_than = 6
      ignore_files = True
      force = True
      last_db = False
      last_file = False
      last_private_file = False
      site_config_backup_path = False
  File "apps/frappe/frappe/utils/backups.py", line 520, in delete_if_step_fails
    raise e
      self = <frappe.utils.backups.BackupGenerator object at 0x10c436fd0>
      step = <bound method BackupGenerator.take_dump of <frappe.utils.backups.BackupGenerator object at 0x10c436fd0>>
      paths = ('./test-site.local/private/backups/20251117_093002-test-site_local-database.sql.gz',)
      path = './test-site.local/private/backups/20251117_093002-test-site_local-database.sql.gz'
  File "apps/frappe/frappe/utils/backups.py", line 515, in delete_if_step_fails
    step()
      self = <frappe.utils.backups.BackupGenerator object at 0x10c436fd0>
      step = <bound method BackupGenerator.take_dump of <frappe.utils.backups.BackupGenerator object at 0x10c436fd0>>
      paths = ('./test-site.local/private/backups/20251117_093002-test-site_local-database.sql.gz',)
      path = './test-site.local/private/backups/20251117_093002-test-site_local-database.sql.gz'
  File "apps/frappe/frappe/utils/backups.py", line 457, in take_dump
    frappe.throw(
      self = <frappe.utils.backups.BackupGenerator object at 0x10c436fd0>
      shlex = <module 'shlex' from '/opt/homebrew/Cellar/python@3.13/3.13.1/Frameworks/Python.framework/Versions/3.13/lib/python3.13/shlex.py'>
      frappe = <module 'frappe' from 'apps/frappe/frappe/__init__.py'>
      get_app_branch = <function get_app_branch at 0x10c276ac0>
      gzip_exc = '/usr/bin/gzip'
      database_header_content = ['begin frappe metadata', '[frappe]', 'version = 15.87.0', 'branch = version-15', 'end frappe metadata', '']
      generated_header = '-- begin frappe metadata\n-- [frappe]\n-- version = 15.87.0\n-- branch = version-15\n-- end frappe metadata\n-- \n'
      f = <_io.TextIOWrapper name='./test-site.local/private/backups/20251117_093002-test-site_local-database.sql.gz' encoding='UTF-8'>
      cmd = []
      extra = []
      get_command = <function get_command at 0x10beabb00>
      bin = None
      args = ['--user=_537373b7e3047fb7', '--host=127.0.0.1', '--port=3306', '--password=U5hxfjpquKPDmY5A', '--single-transaction', '--quick', '--lock-tables=false', '_537373b7e3047fb7']
      bin_name = 'mariadb-dump'
  File "apps/frappe/frappe/__init__.py", line 609, in throw
    msgprint(
      msg = 'mariadb-dump not found in PATH! This is required to take a backup.'
      exc = <class 'frappe.exceptions.ExecutableNotFound'>
      title = None
      is_minimizable = False
      wide = False
      as_list = False
      primary_action = None
  File "apps/frappe/frappe/__init__.py", line 574, in msgprint
    _raise_exception()
      msg = 'mariadb-dump not found in PATH! This is required to take a backup.'
      title = None
      raise_exception = <class 'frappe.exceptions.ExecutableNotFound'>
      as_table = False
      as_list = False
      indicator = 'red'
      alert = False
      primary_action = None
      is_minimizable = False
      wide = False
      realtime = False
      sys = <module 'sys' (built-in)>
      _raise_exception = <function msgprint.<locals>._raise_exception at 0x10c50e980>
      inspect = <module 'inspect' from '/opt/homebrew/Cellar/python@3.13/3.13.1/Frameworks/Python.framework/Versions/3.13/lib/python3.13/inspect.py'>
      out = {'message': 'mariadb-dump not found in PATH! This is required to take a backup.', 'title': 'Message', 'indicator': 'red', 'raise_exception': 1, '__frappe_exc_id': '0747d294abb23526b11f0201cc65700d433c2f708be434e21badc771'}
  File "apps/frappe/frappe/__init__.py", line 525, in _raise_exception
    raise exc
      exc = ExecutableNotFound('mariadb-dump not found in PATH! This is required to take a backup.')
      inspect = <module 'inspect' from '/opt/homebrew/Cellar/python@3.13/3.13.1/Frameworks/Python.framework/Versions/3.13/lib/python3.13/inspect.py'>
      msg = 'mariadb-dump not found in PATH! This is required to take a backup.'
      out = {'message': 'mariadb-dump not found in PATH! This is required to take a backup.', 'title': 'Message', 'indicator': 'red', 'raise_exception': 1, '__frappe_exc_id': '0747d294abb23526b11f0201cc65700d433c2f708be434e21badc771'}
      raise_exception = <class 'frappe.exceptions.ExecutableNotFound'>
frappe.exceptions.ExecutableNotFound: mariadb-dump not found in PATH! This is required to take a backup.
Backup failed for Site test-site.local. Database or site_config.json may be corrupted
Traceback with variables (most recent call last):
  File "apps/frappe/frappe/commands/site.py", line 845, in backup
    odb = scheduled_backup(
      context = {'sites': ['test-site.local', 'vendor-qc.local'], 'force': False, 'verbose': True, 'profile': False}
      with_files = False
      backup_path = None
      backup_path_db = None
      backup_path_files = None
      backup_path_private_files = None
      backup_path_conf = None
      ignore_backup_conf = False
      verbose = True
      compress = False
      include = ''
      exclude = ''
      old_backup_metadata = False
      scheduled_backup = <function scheduled_backup at 0x108a23a60>
      exit_code = 0
      rollback_callback = None
      site = 'test-site.local'
  File "apps/frappe/frappe/utils/backups.py", line 568, in scheduled_backup
    return new_backup(
      older_than = 6
      ignore_files = True
      backup_path = None
      backup_path_db = None
      backup_path_files = None
      backup_path_private_files = None
      backup_path_conf = None
      ignore_conf = False
      include_doctypes = ''
      exclude_doctypes = ''
      compress = False
      force = True
      verbose = True
      old_backup_metadata = False
      rollback_callback = <frappe.utils.CallbackManager object at 0x108c0bd00>
  File "apps/frappe/frappe/utils/backups.py", line 626, in new_backup
    odb.get_backup(older_than, ignore_files, force=force)
      older_than = 6
      ignore_files = True
      backup_path = None
      backup_path_db = None
      backup_path_files = None
      backup_path_private_files = None
      backup_path_conf = None
      ignore_conf = False
      include_doctypes = ''
      exclude_doctypes = ''
      compress = False
      force = True
      verbose = True
      old_backup_metadata = False
      rollback_callback = <frappe.utils.CallbackManager object at 0x108c0bd00>
      odb = <frappe.utils.backups.BackupGenerator object at 0x108baf230>
  File "apps/frappe/frappe/utils/backups.py", line 195, in get_backup
    self.delete_if_step_fails(self.take_dump, self.backup_path_db)
      self = <frappe.utils.backups.BackupGenerator object at 0x108baf230>
      older_than = 6
      ignore_files = True
      force = True
      last_db = False
      last_file = False
      last_private_file = False
      site_config_backup_path = False
  File "apps/frappe/frappe/utils/backups.py", line 520, in delete_if_step_fails
    raise e
      self = <frappe.utils.backups.BackupGenerator object at 0x108baf230>
      step = <bound method BackupGenerator.take_dump of <frappe.utils.backups.BackupGenerator object at 0x108baf230>>
      paths = ('./test-site.local/private/backups/20251117_153002-test-site_local-database.sql.gz',)
      path = './test-site.local/private/backups/20251117_153002-test-site_local-database.sql.gz'
  File "apps/frappe/frappe/utils/backups.py", line 515, in delete_if_step_fails
    step()
      self = <frappe.utils.backups.BackupGenerator object at 0x108baf230>
      step = <bound method BackupGenerator.take_dump of <frappe.utils.backups.BackupGenerator object at 0x108baf230>>
      paths = ('./test-site.local/private/backups/20251117_153002-test-site_local-database.sql.gz',)
      path = './test-site.local/private/backups/20251117_153002-test-site_local-database.sql.gz'
  File "apps/frappe/frappe/utils/backups.py", line 457, in take_dump
    frappe.throw(
      self = <frappe.utils.backups.BackupGenerator object at 0x108baf230>
      shlex = <module 'shlex' from '/opt/homebrew/Cellar/python@3.13/3.13.1/Frameworks/Python.framework/Versions/3.13/lib/python3.13/shlex.py'>
      frappe = <module 'frappe' from 'apps/frappe/frappe/__init__.py'>
      get_app_branch = <function get_app_branch at 0x108a06ac0>
      gzip_exc = '/usr/bin/gzip'
      database_header_content = ['begin frappe metadata', '[frappe]', 'version = 15.87.0', 'branch = version-15', 'end frappe metadata', '']
      generated_header = '-- begin frappe metadata\n-- [frappe]\n-- version = 15.87.0\n-- branch = version-15\n-- end frappe metadata\n-- \n'
      f = <_io.TextIOWrapper name='./test-site.local/private/backups/20251117_153002-test-site_local-database.sql.gz' encoding='UTF-8'>
      cmd = []
      extra = []
      get_command = <function get_command at 0x1086b3b00>
      bin = None
      args = ['--user=_537373b7e3047fb7', '--host=127.0.0.1', '--port=3306', '--password=U5hxfjpquKPDmY5A', '--single-transaction', '--quick', '--lock-tables=false', '_537373b7e3047fb7']
      bin_name = 'mariadb-dump'
  File "apps/frappe/frappe/__init__.py", line 609, in throw
    msgprint(
      msg = 'mariadb-dump not found in PATH! This is required to take a backup.'
      exc = <class 'frappe.exceptions.ExecutableNotFound'>
      title = None
      is_minimizable = False
      wide = False
      as_list = False
      primary_action = None
  File "apps/frappe/frappe/__init__.py", line 574, in msgprint
    _raise_exception()
      msg = 'mariadb-dump not found in PATH! This is required to take a backup.'
      title = None
      raise_exception = <class 'frappe.exceptions.ExecutableNotFound'>
      as_table = False
      as_list = False
      indicator = 'red'
      alert = False
      primary_action = None
      is_minimizable = False
      wide = False
      realtime = False
      sys = <module 'sys' (built-in)>
      _raise_exception = <function msgprint.<locals>._raise_exception at 0x106935da0>
      inspect = <module 'inspect' from '/opt/homebrew/Cellar/python@3.13/3.13.1/Frameworks/Python.framework/Versions/3.13/lib/python3.13/inspect.py'>
      out = {'message': 'mariadb-dump not found in PATH! This is required to take a backup.', 'title': 'Message', 'indicator': 'red', 'raise_exception': 1, '__frappe_exc_id': '02f6d7f3d4f63be2013d4afc37b413844f77d3caa4492d1c905f1246'}
  File "apps/frappe/frappe/__init__.py", line 525, in _raise_exception
    raise exc
      exc = ExecutableNotFound('mariadb-dump not found in PATH! This is required to take a backup.')
      inspect = <module 'inspect' from '/opt/homebrew/Cellar/python@3.13/3.13.1/Frameworks/Python.framework/Versions/3.13/lib/python3.13/inspect.py'>
      msg = 'mariadb-dump not found in PATH! This is required to take a backup.'
      out = {'message': 'mariadb-dump not found in PATH! This is required to take a backup.', 'title': 'Message', 'indicator': 'red', 'raise_exception': 1, '__frappe_exc_id': '02f6d7f3d4f63be2013d4afc37b413844f77d3caa4492d1c905f1246'}
      raise_exception = <class 'frappe.exceptions.ExecutableNotFound'>
frappe.exceptions.ExecutableNotFound: mariadb-dump not found in PATH! This is required to take a backup.
Backup failed for Site vendor-qc.local. Database or site_config.json may be corrupted
Traceback with variables (most recent call last):
  File "apps/frappe/frappe/commands/site.py", line 845, in backup
    odb = scheduled_backup(
      context = {'sites': ['test-site.local', 'vendor-qc.local'], 'force': False, 'verbose': True, 'profile': False}
      with_files = False
      backup_path = None
      backup_path_db = None
      backup_path_files = None
      backup_path_private_files = None
      backup_path_conf = None
      ignore_backup_conf = False
      verbose = True
      compress = False
      include = ''
      exclude = ''
      old_backup_metadata = False
      scheduled_backup = <function scheduled_backup at 0x108a23a60>
      exit_code = 1
      rollback_callback = None
      site = 'vendor-qc.local'
  File "apps/frappe/frappe/utils/backups.py", line 568, in scheduled_backup
    return new_backup(
      older_than = 6
      ignore_files = True
      backup_path = None
      backup_path_db = None
      backup_path_files = None
      backup_path_private_files = None
      backup_path_conf = None
      ignore_conf = False
      include_doctypes = ''
      exclude_doctypes = ''
      compress = False
      force = True
      verbose = True
      old_backup_metadata = False
      rollback_callback = <frappe.utils.CallbackManager object at 0x108c3ffd0>
  File "apps/frappe/frappe/utils/backups.py", line 626, in new_backup
    odb.get_backup(older_than, ignore_files, force=force)
      older_than = 6
      ignore_files = True
      backup_path = None
      backup_path_db = None
      backup_path_files = None
      backup_path_private_files = None
      backup_path_conf = None
      ignore_conf = False
      include_doctypes = ''
      exclude_doctypes = ''
      compress = False
      force = True
      verbose = True
      old_backup_metadata = False
      rollback_callback = <frappe.utils.CallbackManager object at 0x108c3ffd0>
      odb = <frappe.utils.backups.BackupGenerator object at 0x108bc6fd0>
  File "apps/frappe/frappe/utils/backups.py", line 195, in get_backup
    self.delete_if_step_fails(self.take_dump, self.backup_path_db)
      self = <frappe.utils.backups.BackupGenerator object at 0x108bc6fd0>
      older_than = 6
      ignore_files = True
      force = True
      last_db = False
      last_file = False
      last_private_file = False
      site_config_backup_path = False
  File "apps/frappe/frappe/utils/backups.py", line 520, in delete_if_step_fails
    raise e
      self = <frappe.utils.backups.BackupGenerator object at 0x108bc6fd0>
      step = <bound method BackupGenerator.take_dump of <frappe.utils.backups.BackupGenerator object at 0x108bc6fd0>>
      paths = ('./test-site.local/private/backups/20251117_153002-test-site_local-database.sql.gz',)
      path = './test-site.local/private/backups/20251117_153002-test-site_local-database.sql.gz'
  File "apps/frappe/frappe/utils/backups.py", line 515, in delete_if_step_fails
    step()
      self = <frappe.utils.backups.BackupGenerator object at 0x108bc6fd0>
      step = <bound method BackupGenerator.take_dump of <frappe.utils.backups.BackupGenerator object at 0x108bc6fd0>>
      paths = ('./test-site.local/private/backups/20251117_153002-test-site_local-database.sql.gz',)
      path = './test-site.local/private/backups/20251117_153002-test-site_local-database.sql.gz'
  File "apps/frappe/frappe/utils/backups.py", line 457, in take_dump
    frappe.throw(
      self = <frappe.utils.backups.BackupGenerator object at 0x108bc6fd0>
      shlex = <module 'shlex' from '/opt/homebrew/Cellar/python@3.13/3.13.1/Frameworks/Python.framework/Versions/3.13/lib/python3.13/shlex.py'>
      frappe = <module 'frappe' from 'apps/frappe/frappe/__init__.py'>
      get_app_branch = <function get_app_branch at 0x108a06ac0>
      gzip_exc = '/usr/bin/gzip'
      database_header_content = ['begin frappe metadata', '[frappe]', 'version = 15.87.0', 'branch = version-15', 'end frappe metadata', '']
      generated_header = '-- begin frappe metadata\n-- [frappe]\n-- version = 15.87.0\n-- branch = version-15\n-- end frappe metadata\n-- \n'
      f = <_io.TextIOWrapper name='./test-site.local/private/backups/20251117_153002-test-site_local-database.sql.gz' encoding='UTF-8'>
      cmd = []
      extra = []
      get_command = <function get_command at 0x1086b3b00>
      bin = None
      args = ['--user=_537373b7e3047fb7', '--host=127.0.0.1', '--port=3306', '--password=U5hxfjpquKPDmY5A', '--single-transaction', '--quick', '--lock-tables=false', '_537373b7e3047fb7']
      bin_name = 'mariadb-dump'
  File "apps/frappe/frappe/__init__.py", line 609, in throw
    msgprint(
      msg = 'mariadb-dump not found in PATH! This is required to take a backup.'
      exc = <class 'frappe.exceptions.ExecutableNotFound'>
      title = None
      is_minimizable = False
      wide = False
      as_list = False
      primary_action = None
  File "apps/frappe/frappe/__init__.py", line 574, in msgprint
    _raise_exception()
      msg = 'mariadb-dump not found in PATH! This is required to take a backup.'
      title = None
      raise_exception = <class 'frappe.exceptions.ExecutableNotFound'>
      as_table = False
      as_list = False
      indicator = 'red'
      alert = False
      primary_action = None
      is_minimizable = False
      wide = False
      realtime = False
      sys = <module 'sys' (built-in)>
      _raise_exception = <function msgprint.<locals>._raise_exception at 0x108c9e980>
      inspect = <module 'inspect' from '/opt/homebrew/Cellar/python@3.13/3.13.1/Frameworks/Python.framework/Versions/3.13/lib/python3.13/inspect.py'>
      out = {'message': 'mariadb-dump not found in PATH! This is required to take a backup.', 'title': 'Message', 'indicator': 'red', 'raise_exception': 1, '__frappe_exc_id': '02fee138b4a7b54e540cb862014975aa649b68559122c377d2c5d6e8'}
  File "apps/frappe/frappe/__init__.py", line 525, in _raise_exception
    raise exc
      exc = ExecutableNotFound('mariadb-dump not found in PATH! This is required to take a backup.')
      inspect = <module 'inspect' from '/opt/homebrew/Cellar/python@3.13/3.13.1/Frameworks/Python.framework/Versions/3.13/lib/python3.13/inspect.py'>
      msg = 'mariadb-dump not found in PATH! This is required to take a backup.'
      out = {'message': 'mariadb-dump not found in PATH! This is required to take a backup.', 'title': 'Message', 'indicator': 'red', 'raise_exception': 1, '__frappe_exc_id': '02fee138b4a7b54e540cb862014975aa649b68559122c377d2c5d6e8'}
      raise_exception = <class 'frappe.exceptions.ExecutableNotFound'>
frappe.exceptions.ExecutableNotFound: mariadb-dump not found in PATH! This is required to take a backup.
Backup failed for Site test-site.local. Database or site_config.json may be corrupted
Traceback with variables (most recent call last):
  File "apps/frappe/frappe/commands/site.py", line 845, in backup
    odb = scheduled_backup(
      context = {'sites': ['test-site.local', 'vendor-qc.local'], 'force': False, 'verbose': True, 'profile': False}
      with_files = False
      backup_path = None
      backup_path_db = None
      backup_path_files = None
      backup_path_private_files = None
      backup_path_conf = None
      ignore_backup_conf = False
      verbose = True
      compress = False
      include = ''
      exclude = ''
      old_backup_metadata = False
      scheduled_backup = <function scheduled_backup at 0x10a7a7a60>
      exit_code = 0
      rollback_callback = None
      site = 'test-site.local'
  File "apps/frappe/frappe/utils/backups.py", line 568, in scheduled_backup
    return new_backup(
      older_than = 6
      ignore_files = True
      backup_path = None
      backup_path_db = None
      backup_path_files = None
      backup_path_private_files = None
      backup_path_conf = None
      ignore_conf = False
      include_doctypes = ''
      exclude_doctypes = ''
      compress = False
      force = True
      verbose = True
      old_backup_metadata = False
      rollback_callback = <frappe.utils.CallbackManager object at 0x10a9b40d0>
  File "apps/frappe/frappe/utils/backups.py", line 626, in new_backup
    odb.get_backup(older_than, ignore_files, force=force)
      older_than = 6
      ignore_files = True
      backup_path = None
      backup_path_db = None
      backup_path_files = None
      backup_path_private_files = None
      backup_path_conf = None
      ignore_conf = False
      include_doctypes = ''
      exclude_doctypes = ''
      compress = False
      force = True
      verbose = True
      old_backup_metadata = False
      rollback_callback = <frappe.utils.CallbackManager object at 0x10a9b40d0>
      odb = <frappe.utils.backups.BackupGenerator object at 0x10a933230>
  File "apps/frappe/frappe/utils/backups.py", line 195, in get_backup
    self.delete_if_step_fails(self.take_dump, self.backup_path_db)
      self = <frappe.utils.backups.BackupGenerator object at 0x10a933230>
      older_than = 6
      ignore_files = True
      force = True
      last_db = False
      last_file = False
      last_private_file = False
      site_config_backup_path = False
  File "apps/frappe/frappe/utils/backups.py", line 520, in delete_if_step_fails
    raise e
      self = <frappe.utils.backups.BackupGenerator object at 0x10a933230>
      step = <bound method BackupGenerator.take_dump of <frappe.utils.backups.BackupGenerator object at 0x10a933230>>
      paths = ('./test-site.local/private/backups/20251117_213002-test-site_local-database.sql.gz',)
      path = './test-site.local/private/backups/20251117_213002-test-site_local-database.sql.gz'
  File "apps/frappe/frappe/utils/backups.py", line 515, in delete_if_step_fails
    step()
      self = <frappe.utils.backups.BackupGenerator object at 0x10a933230>
      step = <bound method BackupGenerator.take_dump of <frappe.utils.backups.BackupGenerator object at 0x10a933230>>
      paths = ('./test-site.local/private/backups/20251117_213002-test-site_local-database.sql.gz',)
      path = './test-site.local/private/backups/20251117_213002-test-site_local-database.sql.gz'
  File "apps/frappe/frappe/utils/backups.py", line 457, in take_dump
    frappe.throw(
      self = <frappe.utils.backups.BackupGenerator object at 0x10a933230>
      shlex = <module 'shlex' from '/opt/homebrew/Cellar/python@3.13/3.13.1/Frameworks/Python.framework/Versions/3.13/lib/python3.13/shlex.py'>
      frappe = <module 'frappe' from 'apps/frappe/frappe/__init__.py'>
      get_app_branch = <function get_app_branch at 0x10a78aac0>
      gzip_exc = '/usr/bin/gzip'
      database_header_content = ['begin frappe metadata', '[frappe]', 'version = 15.87.0', 'branch = version-15', 'end frappe metadata', '']
      generated_header = '-- begin frappe metadata\n-- [frappe]\n-- version = 15.87.0\n-- branch = version-15\n-- end frappe metadata\n-- \n'
      f = <_io.TextIOWrapper name='./test-site.local/private/backups/20251117_213002-test-site_local-database.sql.gz' encoding='UTF-8'>
      cmd = []
      extra = []
      get_command = <function get_command at 0x10a3bfb00>
      bin = None
      args = ['--user=_537373b7e3047fb7', '--host=127.0.0.1', '--port=3306', '--password=U5hxfjpquKPDmY5A', '--single-transaction', '--quick', '--lock-tables=false', '_537373b7e3047fb7']
      bin_name = 'mariadb-dump'
  File "apps/frappe/frappe/__init__.py", line 609, in throw
    msgprint(
      msg = 'mariadb-dump not found in PATH! This is required to take a backup.'
      exc = <class 'frappe.exceptions.ExecutableNotFound'>
      title = None
      is_minimizable = False
      wide = False
      as_list = False
      primary_action = None
  File "apps/frappe/frappe/__init__.py", line 574, in msgprint
    _raise_exception()
      msg = 'mariadb-dump not found in PATH! This is required to take a backup.'
      title = None
      raise_exception = <class 'frappe.exceptions.ExecutableNotFound'>
      as_table = False
      as_list = False
      indicator = 'red'
      alert = False
      primary_action = None
      is_minimizable = False
      wide = False
      realtime = False
      sys = <module 'sys' (built-in)>
      _raise_exception = <function msgprint.<locals>._raise_exception at 0x1085ddda0>
      inspect = <module 'inspect' from '/opt/homebrew/Cellar/python@3.13/3.13.1/Frameworks/Python.framework/Versions/3.13/lib/python3.13/inspect.py'>
      out = {'message': 'mariadb-dump not found in PATH! This is required to take a backup.', 'title': 'Message', 'indicator': 'red', 'raise_exception': 1, '__frappe_exc_id': 'df72ba9229cac5323a27ca709ec36764417049be37083929616d5e21'}
  File "apps/frappe/frappe/__init__.py", line 525, in _raise_exception
    raise exc
      exc = ExecutableNotFound('mariadb-dump not found in PATH! This is required to take a backup.')
      inspect = <module 'inspect' from '/opt/homebrew/Cellar/python@3.13/3.13.1/Frameworks/Python.framework/Versions/3.13/lib/python3.13/inspect.py'>
      msg = 'mariadb-dump not found in PATH! This is required to take a backup.'
      out = {'message': 'mariadb-dump not found in PATH! This is required to take a backup.', 'title': 'Message', 'indicator': 'red', 'raise_exception': 1, '__frappe_exc_id': 'df72ba9229cac5323a27ca709ec36764417049be37083929616d5e21'}
      raise_exception = <class 'frappe.exceptions.ExecutableNotFound'>
frappe.exceptions.ExecutableNotFound: mariadb-dump not found in PATH! This is required to take a backup.
Backup failed for Site vendor-qc.local. Database or site_config.json may be corrupted
Traceback with variables (most recent call last):
  File "apps/frappe/frappe/commands/site.py", line 845, in backup
    odb = scheduled_backup(
      context = {'sites': ['test-site.local', 'vendor-qc.local'], 'force': False, 'verbose': True, 'profile': False}
      with_files = False
      backup_path = None
      backup_path_db = None
      backup_path_files = None
      backup_path_private_files = None
      backup_path_conf = None
      ignore_backup_conf = False
      verbose = True
      compress = False
      include = ''
      exclude = ''
      old_backup_metadata = False
      scheduled_backup = <function scheduled_backup at 0x10a7a7a60>
      exit_code = 1
      rollback_callback = None
      site = 'vendor-qc.local'
  File "apps/frappe/frappe/utils/backups.py", line 568, in scheduled_backup
    return new_backup(
      older_than = 6
      ignore_files = True
      backup_path = None
      backup_path_db = None
      backup_path_files = None
      backup_path_private_files = None
      backup_path_conf = None
      ignore_conf = False
      include_doctypes = ''
      exclude_doctypes = ''
      compress = False
      force = True
      verbose = True
      old_backup_metadata = False
      rollback_callback = <frappe.utils.CallbackManager object at 0x109bba020>
  File "apps/frappe/frappe/utils/backups.py", line 626, in new_backup
    odb.get_backup(older_than, ignore_files, force=force)
      older_than = 6
      ignore_files = True
      backup_path = None
      backup_path_db = None
      backup_path_files = None
      backup_path_private_files = None
      backup_path_conf = None
      ignore_conf = False
      include_doctypes = ''
      exclude_doctypes = ''
      compress = False
      force = True
      verbose = True
      old_backup_metadata = False
      rollback_callback = <frappe.utils.CallbackManager object at 0x109bba020>
      odb = <frappe.utils.backups.BackupGenerator object at 0x10a94afd0>
  File "apps/frappe/frappe/utils/backups.py", line 195, in get_backup
    self.delete_if_step_fails(self.take_dump, self.backup_path_db)
      self = <frappe.utils.backups.BackupGenerator object at 0x10a94afd0>
      older_than = 6
      ignore_files = True
      force = True
      last_db = False
      last_file = False
      last_private_file = False
      site_config_backup_path = False
  File "apps/frappe/frappe/utils/backups.py", line 520, in delete_if_step_fails
    raise e
      self = <frappe.utils.backups.BackupGenerator object at 0x10a94afd0>
      step = <bound method BackupGenerator.take_dump of <frappe.utils.backups.BackupGenerator object at 0x10a94afd0>>
      paths = ('./test-site.local/private/backups/20251117_213002-test-site_local-database.sql.gz',)
      path = './test-site.local/private/backups/20251117_213002-test-site_local-database.sql.gz'
  File "apps/frappe/frappe/utils/backups.py", line 515, in delete_if_step_fails
    step()
      self = <frappe.utils.backups.BackupGenerator object at 0x10a94afd0>
      step = <bound method BackupGenerator.take_dump of <frappe.utils.backups.BackupGenerator object at 0x10a94afd0>>
      paths = ('./test-site.local/private/backups/20251117_213002-test-site_local-database.sql.gz',)
      path = './test-site.local/private/backups/20251117_213002-test-site_local-database.sql.gz'
  File "apps/frappe/frappe/utils/backups.py", line 457, in take_dump
    frappe.throw(
      self = <frappe.utils.backups.BackupGenerator object at 0x10a94afd0>
      shlex = <module 'shlex' from '/opt/homebrew/Cellar/python@3.13/3.13.1/Frameworks/Python.framework/Versions/3.13/lib/python3.13/shlex.py'>
      frappe = <module 'frappe' from 'apps/frappe/frappe/__init__.py'>
      get_app_branch = <function get_app_branch at 0x10a78aac0>
      gzip_exc = '/usr/bin/gzip'
      database_header_content = ['begin frappe metadata', '[frappe]', 'version = 15.87.0', 'branch = version-15', 'end frappe metadata', '']
      generated_header = '-- begin frappe metadata\n-- [frappe]\n-- version = 15.87.0\n-- branch = version-15\n-- end frappe metadata\n-- \n'
      f = <_io.TextIOWrapper name='./test-site.local/private/backups/20251117_213002-test-site_local-database.sql.gz' encoding='UTF-8'>
      cmd = []
      extra = []
      get_command = <function get_command at 0x10a3bfb00>
      bin = None
      args = ['--user=_537373b7e3047fb7', '--host=127.0.0.1', '--port=3306', '--password=U5hxfjpquKPDmY5A', '--single-transaction', '--quick', '--lock-tables=false', '_537373b7e3047fb7']
      bin_name = 'mariadb-dump'
  File "apps/frappe/frappe/__init__.py", line 609, in throw
    msgprint(
      msg = 'mariadb-dump not found in PATH! This is required to take a backup.'
      exc = <class 'frappe.exceptions.ExecutableNotFound'>
      title = None
      is_minimizable = False
      wide = False
      as_list = False
      primary_action = None
  File "apps/frappe/frappe/__init__.py", line 574, in msgprint
    _raise_exception()
      msg = 'mariadb-dump not found in PATH! This is required to take a backup.'
      title = None
      raise_exception = <class 'frappe.exceptions.ExecutableNotFound'>
      as_table = False
      as_list = False
      indicator = 'red'
      alert = False
      primary_action = None
      is_minimizable = False
      wide = False
      realtime = False
      sys = <module 'sys' (built-in)>
      _raise_exception = <function msgprint.<locals>._raise_exception at 0x10aa22980>
      inspect = <module 'inspect' from '/opt/homebrew/Cellar/python@3.13/3.13.1/Frameworks/Python.framework/Versions/3.13/lib/python3.13/inspect.py'>
      out = {'message': 'mariadb-dump not found in PATH! This is required to take a backup.', 'title': 'Message', 'indicator': 'red', 'raise_exception': 1, '__frappe_exc_id': 'facaec11e6a2ce6f30ac03eaef4d0c1c32b7922afa3759b88b637263'}
  File "apps/frappe/frappe/__init__.py", line 525, in _raise_exception
    raise exc
      exc = ExecutableNotFound('mariadb-dump not found in PATH! This is required to take a backup.')
      inspect = <module 'inspect' from '/opt/homebrew/Cellar/python@3.13/3.13.1/Frameworks/Python.framework/Versions/3.13/lib/python3.13/inspect.py'>
      msg = 'mariadb-dump not found in PATH! This is required to take a backup.'
      out = {'message': 'mariadb-dump not found in PATH! This is required to take a backup.', 'title': 'Message', 'indicator': 'red', 'raise_exception': 1, '__frappe_exc_id': 'facaec11e6a2ce6f30ac03eaef4d0c1c32b7922afa3759b88b637263'}
      raise_exception = <class 'frappe.exceptions.ExecutableNotFound'>
frappe.exceptions.ExecutableNotFound: mariadb-dump not found in PATH! This is required to take a backup.
Backup failed for Site test-site.local. Database or site_config.json may be corrupted
Traceback with variables (most recent call last):
  File "apps/frappe/frappe/commands/site.py", line 845, in backup
    odb = scheduled_backup(
      context = {'sites': ['test-site.local', 'vendor-qc.local'], 'force': False, 'verbose': True, 'profile': False}
      with_files = False
      backup_path = None
      backup_path_db = None
      backup_path_files = None
      backup_path_private_files = None
      backup_path_conf = None
      ignore_backup_conf = False
      verbose = True
      compress = False
      include = ''
      exclude = ''
      old_backup_metadata = False
      scheduled_backup = <function scheduled_backup at 0x10aa7fa60>
      exit_code = 0
      rollback_callback = None
      site = 'test-site.local'
  File "apps/frappe/frappe/utils/backups.py", line 568, in scheduled_backup
    return new_backup(
      older_than = 6
      ignore_files = True
      backup_path = None
      backup_path_db = None
      backup_path_files = None
      backup_path_private_files = None
      backup_path_conf = None
      ignore_conf = False
      include_doctypes = ''
      exclude_doctypes = ''
      compress = False
      force = True
      verbose = True
      old_backup_metadata = False
      rollback_callback = <frappe.utils.CallbackManager object at 0x10acf42b0>
  File "apps/frappe/frappe/utils/backups.py", line 626, in new_backup
    odb.get_backup(older_than, ignore_files, force=force)
      older_than = 6
      ignore_files = True
      backup_path = None
      backup_path_db = None
      backup_path_files = None
      backup_path_private_files = None
      backup_path_conf = None
      ignore_conf = False
      include_doctypes = ''
      exclude_doctypes = ''
      compress = False
      force = True
      verbose = True
      old_backup_metadata = False
      rollback_callback = <frappe.utils.CallbackManager object at 0x10acf42b0>
      odb = <frappe.utils.backups.BackupGenerator object at 0x10ac73230>
  File "apps/frappe/frappe/utils/backups.py", line 195, in get_backup
    self.delete_if_step_fails(self.take_dump, self.backup_path_db)
      self = <frappe.utils.backups.BackupGenerator object at 0x10ac73230>
      older_than = 6
      ignore_files = True
      force = True
      last_db = False
      last_file = False
      last_private_file = False
      site_config_backup_path = False
  File "apps/frappe/frappe/utils/backups.py", line 520, in delete_if_step_fails
    raise e
      self = <frappe.utils.backups.BackupGenerator object at 0x10ac73230>
      step = <bound method BackupGenerator.take_dump of <frappe.utils.backups.BackupGenerator object at 0x10ac73230>>
      paths = ('./test-site.local/private/backups/20251118_033001-test-site_local-database.sql.gz',)
      path = './test-site.local/private/backups/20251118_033001-test-site_local-database.sql.gz'
  File "apps/frappe/frappe/utils/backups.py", line 515, in delete_if_step_fails
    step()
      self = <frappe.utils.backups.BackupGenerator object at 0x10ac73230>
      step = <bound method BackupGenerator.take_dump of <frappe.utils.backups.BackupGenerator object at 0x10ac73230>>
      paths = ('./test-site.local/private/backups/20251118_033001-test-site_local-database.sql.gz',)
      path = './test-site.local/private/backups/20251118_033001-test-site_local-database.sql.gz'
  File "apps/frappe/frappe/utils/backups.py", line 457, in take_dump
    frappe.throw(
      self = <frappe.utils.backups.BackupGenerator object at 0x10ac73230>
      shlex = <module 'shlex' from '/opt/homebrew/Cellar/python@3.13/3.13.1/Frameworks/Python.framework/Versions/3.13/lib/python3.13/shlex.py'>
      frappe = <module 'frappe' from 'apps/frappe/frappe/__init__.py'>
      get_app_branch = <function get_app_branch at 0x10aa62ac0>
      gzip_exc = '/usr/bin/gzip'
      database_header_content = ['begin frappe metadata', '[frappe]', 'version = 15.87.0', 'branch = version-15', 'end frappe metadata', '']
      generated_header = '-- begin frappe metadata\n-- [frappe]\n-- version = 15.87.0\n-- branch = version-15\n-- end frappe metadata\n-- \n'
      f = <_io.TextIOWrapper name='./test-site.local/private/backups/20251118_033001-test-site_local-database.sql.gz' encoding='UTF-8'>
      cmd = []
      extra = []
      get_command = <function get_command at 0x10a74fb00>
      bin = None
      args = ['--user=_537373b7e3047fb7', '--host=127.0.0.1', '--port=3306', '--password=U5hxfjpquKPDmY5A', '--single-transaction', '--quick', '--lock-tables=false', '_537373b7e3047fb7']
      bin_name = 'mariadb-dump'
  File "apps/frappe/frappe/__init__.py", line 609, in throw
    msgprint(
      msg = 'mariadb-dump not found in PATH! This is required to take a backup.'
      exc = <class 'frappe.exceptions.ExecutableNotFound'>
      title = None
      is_minimizable = False
      wide = False
      as_list = False
      primary_action = None
  File "apps/frappe/frappe/__init__.py", line 574, in msgprint
    _raise_exception()
      msg = 'mariadb-dump not found in PATH! This is required to take a backup.'
      title = None
      raise_exception = <class 'frappe.exceptions.ExecutableNotFound'>
      as_table = False
      as_list = False
      indicator = 'red'
      alert = False
      primary_action = None
      is_minimizable = False
      wide = False
      realtime = False
      sys = <module 'sys' (built-in)>
      _raise_exception = <function msgprint.<locals>._raise_exception at 0x108979da0>
      inspect = <module 'inspect' from '/opt/homebrew/Cellar/python@3.13/3.13.1/Frameworks/Python.framework/Versions/3.13/lib/python3.13/inspect.py'>
      out = {'message': 'mariadb-dump not found in PATH! This is required to take a backup.', 'title': 'Message', 'indicator': 'red', 'raise_exception': 1, '__frappe_exc_id': 'e78e7702a47edf26c8c4bcbd480f435880259a5e28cf8c09b6df5fbd'}
  File "apps/frappe/frappe/__init__.py", line 525, in _raise_exception
    raise exc
      exc = ExecutableNotFound('mariadb-dump not found in PATH! This is required to take a backup.')
      inspect = <module 'inspect' from '/opt/homebrew/Cellar/python@3.13/3.13.1/Frameworks/Python.framework/Versions/3.13/lib/python3.13/inspect.py'>
      msg = 'mariadb-dump not found in PATH! This is required to take a backup.'
      out = {'message': 'mariadb-dump not found in PATH! This is required to take a backup.', 'title': 'Message', 'indicator': 'red', 'raise_exception': 1, '__frappe_exc_id': 'e78e7702a47edf26c8c4bcbd480f435880259a5e28cf8c09b6df5fbd'}
      raise_exception = <class 'frappe.exceptions.ExecutableNotFound'>
frappe.exceptions.ExecutableNotFound: mariadb-dump not found in PATH! This is required to take a backup.
Backup failed for Site vendor-qc.local. Database or site_config.json may be corrupted
Traceback with variables (most recent call last):
  File "apps/frappe/frappe/commands/site.py", line 845, in backup
    odb = scheduled_backup(
      context = {'sites': ['test-site.local', 'vendor-qc.local'], 'force': False, 'verbose': True, 'profile': False}
      with_files = False
      backup_path = None
      backup_path_db = None
      backup_path_files = None
      backup_path_private_files = None
      backup_path_conf = None
      ignore_backup_conf = False
      verbose = True
      compress = False
      include = ''
      exclude = ''
      old_backup_metadata = False
      scheduled_backup = <function scheduled_backup at 0x10aa7fa60>
      exit_code = 1
      rollback_callback = None
      site = 'vendor-qc.local'
  File "apps/frappe/frappe/utils/backups.py", line 568, in scheduled_backup
    return new_backup(
      older_than = 6
      ignore_files = True
      backup_path = None
      backup_path_db = None
      backup_path_files = None
      backup_path_private_files = None
      backup_path_conf = None
      ignore_conf = False
      include_doctypes = ''
      exclude_doctypes = ''
      compress = False
      force = True
      verbose = True
      old_backup_metadata = False
      rollback_callback = <frappe.utils.CallbackManager object at 0x10ad25fc0>
  File "apps/frappe/frappe/utils/backups.py", line 626, in new_backup
    odb.get_backup(older_than, ignore_files, force=force)
      older_than = 6
      ignore_files = True
      backup_path = None
      backup_path_db = None
      backup_path_files = None
      backup_path_private_files = None
      backup_path_conf = None
      ignore_conf = False
      include_doctypes = ''
      exclude_doctypes = ''
      compress = False
      force = True
      verbose = True
      old_backup_metadata = False
      rollback_callback = <frappe.utils.CallbackManager object at 0x10ad25fc0>
      odb = <frappe.utils.backups.BackupGenerator object at 0x10ac8afd0>
  File "apps/frappe/frappe/utils/backups.py", line 195, in get_backup
    self.delete_if_step_fails(self.take_dump, self.backup_path_db)
      self = <frappe.utils.backups.BackupGenerator object at 0x10ac8afd0>
      older_than = 6
      ignore_files = True
      force = True
      last_db = False
      last_file = False
      last_private_file = False
      site_config_backup_path = False
  File "apps/frappe/frappe/utils/backups.py", line 520, in delete_if_step_fails
    raise e
      self = <frappe.utils.backups.BackupGenerator object at 0x10ac8afd0>
      step = <bound method BackupGenerator.take_dump of <frappe.utils.backups.BackupGenerator object at 0x10ac8afd0>>
      paths = ('./test-site.local/private/backups/20251118_033001-test-site_local-database.sql.gz',)
      path = './test-site.local/private/backups/20251118_033001-test-site_local-database.sql.gz'
  File "apps/frappe/frappe/utils/backups.py", line 515, in delete_if_step_fails
    step()
      self = <frappe.utils.backups.BackupGenerator object at 0x10ac8afd0>
      step = <bound method BackupGenerator.take_dump of <frappe.utils.backups.BackupGenerator object at 0x10ac8afd0>>
      paths = ('./test-site.local/private/backups/20251118_033001-test-site_local-database.sql.gz',)
      path = './test-site.local/private/backups/20251118_033001-test-site_local-database.sql.gz'
  File "apps/frappe/frappe/utils/backups.py", line 457, in take_dump
    frappe.throw(
      self = <frappe.utils.backups.BackupGenerator object at 0x10ac8afd0>
      shlex = <module 'shlex' from '/opt/homebrew/Cellar/python@3.13/3.13.1/Frameworks/Python.framework/Versions/3.13/lib/python3.13/shlex.py'>
      frappe = <module 'frappe' from 'apps/frappe/frappe/__init__.py'>
      get_app_branch = <function get_app_branch at 0x10aa62ac0>
      gzip_exc = '/usr/bin/gzip'
      database_header_content = ['begin frappe metadata', '[frappe]', 'version = 15.87.0', 'branch = version-15', 'end frappe metadata', '']
      generated_header = '-- begin frappe metadata\n-- [frappe]\n-- version = 15.87.0\n-- branch = version-15\n-- end frappe metadata\n-- \n'
      f = <_io.TextIOWrapper name='./test-site.local/private/backups/20251118_033001-test-site_local-database.sql.gz' encoding='UTF-8'>
      cmd = []
      extra = []
      get_command = <function get_command at 0x10a74fb00>
      bin = None
      args = ['--user=_537373b7e3047fb7', '--host=127.0.0.1', '--port=3306', '--password=U5hxfjpquKPDmY5A', '--single-transaction', '--quick', '--lock-tables=false', '_537373b7e3047fb7']
      bin_name = 'mariadb-dump'
  File "apps/frappe/frappe/__init__.py", line 609, in throw
    msgprint(
      msg = 'mariadb-dump not found in PATH! This is required to take a backup.'
      exc = <class 'frappe.exceptions.ExecutableNotFound'>
      title = None
      is_minimizable = False
      wide = False
      as_list = False
      primary_action = None
  File "apps/frappe/frappe/__init__.py", line 574, in msgprint
    _raise_exception()
      msg = 'mariadb-dump not found in PATH! This is required to take a backup.'
      title = None
      raise_exception = <class 'frappe.exceptions.ExecutableNotFound'>
      as_table = False
      as_list = False
      indicator = 'red'
      alert = False
      primary_action = None
      is_minimizable = False
      wide = False
      realtime = False
      sys = <module 'sys' (built-in)>
      _raise_exception = <function msgprint.<locals>._raise_exception at 0x10ad62980>
      inspect = <module 'inspect' from '/opt/homebrew/Cellar/python@3.13/3.13.1/Frameworks/Python.framework/Versions/3.13/lib/python3.13/inspect.py'>
      out = {'message': 'mariadb-dump not found in PATH! This is required to take a backup.', 'title': 'Message', 'indicator': 'red', 'raise_exception': 1, '__frappe_exc_id': '09d90ad86e675084348d3017cbe6e7d4bf4a02556d5a55956c8bd4c4'}
  File "apps/frappe/frappe/__init__.py", line 525, in _raise_exception
    raise exc
      exc = ExecutableNotFound('mariadb-dump not found in PATH! This is required to take a backup.')
      inspect = <module 'inspect' from '/opt/homebrew/Cellar/python@3.13/3.13.1/Frameworks/Python.framework/Versions/3.13/lib/python3.13/inspect.py'>
      msg = 'mariadb-dump not found in PATH! This is required to take a backup.'
      out = {'message': 'mariadb-dump not found in PATH! This is required to take a backup.', 'title': 'Message', 'indicator': 'red', 'raise_exception': 1, '__frappe_exc_id': '09d90ad86e675084348d3017cbe6e7d4bf4a02556d5a55956c8bd4c4'}
      raise_exception = <class 'frappe.exceptions.ExecutableNotFound'>
frappe.exceptions.ExecutableNotFound: mariadb-dump not found in PATH! This is required to take a backup.
Backup failed for Site test-site.local. Database or site_config.json may be corrupted
Traceback with variables (most recent call last):
  File "apps/frappe/frappe/commands/site.py", line 845, in backup
    odb = scheduled_backup(
      context = {'sites': ['test-site.local', 'vendor-qc.local'], 'force': False, 'verbose': True, 'profile': False}
      with_files = False
      backup_path = None
      backup_path_db = None
      backup_path_files = None
      backup_path_private_files = None
      backup_path_conf = None
      ignore_backup_conf = False
      verbose = True
      compress = False
      include = ''
      exclude = ''
      old_backup_metadata = False
      scheduled_backup = <function scheduled_backup at 0x10a333a60>
      exit_code = 0
      rollback_callback = None
      site = 'test-site.local'
  File "apps/frappe/frappe/utils/backups.py", line 568, in scheduled_backup
    return new_backup(
      older_than = 6
      ignore_files = True
      backup_path = None
      backup_path_db = None
      backup_path_files = None
      backup_path_private_files = None
      backup_path_conf = None
      ignore_conf = False
      include_doctypes = ''
      exclude_doctypes = ''
      compress = False
      force = True
      verbose = True
      old_backup_metadata = False
      rollback_callback = <frappe.utils.CallbackManager object at 0x10a583eb0>
  File "apps/frappe/frappe/utils/backups.py", line 626, in new_backup
    odb.get_backup(older_than, ignore_files, force=force)
      older_than = 6
      ignore_files = True
      backup_path = None
      backup_path_db = None
      backup_path_files = None
      backup_path_private_files = None
      backup_path_conf = None
      ignore_conf = False
      include_doctypes = ''
      exclude_doctypes = ''
      compress = False
      force = True
      verbose = True
      old_backup_metadata = False
      rollback_callback = <frappe.utils.CallbackManager object at 0x10a583eb0>
      odb = <frappe.utils.backups.BackupGenerator object at 0x10a527230>
  File "apps/frappe/frappe/utils/backups.py", line 195, in get_backup
    self.delete_if_step_fails(self.take_dump, self.backup_path_db)
      self = <frappe.utils.backups.BackupGenerator object at 0x10a527230>
      older_than = 6
      ignore_files = True
      force = True
      last_db = False
      last_file = False
      last_private_file = False
      site_config_backup_path = False
  File "apps/frappe/frappe/utils/backups.py", line 520, in delete_if_step_fails
    raise e
      self = <frappe.utils.backups.BackupGenerator object at 0x10a527230>
      step = <bound method BackupGenerator.take_dump of <frappe.utils.backups.BackupGenerator object at 0x10a527230>>
      paths = ('./test-site.local/private/backups/20251118_213002-test-site_local-database.sql.gz',)
      path = './test-site.local/private/backups/20251118_213002-test-site_local-database.sql.gz'
  File "apps/frappe/frappe/utils/backups.py", line 515, in delete_if_step_fails
    step()
      self = <frappe.utils.backups.BackupGenerator object at 0x10a527230>
      step = <bound method BackupGenerator.take_dump of <frappe.utils.backups.BackupGenerator object at 0x10a527230>>
      paths = ('./test-site.local/private/backups/20251118_213002-test-site_local-database.sql.gz',)
      path = './test-site.local/private/backups/20251118_213002-test-site_local-database.sql.gz'
  File "apps/frappe/frappe/utils/backups.py", line 457, in take_dump
    frappe.throw(
      self = <frappe.utils.backups.BackupGenerator object at 0x10a527230>
      shlex = <module 'shlex' from '/opt/homebrew/Cellar/python@3.13/3.13.1/Frameworks/Python.framework/Versions/3.13/lib/python3.13/shlex.py'>
      frappe = <module 'frappe' from 'apps/frappe/frappe/__init__.py'>
      get_app_branch = <function get_app_branch at 0x10a316ac0>
      gzip_exc = '/usr/bin/gzip'
      database_header_content = ['begin frappe metadata', '[frappe]', 'version = 15.87.0', 'branch = version-15', 'end frappe metadata', '']
      generated_header = '-- begin frappe metadata\n-- [frappe]\n-- version = 15.87.0\n-- branch = version-15\n-- end frappe metadata\n-- \n'
      f = <_io.TextIOWrapper name='./test-site.local/private/backups/20251118_213002-test-site_local-database.sql.gz' encoding='UTF-8'>
      cmd = []
      extra = []
      get_command = <function get_command at 0x10a003b00>
      bin = None
      args = ['--user=_537373b7e3047fb7', '--host=127.0.0.1', '--port=3306', '--password=U5hxfjpquKPDmY5A', '--single-transaction', '--quick', '--lock-tables=false', '_537373b7e3047fb7']
      bin_name = 'mariadb-dump'
  File "apps/frappe/frappe/__init__.py", line 609, in throw
    msgprint(
      msg = 'mariadb-dump not found in PATH! This is required to take a backup.'
      exc = <class 'frappe.exceptions.ExecutableNotFound'>
      title = None
      is_minimizable = False
      wide = False
      as_list = False
      primary_action = None
  File "apps/frappe/frappe/__init__.py", line 574, in msgprint
    _raise_exception()
      msg = 'mariadb-dump not found in PATH! This is required to take a backup.'
      title = None
      raise_exception = <class 'frappe.exceptions.ExecutableNotFound'>
      as_table = False
      as_list = False
      indicator = 'red'
      alert = False
      primary_action = None
      is_minimizable = False
      wide = False
      realtime = False
      sys = <module 'sys' (built-in)>
      _raise_exception = <function msgprint.<locals>._raise_exception at 0x1081fdda0>
      inspect = <module 'inspect' from '/opt/homebrew/Cellar/python@3.13/3.13.1/Frameworks/Python.framework/Versions/3.13/lib/python3.13/inspect.py'>
      out = {'message': 'mariadb-dump not found in PATH! This is required to take a backup.', 'title': 'Message', 'indicator': 'red', 'raise_exception': 1, '__frappe_exc_id': '5fc8bcb16ffa97409fb87a3943f8c171c851ef3e146f421bb9236df4'}
  File "apps/frappe/frappe/__init__.py", line 525, in _raise_exception
    raise exc
      exc = ExecutableNotFound('mariadb-dump not found in PATH! This is required to take a backup.')
      inspect = <module 'inspect' from '/opt/homebrew/Cellar/python@3.13/3.13.1/Frameworks/Python.framework/Versions/3.13/lib/python3.13/inspect.py'>
      msg = 'mariadb-dump not found in PATH! This is required to take a backup.'
      out = {'message': 'mariadb-dump not found in PATH! This is required to take a backup.', 'title': 'Message', 'indicator': 'red', 'raise_exception': 1, '__frappe_exc_id': '5fc8bcb16ffa97409fb87a3943f8c171c851ef3e146f421bb9236df4'}
      raise_exception = <class 'frappe.exceptions.ExecutableNotFound'>
frappe.exceptions.ExecutableNotFound: mariadb-dump not found in PATH! This is required to take a backup.
Backup failed for Site vendor-qc.local. Database or site_config.json may be corrupted
Traceback with variables (most recent call last):
  File "apps/frappe/frappe/commands/site.py", line 845, in backup
    odb = scheduled_backup(
      context = {'sites': ['test-site.local', 'vendor-qc.local'], 'force': False, 'verbose': True, 'profile': False}
      with_files = False
      backup_path = None
      backup_path_db = None
      backup_path_files = None
      backup_path_private_files = None
      backup_path_conf = None
      ignore_backup_conf = False
      verbose = True
      compress = False
      include = ''
      exclude = ''
      old_backup_metadata = False
      scheduled_backup = <function scheduled_backup at 0x10a333a60>
      exit_code = 1
      rollback_callback = None
      site = 'vendor-qc.local'
  File "apps/frappe/frappe/utils/backups.py", line 568, in scheduled_backup
    return new_backup(
      older_than = 6
      ignore_files = True
      backup_path = None
      backup_path_db = None
      backup_path_files = None
      backup_path_private_files = None
      backup_path_conf = None
      ignore_conf = False
      include_doctypes = ''
      exclude_doctypes = ''
      compress = False
      force = True
      verbose = True
      old_backup_metadata = False
      rollback_callback = <frappe.utils.CallbackManager object at 0x10a38dab0>
  File "apps/frappe/frappe/utils/backups.py", line 626, in new_backup
    odb.get_backup(older_than, ignore_files, force=force)
      older_than = 6
      ignore_files = True
      backup_path = None
      backup_path_db = None
      backup_path_files = None
      backup_path_private_files = None
      backup_path_conf = None
      ignore_conf = False
      include_doctypes = ''
      exclude_doctypes = ''
      compress = False
      force = True
      verbose = True
      old_backup_metadata = False
      rollback_callback = <frappe.utils.CallbackManager object at 0x10a38dab0>
      odb = <frappe.utils.backups.BackupGenerator object at 0x10a53efd0>
  File "apps/frappe/frappe/utils/backups.py", line 195, in get_backup
    self.delete_if_step_fails(self.take_dump, self.backup_path_db)
      self = <frappe.utils.backups.BackupGenerator object at 0x10a53efd0>
      older_than = 6
      ignore_files = True
      force = True
      last_db = False
      last_file = False
      last_private_file = False
      site_config_backup_path = False
  File "apps/frappe/frappe/utils/backups.py", line 520, in delete_if_step_fails
    raise e
      self = <frappe.utils.backups.BackupGenerator object at 0x10a53efd0>
      step = <bound method BackupGenerator.take_dump of <frappe.utils.backups.BackupGenerator object at 0x10a53efd0>>
      paths = ('./test-site.local/private/backups/20251118_213002-test-site_local-database.sql.gz',)
      path = './test-site.local/private/backups/20251118_213002-test-site_local-database.sql.gz'
  File "apps/frappe/frappe/utils/backups.py", line 515, in delete_if_step_fails
    step()
      self = <frappe.utils.backups.BackupGenerator object at 0x10a53efd0>
      step = <bound method BackupGenerator.take_dump of <frappe.utils.backups.BackupGenerator object at 0x10a53efd0>>
      paths = ('./test-site.local/private/backups/20251118_213002-test-site_local-database.sql.gz',)
      path = './test-site.local/private/backups/20251118_213002-test-site_local-database.sql.gz'
  File "apps/frappe/frappe/utils/backups.py", line 457, in take_dump
    frappe.throw(
      self = <frappe.utils.backups.BackupGenerator object at 0x10a53efd0>
      shlex = <module 'shlex' from '/opt/homebrew/Cellar/python@3.13/3.13.1/Frameworks/Python.framework/Versions/3.13/lib/python3.13/shlex.py'>
      frappe = <module 'frappe' from 'apps/frappe/frappe/__init__.py'>
      get_app_branch = <function get_app_branch at 0x10a316ac0>
      gzip_exc = '/usr/bin/gzip'
      database_header_content = ['begin frappe metadata', '[frappe]', 'version = 15.87.0', 'branch = version-15', 'end frappe metadata', '']
      generated_header = '-- begin frappe metadata\n-- [frappe]\n-- version = 15.87.0\n-- branch = version-15\n-- end frappe metadata\n-- \n'
      f = <_io.TextIOWrapper name='./test-site.local/private/backups/20251118_213002-test-site_local-database.sql.gz' encoding='UTF-8'>
      cmd = []
      extra = []
      get_command = <function get_command at 0x10a003b00>
      bin = None
      args = ['--user=_537373b7e3047fb7', '--host=127.0.0.1', '--port=3306', '--password=U5hxfjpquKPDmY5A', '--single-transaction', '--quick', '--lock-tables=false', '_537373b7e3047fb7']
      bin_name = 'mariadb-dump'
  File "apps/frappe/frappe/__init__.py", line 609, in throw
    msgprint(
      msg = 'mariadb-dump not found in PATH! This is required to take a backup.'
      exc = <class 'frappe.exceptions.ExecutableNotFound'>
      title = None
      is_minimizable = False
      wide = False
      as_list = False
      primary_action = None
  File "apps/frappe/frappe/__init__.py", line 574, in msgprint
    _raise_exception()
      msg = 'mariadb-dump not found in PATH! This is required to take a backup.'
      title = None
      raise_exception = <class 'frappe.exceptions.ExecutableNotFound'>
      as_table = False
      as_list = False
      indicator = 'red'
      alert = False
      primary_action = None
      is_minimizable = False
      wide = False
      realtime = False
      sys = <module 'sys' (built-in)>
      _raise_exception = <function msgprint.<locals>._raise_exception at 0x10a616980>
      inspect = <module 'inspect' from '/opt/homebrew/Cellar/python@3.13/3.13.1/Frameworks/Python.framework/Versions/3.13/lib/python3.13/inspect.py'>
      out = {'message': 'mariadb-dump not found in PATH! This is required to take a backup.', 'title': 'Message', 'indicator': 'red', 'raise_exception': 1, '__frappe_exc_id': '475d633c83952fc474bae5ddb1621d2334341a2ef2fb84291fec8a97'}
  File "apps/frappe/frappe/__init__.py", line 525, in _raise_exception
    raise exc
      exc = ExecutableNotFound('mariadb-dump not found in PATH! This is required to take a backup.')
      inspect = <module 'inspect' from '/opt/homebrew/Cellar/python@3.13/3.13.1/Frameworks/Python.framework/Versions/3.13/lib/python3.13/inspect.py'>
      msg = 'mariadb-dump not found in PATH! This is required to take a backup.'
      out = {'message': 'mariadb-dump not found in PATH! This is required to take a backup.', 'title': 'Message', 'indicator': 'red', 'raise_exception': 1, '__frappe_exc_id': '475d633c83952fc474bae5ddb1621d2334341a2ef2fb84291fec8a97'}
      raise_exception = <class 'frappe.exceptions.ExecutableNotFound'>
frappe.exceptions.ExecutableNotFound: mariadb-dump not found in PATH! This is required to take a backup.
Backup failed for Site test-site.local. Database or site_config.json may be corrupted
Traceback with variables (most recent call last):
  File "apps/frappe/frappe/commands/site.py", line 845, in backup
    odb = scheduled_backup(
      context = {'sites': ['test-site.local', 'vendor-qc.local'], 'force': False, 'verbose': True, 'profile': False}
      with_files = False
      backup_path = None
      backup_path_db = None
      backup_path_files = None
      backup_path_private_files = None
      backup_path_conf = None
      ignore_backup_conf = False
      verbose = True
      compress = False
      include = ''
      exclude = ''
      old_backup_metadata = False
      scheduled_backup = <function scheduled_backup at 0x10c8afa60>
      exit_code = 0
      rollback_callback = None
      site = 'test-site.local'
  File "apps/frappe/frappe/utils/backups.py", line 568, in scheduled_backup
    return new_backup(
      older_than = 6
      ignore_files = True
      backup_path = None
      backup_path_db = None
      backup_path_files = None
      backup_path_private_files = None
      backup_path_conf = None
      ignore_conf = False
      include_doctypes = ''
      exclude_doctypes = ''
      compress = False
      force = True
      verbose = True
      old_backup_metadata = False
      rollback_callback = <frappe.utils.CallbackManager object at 0x10caffd00>
  File "apps/frappe/frappe/utils/backups.py", line 626, in new_backup
    odb.get_backup(older_than, ignore_files, force=force)
      older_than = 6
      ignore_files = True
      backup_path = None
      backup_path_db = None
      backup_path_files = None
      backup_path_private_files = None
      backup_path_conf = None
      ignore_conf = False
      include_doctypes = ''
      exclude_doctypes = ''
      compress = False
      force = True
      verbose = True
      old_backup_metadata = False
      rollback_callback = <frappe.utils.CallbackManager object at 0x10caffd00>
      odb = <frappe.utils.backups.BackupGenerator object at 0x10caa3230>
  File "apps/frappe/frappe/utils/backups.py", line 195, in get_backup
    self.delete_if_step_fails(self.take_dump, self.backup_path_db)
      self = <frappe.utils.backups.BackupGenerator object at 0x10caa3230>
      older_than = 6
      ignore_files = True
      force = True
      last_db = False
      last_file = False
      last_private_file = False
      site_config_backup_path = False
  File "apps/frappe/frappe/utils/backups.py", line 520, in delete_if_step_fails
    raise e
      self = <frappe.utils.backups.BackupGenerator object at 0x10caa3230>
      step = <bound method BackupGenerator.take_dump of <frappe.utils.backups.BackupGenerator object at 0x10caa3230>>
      paths = ('./test-site.local/private/backups/20251119_033002-test-site_local-database.sql.gz',)
      path = './test-site.local/private/backups/20251119_033002-test-site_local-database.sql.gz'
  File "apps/frappe/frappe/utils/backups.py", line 515, in delete_if_step_fails
    step()
      self = <frappe.utils.backups.BackupGenerator object at 0x10caa3230>
      step = <bound method BackupGenerator.take_dump of <frappe.utils.backups.BackupGenerator object at 0x10caa3230>>
      paths = ('./test-site.local/private/backups/20251119_033002-test-site_local-database.sql.gz',)
      path = './test-site.local/private/backups/20251119_033002-test-site_local-database.sql.gz'
  File "apps/frappe/frappe/utils/backups.py", line 457, in take_dump
    frappe.throw(
      self = <frappe.utils.backups.BackupGenerator object at 0x10caa3230>
      shlex = <module 'shlex' from '/opt/homebrew/Cellar/python@3.13/3.13.1/Frameworks/Python.framework/Versions/3.13/lib/python3.13/shlex.py'>
      frappe = <module 'frappe' from 'apps/frappe/frappe/__init__.py'>
      get_app_branch = <function get_app_branch at 0x10c892ac0>
      gzip_exc = '/usr/bin/gzip'
      database_header_content = ['begin frappe metadata', '[frappe]', 'version = 15.87.0', 'branch = version-15', 'end frappe metadata', '']
      generated_header = '-- begin frappe metadata\n-- [frappe]\n-- version = 15.87.0\n-- branch = version-15\n-- end frappe metadata\n-- \n'
      f = <_io.TextIOWrapper name='./test-site.local/private/backups/20251119_033002-test-site_local-database.sql.gz' encoding='UTF-8'>
      cmd = []
      extra = []
      get_command = <function get_command at 0x10c57fb00>
      bin = None
      args = ['--user=_537373b7e3047fb7', '--host=127.0.0.1', '--port=3306', '--password=U5hxfjpquKPDmY5A', '--single-transaction', '--quick', '--lock-tables=false', '_537373b7e3047fb7']
      bin_name = 'mariadb-dump'
  File "apps/frappe/frappe/__init__.py", line 609, in throw
    msgprint(
      msg = 'mariadb-dump not found in PATH! This is required to take a backup.'
      exc = <class 'frappe.exceptions.ExecutableNotFound'>
      title = None
      is_minimizable = False
      wide = False
      as_list = False
      primary_action = None
  File "apps/frappe/frappe/__init__.py", line 574, in msgprint
    _raise_exception()
      msg = 'mariadb-dump not found in PATH! This is required to take a backup.'
      title = None
      raise_exception = <class 'frappe.exceptions.ExecutableNotFound'>
      as_table = False
      as_list = False
      indicator = 'red'
      alert = False
      primary_action = None
      is_minimizable = False
      wide = False
      realtime = False
      sys = <module 'sys' (built-in)>
      _raise_exception = <function msgprint.<locals>._raise_exception at 0x10a79dda0>
      inspect = <module 'inspect' from '/opt/homebrew/Cellar/python@3.13/3.13.1/Frameworks/Python.framework/Versions/3.13/lib/python3.13/inspect.py'>
      out = {'message': 'mariadb-dump not found in PATH! This is required to take a backup.', 'title': 'Message', 'indicator': 'red', 'raise_exception': 1, '__frappe_exc_id': '9fcdb1b57c9d545ae6dc8a9bede63b2a6036e7e2a0641b6d47e3b04c'}
  File "apps/frappe/frappe/__init__.py", line 525, in _raise_exception
    raise exc
      exc = ExecutableNotFound('mariadb-dump not found in PATH! This is required to take a backup.')
      inspect = <module 'inspect' from '/opt/homebrew/Cellar/python@3.13/3.13.1/Frameworks/Python.framework/Versions/3.13/lib/python3.13/inspect.py'>
      msg = 'mariadb-dump not found in PATH! This is required to take a backup.'
      out = {'message': 'mariadb-dump not found in PATH! This is required to take a backup.', 'title': 'Message', 'indicator': 'red', 'raise_exception': 1, '__frappe_exc_id': '9fcdb1b57c9d545ae6dc8a9bede63b2a6036e7e2a0641b6d47e3b04c'}
      raise_exception = <class 'frappe.exceptions.ExecutableNotFound'>
frappe.exceptions.ExecutableNotFound: mariadb-dump not found in PATH! This is required to take a backup.
Backup failed for Site vendor-qc.local. Database or site_config.json may be corrupted
Traceback with variables (most recent call last):
  File "apps/frappe/frappe/commands/site.py", line 845, in backup
    odb = scheduled_backup(
      context = {'sites': ['test-site.local', 'vendor-qc.local'], 'force': False, 'verbose': True, 'profile': False}
      with_files = False
      backup_path = None
      backup_path_db = None
      backup_path_files = None
      backup_path_private_files = None
      backup_path_conf = None
      ignore_backup_conf = False
      verbose = True
      compress = False
      include = ''
      exclude = ''
      old_backup_metadata = False
      scheduled_backup = <function scheduled_backup at 0x10c8afa60>
      exit_code = 1
      rollback_callback = None
      site = 'vendor-qc.local'
  File "apps/frappe/frappe/utils/backups.py", line 568, in scheduled_backup
    return new_backup(
      older_than = 6
      ignore_files = True
      backup_path = None
      backup_path_db = None
      backup_path_files = None
      backup_path_private_files = None
      backup_path_conf = None
      ignore_conf = False
      include_doctypes = ''
      exclude_doctypes = ''
      compress = False
      force = True
      verbose = True
      old_backup_metadata = False
      rollback_callback = <frappe.utils.CallbackManager object at 0x10cb33fd0>
  File "apps/frappe/frappe/utils/backups.py", line 626, in new_backup
    odb.get_backup(older_than, ignore_files, force=force)
      older_than = 6
      ignore_files = True
      backup_path = None
      backup_path_db = None
      backup_path_files = None
      backup_path_private_files = None
      backup_path_conf = None
      ignore_conf = False
      include_doctypes = ''
      exclude_doctypes = ''
      compress = False
      force = True
      verbose = True
      old_backup_metadata = False
      rollback_callback = <frappe.utils.CallbackManager object at 0x10cb33fd0>
      odb = <frappe.utils.backups.BackupGenerator object at 0x10cabafd0>
  File "apps/frappe/frappe/utils/backups.py", line 195, in get_backup
    self.delete_if_step_fails(self.take_dump, self.backup_path_db)
      self = <frappe.utils.backups.BackupGenerator object at 0x10cabafd0>
      older_than = 6
      ignore_files = True
      force = True
      last_db = False
      last_file = False
      last_private_file = False
      site_config_backup_path = False
  File "apps/frappe/frappe/utils/backups.py", line 520, in delete_if_step_fails
    raise e
      self = <frappe.utils.backups.BackupGenerator object at 0x10cabafd0>
      step = <bound method BackupGenerator.take_dump of <frappe.utils.backups.BackupGenerator object at 0x10cabafd0>>
      paths = ('./test-site.local/private/backups/20251119_033002-test-site_local-database.sql.gz',)
      path = './test-site.local/private/backups/20251119_033002-test-site_local-database.sql.gz'
  File "apps/frappe/frappe/utils/backups.py", line 515, in delete_if_step_fails
    step()
      self = <frappe.utils.backups.BackupGenerator object at 0x10cabafd0>
      step = <bound method BackupGenerator.take_dump of <frappe.utils.backups.BackupGenerator object at 0x10cabafd0>>
      paths = ('./test-site.local/private/backups/20251119_033002-test-site_local-database.sql.gz',)
      path = './test-site.local/private/backups/20251119_033002-test-site_local-database.sql.gz'
  File "apps/frappe/frappe/utils/backups.py", line 457, in take_dump
    frappe.throw(
      self = <frappe.utils.backups.BackupGenerator object at 0x10cabafd0>
      shlex = <module 'shlex' from '/opt/homebrew/Cellar/python@3.13/3.13.1/Frameworks/Python.framework/Versions/3.13/lib/python3.13/shlex.py'>
      frappe = <module 'frappe' from 'apps/frappe/frappe/__init__.py'>
      get_app_branch = <function get_app_branch at 0x10c892ac0>
      gzip_exc = '/usr/bin/gzip'
      database_header_content = ['begin frappe metadata', '[frappe]', 'version = 15.87.0', 'branch = version-15', 'end frappe metadata', '']
      generated_header = '-- begin frappe metadata\n-- [frappe]\n-- version = 15.87.0\n-- branch = version-15\n-- end frappe metadata\n-- \n'
      f = <_io.TextIOWrapper name='./test-site.local/private/backups/20251119_033002-test-site_local-database.sql.gz' encoding='UTF-8'>
      cmd = []
      extra = []
      get_command = <function get_command at 0x10c57fb00>
      bin = None
      args = ['--user=_537373b7e3047fb7', '--host=127.0.0.1', '--port=3306', '--password=U5hxfjpquKPDmY5A', '--single-transaction', '--quick', '--lock-tables=false', '_537373b7e3047fb7']
      bin_name = 'mariadb-dump'
  File "apps/frappe/frappe/__init__.py", line 609, in throw
    msgprint(
      msg = 'mariadb-dump not found in PATH! This is required to take a backup.'
      exc = <class 'frappe.exceptions.ExecutableNotFound'>
      title = None
      is_minimizable = False
      wide = False
      as_list = False
      primary_action = None
  File "apps/frappe/frappe/__init__.py", line 574, in msgprint
    _raise_exception()
      msg = 'mariadb-dump not found in PATH! This is required to take a backup.'
      title = None
      raise_exception = <class 'frappe.exceptions.ExecutableNotFound'>
      as_table = False
      as_list = False
      indicator = 'red'
      alert = False
      primary_action = None
      is_minimizable = False
      wide = False
      realtime = False
      sys = <module 'sys' (built-in)>
      _raise_exception = <function msgprint.<locals>._raise_exception at 0x10cb92980>
      inspect = <module 'inspect' from '/opt/homebrew/Cellar/python@3.13/3.13.1/Frameworks/Python.framework/Versions/3.13/lib/python3.13/inspect.py'>
      out = {'message': 'mariadb-dump not found in PATH! This is required to take a backup.', 'title': 'Message', 'indicator': 'red', 'raise_exception': 1, '__frappe_exc_id': 'd571a039128a5f58fdd21364e580ad6f4095049656f4e381045b8e0f'}
  File "apps/frappe/frappe/__init__.py", line 525, in _raise_exception
    raise exc
      exc = ExecutableNotFound('mariadb-dump not found in PATH! This is required to take a backup.')
      inspect = <module 'inspect' from '/opt/homebrew/Cellar/python@3.13/3.13.1/Frameworks/Python.framework/Versions/3.13/lib/python3.13/inspect.py'>
      msg = 'mariadb-dump not found in PATH! This is required to take a backup.'
      out = {'message': 'mariadb-dump not found in PATH! This is required to take a backup.', 'title': 'Message', 'indicator': 'red', 'raise_exception': 1, '__frappe_exc_id': 'd571a039128a5f58fdd21364e580ad6f4095049656f4e381045b8e0f'}
      raise_exception = <class 'frappe.exceptions.ExecutableNotFound'>
frappe.exceptions.ExecutableNotFound: mariadb-dump not found in PATH! This is required to take a backup.
Backup failed for Site test-site.local. Database or site_config.json may be corrupted
Traceback with variables (most recent call last):
  File "apps/frappe/frappe/commands/site.py", line 845, in backup
    odb = scheduled_backup(
      context = {'sites': ['test-site.local', 'vendor-qc.local'], 'force': False, 'verbose': True, 'profile': False}
      with_files = False
      backup_path = None
      backup_path_db = None
      backup_path_files = None
      backup_path_private_files = None
      backup_path_conf = None
      ignore_backup_conf = False
      verbose = True
      compress = False
      include = ''
      exclude = ''
      old_backup_metadata = False
      scheduled_backup = <function scheduled_backup at 0x10a42fa60>
      exit_code = 0
      rollback_callback = None
      site = 'test-site.local'
  File "apps/frappe/frappe/utils/backups.py", line 568, in scheduled_backup
    return new_backup(
      older_than = 6
      ignore_files = True
      backup_path = None
      backup_path_db = None
      backup_path_files = None
      backup_path_private_files = None
      backup_path_conf = None
      ignore_conf = False
      include_doctypes = ''
      exclude_doctypes = ''
      compress = False
      force = True
      verbose = True
      old_backup_metadata = False
      rollback_callback = <frappe.utils.CallbackManager object at 0x10a617c40>
  File "apps/frappe/frappe/utils/backups.py", line 626, in new_backup
    odb.get_backup(older_than, ignore_files, force=force)
      older_than = 6
      ignore_files = True
      backup_path = None
      backup_path_db = None
      backup_path_files = None
      backup_path_private_files = None
      backup_path_conf = None
      ignore_conf = False
      include_doctypes = ''
      exclude_doctypes = ''
      compress = False
      force = True
      verbose = True
      old_backup_metadata = False
      rollback_callback = <frappe.utils.CallbackManager object at 0x10a617c40>
      odb = <frappe.utils.backups.BackupGenerator object at 0x10a5bb230>
  File "apps/frappe/frappe/utils/backups.py", line 195, in get_backup
    self.delete_if_step_fails(self.take_dump, self.backup_path_db)
      self = <frappe.utils.backups.BackupGenerator object at 0x10a5bb230>
      older_than = 6
      ignore_files = True
      force = True
      last_db = False
      last_file = False
      last_private_file = False
      site_config_backup_path = False
  File "apps/frappe/frappe/utils/backups.py", line 520, in delete_if_step_fails
    raise e
      self = <frappe.utils.backups.BackupGenerator object at 0x10a5bb230>
      step = <bound method BackupGenerator.take_dump of <frappe.utils.backups.BackupGenerator object at 0x10a5bb230>>
      paths = ('./test-site.local/private/backups/20251120_093003-test-site_local-database.sql.gz',)
      path = './test-site.local/private/backups/20251120_093003-test-site_local-database.sql.gz'
  File "apps/frappe/frappe/utils/backups.py", line 515, in delete_if_step_fails
    step()
      self = <frappe.utils.backups.BackupGenerator object at 0x10a5bb230>
      step = <bound method BackupGenerator.take_dump of <frappe.utils.backups.BackupGenerator object at 0x10a5bb230>>
      paths = ('./test-site.local/private/backups/20251120_093003-test-site_local-database.sql.gz',)
      path = './test-site.local/private/backups/20251120_093003-test-site_local-database.sql.gz'
  File "apps/frappe/frappe/utils/backups.py", line 457, in take_dump
    frappe.throw(
      self = <frappe.utils.backups.BackupGenerator object at 0x10a5bb230>
      shlex = <module 'shlex' from '/opt/homebrew/Cellar/python@3.13/3.13.1/Frameworks/Python.framework/Versions/3.13/lib/python3.13/shlex.py'>
      frappe = <module 'frappe' from 'apps/frappe/frappe/__init__.py'>
      get_app_branch = <function get_app_branch at 0x10a412ac0>
      gzip_exc = '/usr/bin/gzip'
      database_header_content = ['begin frappe metadata', '[frappe]', 'version = 15.87.0', 'branch = version-15', 'end frappe metadata', '']
      generated_header = '-- begin frappe metadata\n-- [frappe]\n-- version = 15.87.0\n-- branch = version-15\n-- end frappe metadata\n-- \n'
      f = <_io.TextIOWrapper name='./test-site.local/private/backups/20251120_093003-test-site_local-database.sql.gz' encoding='UTF-8'>
      cmd = []
      extra = []
      get_command = <function get_command at 0x10a047b00>
      bin = None
      args = ['--user=_537373b7e3047fb7', '--host=127.0.0.1', '--port=3306', '--password=U5hxfjpquKPDmY5A', '--single-transaction', '--quick', '--lock-tables=false', '_537373b7e3047fb7']
      bin_name = 'mariadb-dump'
  File "apps/frappe/frappe/__init__.py", line 609, in throw
    msgprint(
      msg = 'mariadb-dump not found in PATH! This is required to take a backup.'
      exc = <class 'frappe.exceptions.ExecutableNotFound'>
      title = None
      is_minimizable = False
      wide = False
      as_list = False
      primary_action = None
  File "apps/frappe/frappe/__init__.py", line 574, in msgprint
    _raise_exception()
      msg = 'mariadb-dump not found in PATH! This is required to take a backup.'
      title = None
      raise_exception = <class 'frappe.exceptions.ExecutableNotFound'>
      as_table = False
      as_list = False
      indicator = 'red'
      alert = False
      primary_action = None
      is_minimizable = False
      wide = False
      realtime = False
      sys = <module 'sys' (built-in)>
      _raise_exception = <function msgprint.<locals>._raise_exception at 0x108265da0>
      inspect = <module 'inspect' from '/opt/homebrew/Cellar/python@3.13/3.13.1/Frameworks/Python.framework/Versions/3.13/lib/python3.13/inspect.py'>
      out = {'message': 'mariadb-dump not found in PATH! This is required to take a backup.', 'title': 'Message', 'indicator': 'red', 'raise_exception': 1, '__frappe_exc_id': '1590b4af0e729283d342ac2e0ac03b7a075fe125603b5db20fc49ea7'}
  File "apps/frappe/frappe/__init__.py", line 525, in _raise_exception
    raise exc
      exc = ExecutableNotFound('mariadb-dump not found in PATH! This is required to take a backup.')
      inspect = <module 'inspect' from '/opt/homebrew/Cellar/python@3.13/3.13.1/Frameworks/Python.framework/Versions/3.13/lib/python3.13/inspect.py'>
      msg = 'mariadb-dump not found in PATH! This is required to take a backup.'
      out = {'message': 'mariadb-dump not found in PATH! This is required to take a backup.', 'title': 'Message', 'indicator': 'red', 'raise_exception': 1, '__frappe_exc_id': '1590b4af0e729283d342ac2e0ac03b7a075fe125603b5db20fc49ea7'}
      raise_exception = <class 'frappe.exceptions.ExecutableNotFound'>
frappe.exceptions.ExecutableNotFound: mariadb-dump not found in PATH! This is required to take a backup.
Backup failed for Site vendor-qc.local. Database or site_config.json may be corrupted
Traceback with variables (most recent call last):
  File "apps/frappe/frappe/commands/site.py", line 845, in backup
    odb = scheduled_backup(
      context = {'sites': ['test-site.local', 'vendor-qc.local'], 'force': False, 'verbose': True, 'profile': False}
      with_files = False
      backup_path = None
      backup_path_db = None
      backup_path_files = None
      backup_path_private_files = None
      backup_path_conf = None
      ignore_backup_conf = False
      verbose = True
      compress = False
      include = ''
      exclude = ''
      old_backup_metadata = False
      scheduled_backup = <function scheduled_backup at 0x10a42fa60>
      exit_code = 1
      rollback_callback = None
      site = 'vendor-qc.local'
  File "apps/frappe/frappe/utils/backups.py", line 568, in scheduled_backup
    return new_backup(
      older_than = 6
      ignore_files = True
      backup_path = None
      backup_path_db = None
      backup_path_files = None
      backup_path_private_files = None
      backup_path_conf = None
      ignore_conf = False
      include_doctypes = ''
      exclude_doctypes = ''
      compress = False
      force = True
      verbose = True
      old_backup_metadata = False
      rollback_callback = <frappe.utils.CallbackManager object at 0x10a64bfd0>
  File "apps/frappe/frappe/utils/backups.py", line 626, in new_backup
    odb.get_backup(older_than, ignore_files, force=force)
      older_than = 6
      ignore_files = True
      backup_path = None
      backup_path_db = None
      backup_path_files = None
      backup_path_private_files = None
      backup_path_conf = None
      ignore_conf = False
      include_doctypes = ''
      exclude_doctypes = ''
      compress = False
      force = True
      verbose = True
      old_backup_metadata = False
      rollback_callback = <frappe.utils.CallbackManager object at 0x10a64bfd0>
      odb = <frappe.utils.backups.BackupGenerator object at 0x10a5d2fd0>
  File "apps/frappe/frappe/utils/backups.py", line 195, in get_backup
    self.delete_if_step_fails(self.take_dump, self.backup_path_db)
      self = <frappe.utils.backups.BackupGenerator object at 0x10a5d2fd0>
      older_than = 6
      ignore_files = True
      force = True
      last_db = False
      last_file = False
      last_private_file = False
      site_config_backup_path = False
  File "apps/frappe/frappe/utils/backups.py", line 520, in delete_if_step_fails
    raise e
      self = <frappe.utils.backups.BackupGenerator object at 0x10a5d2fd0>
      step = <bound method BackupGenerator.take_dump of <frappe.utils.backups.BackupGenerator object at 0x10a5d2fd0>>
      paths = ('./test-site.local/private/backups/20251120_093003-test-site_local-database.sql.gz',)
      path = './test-site.local/private/backups/20251120_093003-test-site_local-database.sql.gz'
  File "apps/frappe/frappe/utils/backups.py", line 515, in delete_if_step_fails
    step()
      self = <frappe.utils.backups.BackupGenerator object at 0x10a5d2fd0>
      step = <bound method BackupGenerator.take_dump of <frappe.utils.backups.BackupGenerator object at 0x10a5d2fd0>>
      paths = ('./test-site.local/private/backups/20251120_093003-test-site_local-database.sql.gz',)
      path = './test-site.local/private/backups/20251120_093003-test-site_local-database.sql.gz'
  File "apps/frappe/frappe/utils/backups.py", line 457, in take_dump
    frappe.throw(
      self = <frappe.utils.backups.BackupGenerator object at 0x10a5d2fd0>
      shlex = <module 'shlex' from '/opt/homebrew/Cellar/python@3.13/3.13.1/Frameworks/Python.framework/Versions/3.13/lib/python3.13/shlex.py'>
      frappe = <module 'frappe' from 'apps/frappe/frappe/__init__.py'>
      get_app_branch = <function get_app_branch at 0x10a412ac0>
      gzip_exc = '/usr/bin/gzip'
      database_header_content = ['begin frappe metadata', '[frappe]', 'version = 15.87.0', 'branch = version-15', 'end frappe metadata', '']
      generated_header = '-- begin frappe metadata\n-- [frappe]\n-- version = 15.87.0\n-- branch = version-15\n-- end frappe metadata\n-- \n'
      f = <_io.TextIOWrapper name='./test-site.local/private/backups/20251120_093003-test-site_local-database.sql.gz' encoding='UTF-8'>
      cmd = []
      extra = []
      get_command = <function get_command at 0x10a047b00>
      bin = None
      args = ['--user=_537373b7e3047fb7', '--host=127.0.0.1', '--port=3306', '--password=U5hxfjpquKPDmY5A', '--single-transaction', '--quick', '--lock-tables=false', '_537373b7e3047fb7']
      bin_name = 'mariadb-dump'
  File "apps/frappe/frappe/__init__.py", line 609, in throw
    msgprint(
      msg = 'mariadb-dump not found in PATH! This is required to take a backup.'
      exc = <class 'frappe.exceptions.ExecutableNotFound'>
      title = None
      is_minimizable = False
      wide = False
      as_list = False
      primary_action = None
  File "apps/frappe/frappe/__init__.py", line 574, in msgprint
    _raise_exception()
      msg = 'mariadb-dump not found in PATH! This is required to take a backup.'
      title = None
      raise_exception = <class 'frappe.exceptions.ExecutableNotFound'>
      as_table = False
      as_list = False
      indicator = 'red'
      alert = False
      primary_action = None
      is_minimizable = False
      wide = False
      realtime = False
      sys = <module 'sys' (built-in)>
      _raise_exception = <function msgprint.<locals>._raise_exception at 0x10a6aa980>
      inspect = <module 'inspect' from '/opt/homebrew/Cellar/python@3.13/3.13.1/Frameworks/Python.framework/Versions/3.13/lib/python3.13/inspect.py'>
      out = {'message': 'mariadb-dump not found in PATH! This is required to take a backup.', 'title': 'Message', 'indicator': 'red', 'raise_exception': 1, '__frappe_exc_id': '8ed11c5d7c6f9a324ac6bc136b9c33aff3b84f95a5720d29347fe411'}
  File "apps/frappe/frappe/__init__.py", line 525, in _raise_exception
    raise exc
      exc = ExecutableNotFound('mariadb-dump not found in PATH! This is required to take a backup.')
      inspect = <module 'inspect' from '/opt/homebrew/Cellar/python@3.13/3.13.1/Frameworks/Python.framework/Versions/3.13/lib/python3.13/inspect.py'>
      msg = 'mariadb-dump not found in PATH! This is required to take a backup.'
      out = {'message': 'mariadb-dump not found in PATH! This is required to take a backup.', 'title': 'Message', 'indicator': 'red', 'raise_exception': 1, '__frappe_exc_id': '8ed11c5d7c6f9a324ac6bc136b9c33aff3b84f95a5720d29347fe411'}
      raise_exception = <class 'frappe.exceptions.ExecutableNotFound'>
frappe.exceptions.ExecutableNotFound: mariadb-dump not found in PATH! This is required to take a backup.
Backup failed for Site test-site.local. Database or site_config.json may be corrupted
Traceback with variables (most recent call last):
  File "apps/frappe/frappe/commands/site.py", line 845, in backup
    odb = scheduled_backup(
      context = {'sites': ['test-site.local', 'vendor-qc.local'], 'force': False, 'verbose': True, 'profile': False}
      with_files = False
      backup_path = None
      backup_path_db = None
      backup_path_files = None
      backup_path_private_files = None
      backup_path_conf = None
      ignore_backup_conf = False
      verbose = True
      compress = False
      include = ''
      exclude = ''
      old_backup_metadata = False
      scheduled_backup = <function scheduled_backup at 0x1088d7a60>
      exit_code = 0
      rollback_callback = None
      site = 'test-site.local'
  File "apps/frappe/frappe/utils/backups.py", line 568, in scheduled_backup
    return new_backup(
      older_than = 6
      ignore_files = True
      backup_path = None
      backup_path_db = None
      backup_path_files = None
      backup_path_private_files = None
      backup_path_conf = None
      ignore_conf = False
      include_doctypes = ''
      exclude_doctypes = ''
      compress = False
      force = True
      verbose = True
      old_backup_metadata = False
      rollback_callback = <frappe.utils.CallbackManager object at 0x108abff70>
  File "apps/frappe/frappe/utils/backups.py", line 626, in new_backup
    odb.get_backup(older_than, ignore_files, force=force)
      older_than = 6
      ignore_files = True
      backup_path = None
      backup_path_db = None
      backup_path_files = None
      backup_path_private_files = None
      backup_path_conf = None
      ignore_conf = False
      include_doctypes = ''
      exclude_doctypes = ''
      compress = False
      force = True
      verbose = True
      old_backup_metadata = False
      rollback_callback = <frappe.utils.CallbackManager object at 0x108abff70>
      odb = <frappe.utils.backups.BackupGenerator object at 0x108a63230>
  File "apps/frappe/frappe/utils/backups.py", line 195, in get_backup
    self.delete_if_step_fails(self.take_dump, self.backup_path_db)
      self = <frappe.utils.backups.BackupGenerator object at 0x108a63230>
      older_than = 6
      ignore_files = True
      force = True
      last_db = False
      last_file = False
      last_private_file = False
      site_config_backup_path = False
  File "apps/frappe/frappe/utils/backups.py", line 520, in delete_if_step_fails
    raise e
      self = <frappe.utils.backups.BackupGenerator object at 0x108a63230>
      step = <bound method BackupGenerator.take_dump of <frappe.utils.backups.BackupGenerator object at 0x108a63230>>
      paths = ('./test-site.local/private/backups/20251120_213003-test-site_local-database.sql.gz',)
      path = './test-site.local/private/backups/20251120_213003-test-site_local-database.sql.gz'
  File "apps/frappe/frappe/utils/backups.py", line 515, in delete_if_step_fails
    step()
      self = <frappe.utils.backups.BackupGenerator object at 0x108a63230>
      step = <bound method BackupGenerator.take_dump of <frappe.utils.backups.BackupGenerator object at 0x108a63230>>
      paths = ('./test-site.local/private/backups/20251120_213003-test-site_local-database.sql.gz',)
      path = './test-site.local/private/backups/20251120_213003-test-site_local-database.sql.gz'
  File "apps/frappe/frappe/utils/backups.py", line 457, in take_dump
    frappe.throw(
      self = <frappe.utils.backups.BackupGenerator object at 0x108a63230>
      shlex = <module 'shlex' from '/opt/homebrew/Cellar/python@3.13/3.13.1/Frameworks/Python.framework/Versions/3.13/lib/python3.13/shlex.py'>
      frappe = <module 'frappe' from 'apps/frappe/frappe/__init__.py'>
      get_app_branch = <function get_app_branch at 0x1088baac0>
      gzip_exc = '/usr/bin/gzip'
      database_header_content = ['begin frappe metadata', '[frappe]', 'version = 15.87.0', 'branch = version-15', 'end frappe metadata', '']
      generated_header = '-- begin frappe metadata\n-- [frappe]\n-- version = 15.87.0\n-- branch = version-15\n-- end frappe metadata\n-- \n'
      f = <_io.TextIOWrapper name='./test-site.local/private/backups/20251120_213003-test-site_local-database.sql.gz' encoding='UTF-8'>
      cmd = []
      extra = []
      get_command = <function get_command at 0x108567b00>
      bin = None
      args = ['--user=_537373b7e3047fb7', '--host=127.0.0.1', '--port=3306', '--password=U5hxfjpquKPDmY5A', '--single-transaction', '--quick', '--lock-tables=false', '_537373b7e3047fb7']
      bin_name = 'mariadb-dump'
  File "apps/frappe/frappe/__init__.py", line 609, in throw
    msgprint(
      msg = 'mariadb-dump not found in PATH! This is required to take a backup.'
      exc = <class 'frappe.exceptions.ExecutableNotFound'>
      title = None
      is_minimizable = False
      wide = False
      as_list = False
      primary_action = None
  File "apps/frappe/frappe/__init__.py", line 574, in msgprint
    _raise_exception()
      msg = 'mariadb-dump not found in PATH! This is required to take a backup.'
      title = None
      raise_exception = <class 'frappe.exceptions.ExecutableNotFound'>
      as_table = False
      as_list = False
      indicator = 'red'
      alert = False
      primary_action = None
      is_minimizable = False
      wide = False
      realtime = False
      sys = <module 'sys' (built-in)>
      _raise_exception = <function msgprint.<locals>._raise_exception at 0x106739da0>
      inspect = <module 'inspect' from '/opt/homebrew/Cellar/python@3.13/3.13.1/Frameworks/Python.framework/Versions/3.13/lib/python3.13/inspect.py'>
      out = {'message': 'mariadb-dump not found in PATH! This is required to take a backup.', 'title': 'Message', 'indicator': 'red', 'raise_exception': 1, '__frappe_exc_id': 'cb2c559a8977ceba3c0dd41d492c7a0ff1a61dc26ff9cef0795ddfdd'}
  File "apps/frappe/frappe/__init__.py", line 525, in _raise_exception
    raise exc
      exc = ExecutableNotFound('mariadb-dump not found in PATH! This is required to take a backup.')
      inspect = <module 'inspect' from '/opt/homebrew/Cellar/python@3.13/3.13.1/Frameworks/Python.framework/Versions/3.13/lib/python3.13/inspect.py'>
      msg = 'mariadb-dump not found in PATH! This is required to take a backup.'
      out = {'message': 'mariadb-dump not found in PATH! This is required to take a backup.', 'title': 'Message', 'indicator': 'red', 'raise_exception': 1, '__frappe_exc_id': 'cb2c559a8977ceba3c0dd41d492c7a0ff1a61dc26ff9cef0795ddfdd'}
      raise_exception = <class 'frappe.exceptions.ExecutableNotFound'>
frappe.exceptions.ExecutableNotFound: mariadb-dump not found in PATH! This is required to take a backup.
Backup failed for Site vendor-qc.local. Database or site_config.json may be corrupted
Traceback with variables (most recent call last):
  File "apps/frappe/frappe/commands/site.py", line 845, in backup
    odb = scheduled_backup(
      context = {'sites': ['test-site.local', 'vendor-qc.local'], 'force': False, 'verbose': True, 'profile': False}
      with_files = False
      backup_path = None
      backup_path_db = None
      backup_path_files = None
      backup_path_private_files = None
      backup_path_conf = None
      ignore_backup_conf = False
      verbose = True
      compress = False
      include = ''
      exclude = ''
      old_backup_metadata = False
      scheduled_backup = <function scheduled_backup at 0x1088d7a60>
      exit_code = 1
      rollback_callback = None
      site = 'vendor-qc.local'
  File "apps/frappe/frappe/utils/backups.py", line 568, in scheduled_backup
    return new_backup(
      older_than = 6
      ignore_files = True
      backup_path = None
      backup_path_db = None
      backup_path_files = None
      backup_path_private_files = None
      backup_path_conf = None
      ignore_conf = False
      include_doctypes = ''
      exclude_doctypes = ''
      compress = False
      force = True
      verbose = True
      old_backup_metadata = False
      rollback_callback = <frappe.utils.CallbackManager object at 0x108a5d9f0>
  File "apps/frappe/frappe/utils/backups.py", line 626, in new_backup
    odb.get_backup(older_than, ignore_files, force=force)
      older_than = 6
      ignore_files = True
      backup_path = None
      backup_path_db = None
      backup_path_files = None
      backup_path_private_files = None
      backup_path_conf = None
      ignore_conf = False
      include_doctypes = ''
      exclude_doctypes = ''
      compress = False
      force = True
      verbose = True
      old_backup_metadata = False
      rollback_callback = <frappe.utils.CallbackManager object at 0x108a5d9f0>
      odb = <frappe.utils.backups.BackupGenerator object at 0x108a7afd0>
  File "apps/frappe/frappe/utils/backups.py", line 195, in get_backup
    self.delete_if_step_fails(self.take_dump, self.backup_path_db)
      self = <frappe.utils.backups.BackupGenerator object at 0x108a7afd0>
      older_than = 6
      ignore_files = True
      force = True
      last_db = False
      last_file = False
      last_private_file = False
      site_config_backup_path = False
  File "apps/frappe/frappe/utils/backups.py", line 520, in delete_if_step_fails
    raise e
      self = <frappe.utils.backups.BackupGenerator object at 0x108a7afd0>
      step = <bound method BackupGenerator.take_dump of <frappe.utils.backups.BackupGenerator object at 0x108a7afd0>>
      paths = ('./test-site.local/private/backups/20251120_213003-test-site_local-database.sql.gz',)
      path = './test-site.local/private/backups/20251120_213003-test-site_local-database.sql.gz'
  File "apps/frappe/frappe/utils/backups.py", line 515, in delete_if_step_fails
    step()
      self = <frappe.utils.backups.BackupGenerator object at 0x108a7afd0>
      step = <bound method BackupGenerator.take_dump of <frappe.utils.backups.BackupGenerator object at 0x108a7afd0>>
      paths = ('./test-site.local/private/backups/20251120_213003-test-site_local-database.sql.gz',)
      path = './test-site.local/private/backups/20251120_213003-test-site_local-database.sql.gz'
  File "apps/frappe/frappe/utils/backups.py", line 457, in take_dump
    frappe.throw(
      self = <frappe.utils.backups.BackupGenerator object at 0x108a7afd0>
      shlex = <module 'shlex' from '/opt/homebrew/Cellar/python@3.13/3.13.1/Frameworks/Python.framework/Versions/3.13/lib/python3.13/shlex.py'>
      frappe = <module 'frappe' from 'apps/frappe/frappe/__init__.py'>
      get_app_branch = <function get_app_branch at 0x1088baac0>
      gzip_exc = '/usr/bin/gzip'
      database_header_content = ['begin frappe metadata', '[frappe]', 'version = 15.87.0', 'branch = version-15', 'end frappe metadata', '']
      generated_header = '-- begin frappe metadata\n-- [frappe]\n-- version = 15.87.0\n-- branch = version-15\n-- end frappe metadata\n-- \n'
      f = <_io.TextIOWrapper name='./test-site.local/private/backups/20251120_213003-test-site_local-database.sql.gz' encoding='UTF-8'>
      cmd = []
      extra = []
      get_command = <function get_command at 0x108567b00>
      bin = None
      args = ['--user=_537373b7e3047fb7', '--host=127.0.0.1', '--port=3306', '--password=U5hxfjpquKPDmY5A', '--single-transaction', '--quick', '--lock-tables=false', '_537373b7e3047fb7']
      bin_name = 'mariadb-dump'
  File "apps/frappe/frappe/__init__.py", line 609, in throw
    msgprint(
      msg = 'mariadb-dump not found in PATH! This is required to take a backup.'
      exc = <class 'frappe.exceptions.ExecutableNotFound'>
      title = None
      is_minimizable = False
      wide = False
      as_list = False
      primary_action = None
  File "apps/frappe/frappe/__init__.py", line 574, in msgprint
    _raise_exception()
      msg = 'mariadb-dump not found in PATH! This is required to take a backup.'
      title = None
      raise_exception = <class 'frappe.exceptions.ExecutableNotFound'>
      as_table = False
      as_list = False
      indicator = 'red'
      alert = False
      primary_action = None
      is_minimizable = False
      wide = False
      realtime = False
      sys = <module 'sys' (built-in)>
      _raise_exception = <function msgprint.<locals>._raise_exception at 0x108b52980>
      inspect = <module 'inspect' from '/opt/homebrew/Cellar/python@3.13/3.13.1/Frameworks/Python.framework/Versions/3.13/lib/python3.13/inspect.py'>
      out = {'message': 'mariadb-dump not found in PATH! This is required to take a backup.', 'title': 'Message', 'indicator': 'red', 'raise_exception': 1, '__frappe_exc_id': 'f39300ca4f885861515a7cd11395682b9fc9e3b570d22e2470441249'}
  File "apps/frappe/frappe/__init__.py", line 525, in _raise_exception
    raise exc
      exc = ExecutableNotFound('mariadb-dump not found in PATH! This is required to take a backup.')
      inspect = <module 'inspect' from '/opt/homebrew/Cellar/python@3.13/3.13.1/Frameworks/Python.framework/Versions/3.13/lib/python3.13/inspect.py'>
      msg = 'mariadb-dump not found in PATH! This is required to take a backup.'
      out = {'message': 'mariadb-dump not found in PATH! This is required to take a backup.', 'title': 'Message', 'indicator': 'red', 'raise_exception': 1, '__frappe_exc_id': 'f39300ca4f885861515a7cd11395682b9fc9e3b570d22e2470441249'}
      raise_exception = <class 'frappe.exceptions.ExecutableNotFound'>
frappe.exceptions.ExecutableNotFound: mariadb-dump not found in PATH! This is required to take a backup.
Backup failed for Site test-site.local. Database or site_config.json may be corrupted
Traceback with variables (most recent call last):
  File "apps/frappe/frappe/commands/site.py", line 845, in backup
    odb = scheduled_backup(
      context = {'sites': ['test-site.local', 'vendor-qc.local'], 'force': False, 'verbose': True, 'profile': False}
      with_files = False
      backup_path = None
      backup_path_db = None
      backup_path_files = None
      backup_path_private_files = None
      backup_path_conf = None
      ignore_backup_conf = False
      verbose = True
      compress = False
      include = ''
      exclude = ''
      old_backup_metadata = False
      scheduled_backup = <function scheduled_backup at 0x10bd93a60>
      exit_code = 0
      rollback_callback = None
      site = 'test-site.local'
  File "apps/frappe/frappe/utils/backups.py", line 568, in scheduled_backup
    return new_backup(
      older_than = 6
      ignore_files = True
      backup_path = None
      backup_path_db = None
      backup_path_files = None
      backup_path_private_files = None
      backup_path_conf = None
      ignore_conf = False
      include_doctypes = ''
      exclude_doctypes = ''
      compress = False
      force = True
      verbose = True
      old_backup_metadata = False
      rollback_callback = <frappe.utils.CallbackManager object at 0x10bfe3ca0>
  File "apps/frappe/frappe/utils/backups.py", line 626, in new_backup
    odb.get_backup(older_than, ignore_files, force=force)
      older_than = 6
      ignore_files = True
      backup_path = None
      backup_path_db = None
      backup_path_files = None
      backup_path_private_files = None
      backup_path_conf = None
      ignore_conf = False
      include_doctypes = ''
      exclude_doctypes = ''
      compress = False
      force = True
      verbose = True
      old_backup_metadata = False
      rollback_callback = <frappe.utils.CallbackManager object at 0x10bfe3ca0>
      odb = <frappe.utils.backups.BackupGenerator object at 0x10bf83230>
  File "apps/frappe/frappe/utils/backups.py", line 195, in get_backup
    self.delete_if_step_fails(self.take_dump, self.backup_path_db)
      self = <frappe.utils.backups.BackupGenerator object at 0x10bf83230>
      older_than = 6
      ignore_files = True
      force = True
      last_db = False
      last_file = False
      last_private_file = False
      site_config_backup_path = False
  File "apps/frappe/frappe/utils/backups.py", line 520, in delete_if_step_fails
    raise e
      self = <frappe.utils.backups.BackupGenerator object at 0x10bf83230>
      step = <bound method BackupGenerator.take_dump of <frappe.utils.backups.BackupGenerator object at 0x10bf83230>>
      paths = ('./test-site.local/private/backups/20251121_033001-test-site_local-database.sql.gz',)
      path = './test-site.local/private/backups/20251121_033001-test-site_local-database.sql.gz'
  File "apps/frappe/frappe/utils/backups.py", line 515, in delete_if_step_fails
    step()
      self = <frappe.utils.backups.BackupGenerator object at 0x10bf83230>
      step = <bound method BackupGenerator.take_dump of <frappe.utils.backups.BackupGenerator object at 0x10bf83230>>
      paths = ('./test-site.local/private/backups/20251121_033001-test-site_local-database.sql.gz',)
      path = './test-site.local/private/backups/20251121_033001-test-site_local-database.sql.gz'
  File "apps/frappe/frappe/utils/backups.py", line 457, in take_dump
    frappe.throw(
      self = <frappe.utils.backups.BackupGenerator object at 0x10bf83230>
      shlex = <module 'shlex' from '/opt/homebrew/Cellar/python@3.13/3.13.1/Frameworks/Python.framework/Versions/3.13/lib/python3.13/shlex.py'>
      frappe = <module 'frappe' from 'apps/frappe/frappe/__init__.py'>
      get_app_branch = <function get_app_branch at 0x10bd76ac0>
      gzip_exc = '/usr/bin/gzip'
      database_header_content = ['begin frappe metadata', '[frappe]', 'version = 15.87.0', 'branch = version-15', 'end frappe metadata', '']
      generated_header = '-- begin frappe metadata\n-- [frappe]\n-- version = 15.87.0\n-- branch = version-15\n-- end frappe metadata\n-- \n'
      f = <_io.TextIOWrapper name='./test-site.local/private/backups/20251121_033001-test-site_local-database.sql.gz' encoding='UTF-8'>
      cmd = []
      extra = []
      get_command = <function get_command at 0x10ba63b00>
      bin = None
      args = ['--user=_537373b7e3047fb7', '--host=127.0.0.1', '--port=3306', '--password=U5hxfjpquKPDmY5A', '--single-transaction', '--quick', '--lock-tables=false', '_537373b7e3047fb7']
      bin_name = 'mariadb-dump'
  File "apps/frappe/frappe/__init__.py", line 609, in throw
    msgprint(
      msg = 'mariadb-dump not found in PATH! This is required to take a backup.'
      exc = <class 'frappe.exceptions.ExecutableNotFound'>
      title = None
      is_minimizable = False
      wide = False
      as_list = False
      primary_action = None
  File "apps/frappe/frappe/__init__.py", line 574, in msgprint
    _raise_exception()
      msg = 'mariadb-dump not found in PATH! This is required to take a backup.'
      title = None
      raise_exception = <class 'frappe.exceptions.ExecutableNotFound'>
      as_table = False
      as_list = False
      indicator = 'red'
      alert = False
      primary_action = None
      is_minimizable = False
      wide = False
      realtime = False
      sys = <module 'sys' (built-in)>
      _raise_exception = <function msgprint.<locals>._raise_exception at 0x109c81da0>
      inspect = <module 'inspect' from '/opt/homebrew/Cellar/python@3.13/3.13.1/Frameworks/Python.framework/Versions/3.13/lib/python3.13/inspect.py'>
      out = {'message': 'mariadb-dump not found in PATH! This is required to take a backup.', 'title': 'Message', 'indicator': 'red', 'raise_exception': 1, '__frappe_exc_id': 'a04da3083c076bbc953f3ee08b29357a0cb076673f098737b5152dda'}
  File "apps/frappe/frappe/__init__.py", line 525, in _raise_exception
    raise exc
      exc = ExecutableNotFound('mariadb-dump not found in PATH! This is required to take a backup.')
      inspect = <module 'inspect' from '/opt/homebrew/Cellar/python@3.13/3.13.1/Frameworks/Python.framework/Versions/3.13/lib/python3.13/inspect.py'>
      msg = 'mariadb-dump not found in PATH! This is required to take a backup.'
      out = {'message': 'mariadb-dump not found in PATH! This is required to take a backup.', 'title': 'Message', 'indicator': 'red', 'raise_exception': 1, '__frappe_exc_id': 'a04da3083c076bbc953f3ee08b29357a0cb076673f098737b5152dda'}
      raise_exception = <class 'frappe.exceptions.ExecutableNotFound'>
frappe.exceptions.ExecutableNotFound: mariadb-dump not found in PATH! This is required to take a backup.
Backup failed for Site vendor-qc.local. Database or site_config.json may be corrupted
Traceback with variables (most recent call last):
  File "apps/frappe/frappe/commands/site.py", line 845, in backup
    odb = scheduled_backup(
      context = {'sites': ['test-site.local', 'vendor-qc.local'], 'force': False, 'verbose': True, 'profile': False}
      with_files = False
      backup_path = None
      backup_path_db = None
      backup_path_files = None
      backup_path_private_files = None
      backup_path_conf = None
      ignore_backup_conf = False
      verbose = True
      compress = False
      include = ''
      exclude = ''
      old_backup_metadata = False
      scheduled_backup = <function scheduled_backup at 0x10bd93a60>
      exit_code = 1
      rollback_callback = None
      site = 'vendor-qc.local'
  File "apps/frappe/frappe/utils/backups.py", line 568, in scheduled_backup
    return new_backup(
      older_than = 6
      ignore_files = True
      backup_path = None
      backup_path_db = None
      backup_path_files = None
      backup_path_private_files = None
      backup_path_conf = None
      ignore_conf = False
      include_doctypes = ''
      exclude_doctypes = ''
      compress = False
      force = True
      verbose = True
      old_backup_metadata = False
      rollback_callback = <frappe.utils.CallbackManager object at 0x10c017fd0>
  File "apps/frappe/frappe/utils/backups.py", line 626, in new_backup
    odb.get_backup(older_than, ignore_files, force=force)
      older_than = 6
      ignore_files = True
      backup_path = None
      backup_path_db = None
      backup_path_files = None
      backup_path_private_files = None
      backup_path_conf = None
      ignore_conf = False
      include_doctypes = ''
      exclude_doctypes = ''
      compress = False
      force = True
      verbose = True
      old_backup_metadata = False
      rollback_callback = <frappe.utils.CallbackManager object at 0x10c017fd0>
      odb = <frappe.utils.backups.BackupGenerator object at 0x10bf9efd0>
  File "apps/frappe/frappe/utils/backups.py", line 195, in get_backup
    self.delete_if_step_fails(self.take_dump, self.backup_path_db)
      self = <frappe.utils.backups.BackupGenerator object at 0x10bf9efd0>
      older_than = 6
      ignore_files = True
      force = True
      last_db = False
      last_file = False
      last_private_file = False
      site_config_backup_path = False
  File "apps/frappe/frappe/utils/backups.py", line 520, in delete_if_step_fails
    raise e
      self = <frappe.utils.backups.BackupGenerator object at 0x10bf9efd0>
      step = <bound method BackupGenerator.take_dump of <frappe.utils.backups.BackupGenerator object at 0x10bf9efd0>>
      paths = ('./test-site.local/private/backups/20251121_033002-test-site_local-database.sql.gz',)
      path = './test-site.local/private/backups/20251121_033002-test-site_local-database.sql.gz'
  File "apps/frappe/frappe/utils/backups.py", line 515, in delete_if_step_fails
    step()
      self = <frappe.utils.backups.BackupGenerator object at 0x10bf9efd0>
      step = <bound method BackupGenerator.take_dump of <frappe.utils.backups.BackupGenerator object at 0x10bf9efd0>>
      paths = ('./test-site.local/private/backups/20251121_033002-test-site_local-database.sql.gz',)
      path = './test-site.local/private/backups/20251121_033002-test-site_local-database.sql.gz'
  File "apps/frappe/frappe/utils/backups.py", line 457, in take_dump
    frappe.throw(
      self = <frappe.utils.backups.BackupGenerator object at 0x10bf9efd0>
      shlex = <module 'shlex' from '/opt/homebrew/Cellar/python@3.13/3.13.1/Frameworks/Python.framework/Versions/3.13/lib/python3.13/shlex.py'>
      frappe = <module 'frappe' from 'apps/frappe/frappe/__init__.py'>
      get_app_branch = <function get_app_branch at 0x10bd76ac0>
      gzip_exc = '/usr/bin/gzip'
      database_header_content = ['begin frappe metadata', '[frappe]', 'version = 15.87.0', 'branch = version-15', 'end frappe metadata', '']
      generated_header = '-- begin frappe metadata\n-- [frappe]\n-- version = 15.87.0\n-- branch = version-15\n-- end frappe metadata\n-- \n'
      f = <_io.TextIOWrapper name='./test-site.local/private/backups/20251121_033002-test-site_local-database.sql.gz' encoding='UTF-8'>
      cmd = []
      extra = []
      get_command = <function get_command at 0x10ba63b00>
      bin = None
      args = ['--user=_537373b7e3047fb7', '--host=127.0.0.1', '--port=3306', '--password=U5hxfjpquKPDmY5A', '--single-transaction', '--quick', '--lock-tables=false', '_537373b7e3047fb7']
      bin_name = 'mariadb-dump'
  File "apps/frappe/frappe/__init__.py", line 609, in throw
    msgprint(
      msg = 'mariadb-dump not found in PATH! This is required to take a backup.'
      exc = <class 'frappe.exceptions.ExecutableNotFound'>
      title = None
      is_minimizable = False
      wide = False
      as_list = False
      primary_action = None
  File "apps/frappe/frappe/__init__.py", line 574, in msgprint
    _raise_exception()
      msg = 'mariadb-dump not found in PATH! This is required to take a backup.'
      title = None
      raise_exception = <class 'frappe.exceptions.ExecutableNotFound'>
      as_table = False
      as_list = False
      indicator = 'red'
      alert = False
      primary_action = None
      is_minimizable = False
      wide = False
      realtime = False
      sys = <module 'sys' (built-in)>
      _raise_exception = <function msgprint.<locals>._raise_exception at 0x10c076980>
      inspect = <module 'inspect' from '/opt/homebrew/Cellar/python@3.13/3.13.1/Frameworks/Python.framework/Versions/3.13/lib/python3.13/inspect.py'>
      out = {'message': 'mariadb-dump not found in PATH! This is required to take a backup.', 'title': 'Message', 'indicator': 'red', 'raise_exception': 1, '__frappe_exc_id': '2ae626cbe592d7329b27deafd2acff3482c425c76aefaf8868b83fe8'}
  File "apps/frappe/frappe/__init__.py", line 525, in _raise_exception
    raise exc
      exc = ExecutableNotFound('mariadb-dump not found in PATH! This is required to take a backup.')
      inspect = <module 'inspect' from '/opt/homebrew/Cellar/python@3.13/3.13.1/Frameworks/Python.framework/Versions/3.13/lib/python3.13/inspect.py'>
      msg = 'mariadb-dump not found in PATH! This is required to take a backup.'
      out = {'message': 'mariadb-dump not found in PATH! This is required to take a backup.', 'title': 'Message', 'indicator': 'red', 'raise_exception': 1, '__frappe_exc_id': '2ae626cbe592d7329b27deafd2acff3482c425c76aefaf8868b83fe8'}
      raise_exception = <class 'frappe.exceptions.ExecutableNotFound'>
frappe.exceptions.ExecutableNotFound: mariadb-dump not found in PATH! This is required to take a backup.
Backup failed for Site test-site.local. Database or site_config.json may be corrupted
Traceback with variables (most recent call last):
  File "apps/frappe/frappe/commands/site.py", line 845, in backup
    odb = scheduled_backup(
      context = {'sites': ['test-site.local', 'vendor-qc.local'], 'force': False, 'verbose': True, 'profile': False}
      with_files = False
      backup_path = None
      backup_path_db = None
      backup_path_files = None
      backup_path_private_files = None
      backup_path_conf = None
      ignore_backup_conf = False
      verbose = True
      compress = False
      include = ''
      exclude = ''
      old_backup_metadata = False
      scheduled_backup = <function scheduled_backup at 0x10c077a60>
      exit_code = 0
      rollback_callback = None
      site = 'test-site.local'
  File "apps/frappe/frappe/utils/backups.py", line 568, in scheduled_backup
    return new_backup(
      older_than = 6
      ignore_files = True
      backup_path = None
      backup_path_db = None
      backup_path_files = None
      backup_path_private_files = None
      backup_path_conf = None
      ignore_conf = False
      include_doctypes = ''
      exclude_doctypes = ''
      compress = False
      force = True
      verbose = True
      old_backup_metadata = False
      rollback_callback = <frappe.utils.CallbackManager object at 0x10c25fee0>
  File "apps/frappe/frappe/utils/backups.py", line 626, in new_backup
    odb.get_backup(older_than, ignore_files, force=force)
      older_than = 6
      ignore_files = True
      backup_path = None
      backup_path_db = None
      backup_path_files = None
      backup_path_private_files = None
      backup_path_conf = None
      ignore_conf = False
      include_doctypes = ''
      exclude_doctypes = ''
      compress = False
      force = True
      verbose = True
      old_backup_metadata = False
      rollback_callback = <frappe.utils.CallbackManager object at 0x10c25fee0>
      odb = <frappe.utils.backups.BackupGenerator object at 0x10c203230>
  File "apps/frappe/frappe/utils/backups.py", line 195, in get_backup
    self.delete_if_step_fails(self.take_dump, self.backup_path_db)
      self = <frappe.utils.backups.BackupGenerator object at 0x10c203230>
      older_than = 6
      ignore_files = True
      force = True
      last_db = False
      last_file = False
      last_private_file = False
      site_config_backup_path = False
  File "apps/frappe/frappe/utils/backups.py", line 520, in delete_if_step_fails
    raise e
      self = <frappe.utils.backups.BackupGenerator object at 0x10c203230>
      step = <bound method BackupGenerator.take_dump of <frappe.utils.backups.BackupGenerator object at 0x10c203230>>
      paths = ('./test-site.local/private/backups/20251121_093002-test-site_local-database.sql.gz',)
      path = './test-site.local/private/backups/20251121_093002-test-site_local-database.sql.gz'
  File "apps/frappe/frappe/utils/backups.py", line 515, in delete_if_step_fails
    step()
      self = <frappe.utils.backups.BackupGenerator object at 0x10c203230>
      step = <bound method BackupGenerator.take_dump of <frappe.utils.backups.BackupGenerator object at 0x10c203230>>
      paths = ('./test-site.local/private/backups/20251121_093002-test-site_local-database.sql.gz',)
      path = './test-site.local/private/backups/20251121_093002-test-site_local-database.sql.gz'
  File "apps/frappe/frappe/utils/backups.py", line 457, in take_dump
    frappe.throw(
      self = <frappe.utils.backups.BackupGenerator object at 0x10c203230>
      shlex = <module 'shlex' from '/opt/homebrew/Cellar/python@3.13/3.13.1/Frameworks/Python.framework/Versions/3.13/lib/python3.13/shlex.py'>
      frappe = <module 'frappe' from 'apps/frappe/frappe/__init__.py'>
      get_app_branch = <function get_app_branch at 0x10c05aac0>
      gzip_exc = '/usr/bin/gzip'
      database_header_content = ['begin frappe metadata', '[frappe]', 'version = 15.87.0', 'branch = version-15', 'end frappe metadata', '']
      generated_header = '-- begin frappe metadata\n-- [frappe]\n-- version = 15.87.0\n-- branch = version-15\n-- end frappe metadata\n-- \n'
      f = <_io.TextIOWrapper name='./test-site.local/private/backups/20251121_093002-test-site_local-database.sql.gz' encoding='UTF-8'>
      cmd = []
      extra = []
      get_command = <function get_command at 0x10bd07b00>
      bin = None
      args = ['--user=_537373b7e3047fb7', '--host=127.0.0.1', '--port=3306', '--password=U5hxfjpquKPDmY5A', '--single-transaction', '--quick', '--lock-tables=false', '_537373b7e3047fb7']
      bin_name = 'mariadb-dump'
  File "apps/frappe/frappe/__init__.py", line 609, in throw
    msgprint(
      msg = 'mariadb-dump not found in PATH! This is required to take a backup.'
      exc = <class 'frappe.exceptions.ExecutableNotFound'>
      title = None
      is_minimizable = False
      wide = False
      as_list = False
      primary_action = None
  File "apps/frappe/frappe/__init__.py", line 574, in msgprint
    _raise_exception()
      msg = 'mariadb-dump not found in PATH! This is required to take a backup.'
      title = None
      raise_exception = <class 'frappe.exceptions.ExecutableNotFound'>
      as_table = False
      as_list = False
      indicator = 'red'
      alert = False
      primary_action = None
      is_minimizable = False
      wide = False
      realtime = False
      sys = <module 'sys' (built-in)>
      _raise_exception = <function msgprint.<locals>._raise_exception at 0x109ebdda0>
      inspect = <module 'inspect' from '/opt/homebrew/Cellar/python@3.13/3.13.1/Frameworks/Python.framework/Versions/3.13/lib/python3.13/inspect.py'>
      out = {'message': 'mariadb-dump not found in PATH! This is required to take a backup.', 'title': 'Message', 'indicator': 'red', 'raise_exception': 1, '__frappe_exc_id': 'fde516a32e6918f72e11bc07ba7c0c3cc6b08d3896062acc60c3a3e5'}
  File "apps/frappe/frappe/__init__.py", line 525, in _raise_exception
    raise exc
      exc = ExecutableNotFound('mariadb-dump not found in PATH! This is required to take a backup.')
      inspect = <module 'inspect' from '/opt/homebrew/Cellar/python@3.13/3.13.1/Frameworks/Python.framework/Versions/3.13/lib/python3.13/inspect.py'>
      msg = 'mariadb-dump not found in PATH! This is required to take a backup.'
      out = {'message': 'mariadb-dump not found in PATH! This is required to take a backup.', 'title': 'Message', 'indicator': 'red', 'raise_exception': 1, '__frappe_exc_id': 'fde516a32e6918f72e11bc07ba7c0c3cc6b08d3896062acc60c3a3e5'}
      raise_exception = <class 'frappe.exceptions.ExecutableNotFound'>
frappe.exceptions.ExecutableNotFound: mariadb-dump not found in PATH! This is required to take a backup.
Backup failed for Site vendor-qc.local. Database or site_config.json may be corrupted
Traceback with variables (most recent call last):
  File "apps/frappe/frappe/commands/site.py", line 845, in backup
    odb = scheduled_backup(
      context = {'sites': ['test-site.local', 'vendor-qc.local'], 'force': False, 'verbose': True, 'profile': False}
      with_files = False
      backup_path = None
      backup_path_db = None
      backup_path_files = None
      backup_path_private_files = None
      backup_path_conf = None
      ignore_backup_conf = False
      verbose = True
      compress = False
      include = ''
      exclude = ''
      old_backup_metadata = False
      scheduled_backup = <function scheduled_backup at 0x10c077a60>
      exit_code = 1
      rollback_callback = None
      site = 'vendor-qc.local'
  File "apps/frappe/frappe/utils/backups.py", line 568, in scheduled_backup
    return new_backup(
      older_than = 6
      ignore_files = True
      backup_path = None
      backup_path_db = None
      backup_path_files = None
      backup_path_private_files = None
      backup_path_conf = None
      ignore_conf = False
      include_doctypes = ''
      exclude_doctypes = ''
      compress = False
      force = True
      verbose = True
      old_backup_metadata = False
      rollback_callback = <frappe.utils.CallbackManager object at 0x10bb3d9f0>
  File "apps/frappe/frappe/utils/backups.py", line 626, in new_backup
    odb.get_backup(older_than, ignore_files, force=force)
      older_than = 6
      ignore_files = True
      backup_path = None
      backup_path_db = None
      backup_path_files = None
      backup_path_private_files = None
      backup_path_conf = None
      ignore_conf = False
      include_doctypes = ''
      exclude_doctypes = ''
      compress = False
      force = True
      verbose = True
      old_backup_metadata = False
      rollback_callback = <frappe.utils.CallbackManager object at 0x10bb3d9f0>
      odb = <frappe.utils.backups.BackupGenerator object at 0x10c21afd0>
  File "apps/frappe/frappe/utils/backups.py", line 195, in get_backup
    self.delete_if_step_fails(self.take_dump, self.backup_path_db)
      self = <frappe.utils.backups.BackupGenerator object at 0x10c21afd0>
      older_than = 6
      ignore_files = True
      force = True
      last_db = False
      last_file = False
      last_private_file = False
      site_config_backup_path = False
  File "apps/frappe/frappe/utils/backups.py", line 520, in delete_if_step_fails
    raise e
      self = <frappe.utils.backups.BackupGenerator object at 0x10c21afd0>
      step = <bound method BackupGenerator.take_dump of <frappe.utils.backups.BackupGenerator object at 0x10c21afd0>>
      paths = ('./test-site.local/private/backups/20251121_093002-test-site_local-database.sql.gz',)
      path = './test-site.local/private/backups/20251121_093002-test-site_local-database.sql.gz'
  File "apps/frappe/frappe/utils/backups.py", line 515, in delete_if_step_fails
    step()
      self = <frappe.utils.backups.BackupGenerator object at 0x10c21afd0>
      step = <bound method BackupGenerator.take_dump of <frappe.utils.backups.BackupGenerator object at 0x10c21afd0>>
      paths = ('./test-site.local/private/backups/20251121_093002-test-site_local-database.sql.gz',)
      path = './test-site.local/private/backups/20251121_093002-test-site_local-database.sql.gz'
  File "apps/frappe/frappe/utils/backups.py", line 457, in take_dump
    frappe.throw(
      self = <frappe.utils.backups.BackupGenerator object at 0x10c21afd0>
      shlex = <module 'shlex' from '/opt/homebrew/Cellar/python@3.13/3.13.1/Frameworks/Python.framework/Versions/3.13/lib/python3.13/shlex.py'>
      frappe = <module 'frappe' from 'apps/frappe/frappe/__init__.py'>
      get_app_branch = <function get_app_branch at 0x10c05aac0>
      gzip_exc = '/usr/bin/gzip'
      database_header_content = ['begin frappe metadata', '[frappe]', 'version = 15.87.0', 'branch = version-15', 'end frappe metadata', '']
      generated_header = '-- begin frappe metadata\n-- [frappe]\n-- version = 15.87.0\n-- branch = version-15\n-- end frappe metadata\n-- \n'
      f = <_io.TextIOWrapper name='./test-site.local/private/backups/20251121_093002-test-site_local-database.sql.gz' encoding='UTF-8'>
      cmd = []
      extra = []
      get_command = <function get_command at 0x10bd07b00>
      bin = None
      args = ['--user=_537373b7e3047fb7', '--host=127.0.0.1', '--port=3306', '--password=U5hxfjpquKPDmY5A', '--single-transaction', '--quick', '--lock-tables=false', '_537373b7e3047fb7']
      bin_name = 'mariadb-dump'
  File "apps/frappe/frappe/__init__.py", line 609, in throw
    msgprint(
      msg = 'mariadb-dump not found in PATH! This is required to take a backup.'
      exc = <class 'frappe.exceptions.ExecutableNotFound'>
      title = None
      is_minimizable = False
      wide = False
      as_list = False
      primary_action = None
  File "apps/frappe/frappe/__init__.py", line 574, in msgprint
    _raise_exception()
      msg = 'mariadb-dump not found in PATH! This is required to take a backup.'
      title = None
      raise_exception = <class 'frappe.exceptions.ExecutableNotFound'>
      as_table = False
      as_list = False
      indicator = 'red'
      alert = False
      primary_action = None
      is_minimizable = False
      wide = False
      realtime = False
      sys = <module 'sys' (built-in)>
      _raise_exception = <function msgprint.<locals>._raise_exception at 0x10c2f2980>
      inspect = <module 'inspect' from '/opt/homebrew/Cellar/python@3.13/3.13.1/Frameworks/Python.framework/Versions/3.13/lib/python3.13/inspect.py'>
      out = {'message': 'mariadb-dump not found in PATH! This is required to take a backup.', 'title': 'Message', 'indicator': 'red', 'raise_exception': 1, '__frappe_exc_id': 'b10b25b5e587ca717cd19a55441e32518edabf614c66242f7a863558'}
  File "apps/frappe/frappe/__init__.py", line 525, in _raise_exception
    raise exc
      exc = ExecutableNotFound('mariadb-dump not found in PATH! This is required to take a backup.')
      inspect = <module 'inspect' from '/opt/homebrew/Cellar/python@3.13/3.13.1/Frameworks/Python.framework/Versions/3.13/lib/python3.13/inspect.py'>
      msg = 'mariadb-dump not found in PATH! This is required to take a backup.'
      out = {'message': 'mariadb-dump not found in PATH! This is required to take a backup.', 'title': 'Message', 'indicator': 'red', 'raise_exception': 1, '__frappe_exc_id': 'b10b25b5e587ca717cd19a55441e32518edabf614c66242f7a863558'}
      raise_exception = <class 'frappe.exceptions.ExecutableNotFound'>
frappe.exceptions.ExecutableNotFound: mariadb-dump not found in PATH! This is required to take a backup.
Backup failed for Site test-site.local. Database or site_config.json may be corrupted
Traceback with variables (most recent call last):
  File "apps/frappe/frappe/commands/site.py", line 845, in backup
    odb = scheduled_backup(
      context = {'sites': ['test-site.local', 'vendor-qc.local'], 'force': False, 'verbose': True, 'profile': False}
      with_files = False
      backup_path = None
      backup_path_db = None
      backup_path_files = None
      backup_path_private_files = None
      backup_path_conf = None
      ignore_backup_conf = False
      verbose = True
      compress = False
      include = ''
      exclude = ''
      old_backup_metadata = False
      scheduled_backup = <function scheduled_backup at 0x10ad37a60>
      exit_code = 0
      rollback_callback = None
      site = 'test-site.local'
  File "apps/frappe/frappe/utils/backups.py", line 568, in scheduled_backup
    return new_backup(
      older_than = 6
      ignore_files = True
      backup_path = None
      backup_path_db = None
      backup_path_files = None
      backup_path_private_files = None
      backup_path_conf = None
      ignore_conf = False
      include_doctypes = ''
      exclude_doctypes = ''
      compress = False
      force = True
      verbose = True
      old_backup_metadata = False
      rollback_callback = <frappe.utils.CallbackManager object at 0x10af2e410>
  File "apps/frappe/frappe/utils/backups.py", line 626, in new_backup
    odb.get_backup(older_than, ignore_files, force=force)
      older_than = 6
      ignore_files = True
      backup_path = None
      backup_path_db = None
      backup_path_files = None
      backup_path_private_files = None
      backup_path_conf = None
      ignore_conf = False
      include_doctypes = ''
      exclude_doctypes = ''
      compress = False
      force = True
      verbose = True
      old_backup_metadata = False
      rollback_callback = <frappe.utils.CallbackManager object at 0x10af2e410>
      odb = <frappe.utils.backups.BackupGenerator object at 0x10aec3230>
  File "apps/frappe/frappe/utils/backups.py", line 195, in get_backup
    self.delete_if_step_fails(self.take_dump, self.backup_path_db)
      self = <frappe.utils.backups.BackupGenerator object at 0x10aec3230>
      older_than = 6
      ignore_files = True
      force = True
      last_db = False
      last_file = False
      last_private_file = False
      site_config_backup_path = False
  File "apps/frappe/frappe/utils/backups.py", line 520, in delete_if_step_fails
    raise e
      self = <frappe.utils.backups.BackupGenerator object at 0x10aec3230>
      step = <bound method BackupGenerator.take_dump of <frappe.utils.backups.BackupGenerator object at 0x10aec3230>>
      paths = ('./test-site.local/private/backups/20251121_213003-test-site_local-database.sql.gz',)
      path = './test-site.local/private/backups/20251121_213003-test-site_local-database.sql.gz'
  File "apps/frappe/frappe/utils/backups.py", line 515, in delete_if_step_fails
    step()
      self = <frappe.utils.backups.BackupGenerator object at 0x10aec3230>
      step = <bound method BackupGenerator.take_dump of <frappe.utils.backups.BackupGenerator object at 0x10aec3230>>
      paths = ('./test-site.local/private/backups/20251121_213003-test-site_local-database.sql.gz',)
      path = './test-site.local/private/backups/20251121_213003-test-site_local-database.sql.gz'
  File "apps/frappe/frappe/utils/backups.py", line 457, in take_dump
    frappe.throw(
      self = <frappe.utils.backups.BackupGenerator object at 0x10aec3230>
      shlex = <module 'shlex' from '/opt/homebrew/Cellar/python@3.13/3.13.1/Frameworks/Python.framework/Versions/3.13/lib/python3.13/shlex.py'>
      frappe = <module 'frappe' from 'apps/frappe/frappe/__init__.py'>
      get_app_branch = <function get_app_branch at 0x10ad1eac0>
      gzip_exc = '/usr/bin/gzip'
      database_header_content = ['begin frappe metadata', '[frappe]', 'version = 15.87.0', 'branch = version-15', 'end frappe metadata', '']
      generated_header = '-- begin frappe metadata\n-- [frappe]\n-- version = 15.87.0\n-- branch = version-15\n-- end frappe metadata\n-- \n'
      f = <_io.TextIOWrapper name='./test-site.local/private/backups/20251121_213003-test-site_local-database.sql.gz' encoding='UTF-8'>
      cmd = []
      extra = []
      get_command = <function get_command at 0x10a953b00>
      bin = None
      args = ['--user=_537373b7e3047fb7', '--host=127.0.0.1', '--port=3306', '--password=U5hxfjpquKPDmY5A', '--single-transaction', '--quick', '--lock-tables=false', '_537373b7e3047fb7']
      bin_name = 'mariadb-dump'
  File "apps/frappe/frappe/__init__.py", line 609, in throw
    msgprint(
      msg = 'mariadb-dump not found in PATH! This is required to take a backup.'
      exc = <class 'frappe.exceptions.ExecutableNotFound'>
      title = None
      is_minimizable = False
      wide = False
      as_list = False
      primary_action = None
  File "apps/frappe/frappe/__init__.py", line 574, in msgprint
    _raise_exception()
      msg = 'mariadb-dump not found in PATH! This is required to take a backup.'
      title = None
      raise_exception = <class 'frappe.exceptions.ExecutableNotFound'>
      as_table = False
      as_list = False
      indicator = 'red'
      alert = False
      primary_action = None
      is_minimizable = False
      wide = False
      realtime = False
      sys = <module 'sys' (built-in)>
      _raise_exception = <function msgprint.<locals>._raise_exception at 0x108ba1da0>
      inspect = <module 'inspect' from '/opt/homebrew/Cellar/python@3.13/3.13.1/Frameworks/Python.framework/Versions/3.13/lib/python3.13/inspect.py'>
      out = {'message': 'mariadb-dump not found in PATH! This is required to take a backup.', 'title': 'Message', 'indicator': 'red', 'raise_exception': 1, '__frappe_exc_id': 'bd0773558330d70171bdb9decf859d470b38a3adcf1ada00403e3948'}
  File "apps/frappe/frappe/__init__.py", line 525, in _raise_exception
    raise exc
      exc = ExecutableNotFound('mariadb-dump not found in PATH! This is required to take a backup.')
      inspect = <module 'inspect' from '/opt/homebrew/Cellar/python@3.13/3.13.1/Frameworks/Python.framework/Versions/3.13/lib/python3.13/inspect.py'>
      msg = 'mariadb-dump not found in PATH! This is required to take a backup.'
      out = {'message': 'mariadb-dump not found in PATH! This is required to take a backup.', 'title': 'Message', 'indicator': 'red', 'raise_exception': 1, '__frappe_exc_id': 'bd0773558330d70171bdb9decf859d470b38a3adcf1ada00403e3948'}
      raise_exception = <class 'frappe.exceptions.ExecutableNotFound'>
frappe.exceptions.ExecutableNotFound: mariadb-dump not found in PATH! This is required to take a backup.
Backup failed for Site vendor-qc.local. Database or site_config.json may be corrupted
Traceback with variables (most recent call last):
  File "apps/frappe/frappe/commands/site.py", line 845, in backup
    odb = scheduled_backup(
      context = {'sites': ['test-site.local', 'vendor-qc.local'], 'force': False, 'verbose': True, 'profile': False}
      with_files = False
      backup_path = None
      backup_path_db = None
      backup_path_files = None
      backup_path_private_files = None
      backup_path_conf = None
      ignore_backup_conf = False
      verbose = True
      compress = False
      include = ''
      exclude = ''
      old_backup_metadata = False
      scheduled_backup = <function scheduled_backup at 0x10ad37a60>
      exit_code = 1
      rollback_callback = None
      site = 'vendor-qc.local'
  File "apps/frappe/frappe/utils/backups.py", line 568, in scheduled_backup
    return new_backup(
      older_than = 6
      ignore_files = True
      backup_path = None
      backup_path_db = None
      backup_path_files = None
      backup_path_private_files = None
      backup_path_conf = None
      ignore_conf = False
      include_doctypes = ''
      exclude_doctypes = ''
      compress = False
      force = True
      verbose = True
      old_backup_metadata = False
      rollback_callback = <frappe.utils.CallbackManager object at 0x10af6ffd0>
  File "apps/frappe/frappe/utils/backups.py", line 626, in new_backup
    odb.get_backup(older_than, ignore_files, force=force)
      older_than = 6
      ignore_files = True
      backup_path = None
      backup_path_db = None
      backup_path_files = None
      backup_path_private_files = None
      backup_path_conf = None
      ignore_conf = False
      include_doctypes = ''
      exclude_doctypes = ''
      compress = False
      force = True
      verbose = True
      old_backup_metadata = False
      rollback_callback = <frappe.utils.CallbackManager object at 0x10af6ffd0>
      odb = <frappe.utils.backups.BackupGenerator object at 0x10aedefd0>
  File "apps/frappe/frappe/utils/backups.py", line 195, in get_backup
    self.delete_if_step_fails(self.take_dump, self.backup_path_db)
      self = <frappe.utils.backups.BackupGenerator object at 0x10aedefd0>
      older_than = 6
      ignore_files = True
      force = True
      last_db = False
      last_file = False
      last_private_file = False
      site_config_backup_path = False
  File "apps/frappe/frappe/utils/backups.py", line 520, in delete_if_step_fails
    raise e
      self = <frappe.utils.backups.BackupGenerator object at 0x10aedefd0>
      step = <bound method BackupGenerator.take_dump of <frappe.utils.backups.BackupGenerator object at 0x10aedefd0>>
      paths = ('./test-site.local/private/backups/20251121_213004-test-site_local-database.sql.gz',)
      path = './test-site.local/private/backups/20251121_213004-test-site_local-database.sql.gz'
  File "apps/frappe/frappe/utils/backups.py", line 515, in delete_if_step_fails
    step()
      self = <frappe.utils.backups.BackupGenerator object at 0x10aedefd0>
      step = <bound method BackupGenerator.take_dump of <frappe.utils.backups.BackupGenerator object at 0x10aedefd0>>
      paths = ('./test-site.local/private/backups/20251121_213004-test-site_local-database.sql.gz',)
      path = './test-site.local/private/backups/20251121_213004-test-site_local-database.sql.gz'
  File "apps/frappe/frappe/utils/backups.py", line 457, in take_dump
    frappe.throw(
      self = <frappe.utils.backups.BackupGenerator object at 0x10aedefd0>
      shlex = <module 'shlex' from '/opt/homebrew/Cellar/python@3.13/3.13.1/Frameworks/Python.framework/Versions/3.13/lib/python3.13/shlex.py'>
      frappe = <module 'frappe' from 'apps/frappe/frappe/__init__.py'>
      get_app_branch = <function get_app_branch at 0x10ad1eac0>
      gzip_exc = '/usr/bin/gzip'
      database_header_content = ['begin frappe metadata', '[frappe]', 'version = 15.87.0', 'branch = version-15', 'end frappe metadata', '']
      generated_header = '-- begin frappe metadata\n-- [frappe]\n-- version = 15.87.0\n-- branch = version-15\n-- end frappe metadata\n-- \n'
      f = <_io.TextIOWrapper name='./test-site.local/private/backups/20251121_213004-test-site_local-database.sql.gz' encoding='UTF-8'>
      cmd = []
      extra = []
      get_command = <function get_command at 0x10a953b00>
      bin = None
      args = ['--user=_537373b7e3047fb7', '--host=127.0.0.1', '--port=3306', '--password=U5hxfjpquKPDmY5A', '--single-transaction', '--quick', '--lock-tables=false', '_537373b7e3047fb7']
      bin_name = 'mariadb-dump'
  File "apps/frappe/frappe/__init__.py", line 609, in throw
    msgprint(
      msg = 'mariadb-dump not found in PATH! This is required to take a backup.'
      exc = <class 'frappe.exceptions.ExecutableNotFound'>
      title = None
      is_minimizable = False
      wide = False
      as_list = False
      primary_action = None
  File "apps/frappe/frappe/__init__.py", line 574, in msgprint
    _raise_exception()
      msg = 'mariadb-dump not found in PATH! This is required to take a backup.'
      title = None
      raise_exception = <class 'frappe.exceptions.ExecutableNotFound'>
      as_table = False
      as_list = False
      indicator = 'red'
      alert = False
      primary_action = None
      is_minimizable = False
      wide = False
      realtime = False
      sys = <module 'sys' (built-in)>
      _raise_exception = <function msgprint.<locals>._raise_exception at 0x10afba980>
      inspect = <module 'inspect' from '/opt/homebrew/Cellar/python@3.13/3.13.1/Frameworks/Python.framework/Versions/3.13/lib/python3.13/inspect.py'>
      out = {'message': 'mariadb-dump not found in PATH! This is required to take a backup.', 'title': 'Message', 'indicator': 'red', 'raise_exception': 1, '__frappe_exc_id': '52dff2e12845a277ebaf2d477daea7ae1f42d84aa341dd6afd8f74c7'}
  File "apps/frappe/frappe/__init__.py", line 525, in _raise_exception
    raise exc
      exc = ExecutableNotFound('mariadb-dump not found in PATH! This is required to take a backup.')
      inspect = <module 'inspect' from '/opt/homebrew/Cellar/python@3.13/3.13.1/Frameworks/Python.framework/Versions/3.13/lib/python3.13/inspect.py'>
      msg = 'mariadb-dump not found in PATH! This is required to take a backup.'
      out = {'message': 'mariadb-dump not found in PATH! This is required to take a backup.', 'title': 'Message', 'indicator': 'red', 'raise_exception': 1, '__frappe_exc_id': '52dff2e12845a277ebaf2d477daea7ae1f42d84aa341dd6afd8f74c7'}
      raise_exception = <class 'frappe.exceptions.ExecutableNotFound'>
frappe.exceptions.ExecutableNotFound: mariadb-dump not found in PATH! This is required to take a backup.
Backup failed for Site test-site.local. Database or site_config.json may be corrupted
Traceback with variables (most recent call last):
  File "apps/frappe/frappe/commands/site.py", line 845, in backup
    odb = scheduled_backup(
      context = {'sites': ['test-site.local', 'vendor-qc.local'], 'force': False, 'verbose': True, 'profile': False}
      with_files = False
      backup_path = None
      backup_path_db = None
      backup_path_files = None
      backup_path_private_files = None
      backup_path_conf = None
      ignore_backup_conf = False
      verbose = True
      compress = False
      include = ''
      exclude = ''
      old_backup_metadata = False
      scheduled_backup = <function scheduled_backup at 0x10a8f7a60>
      exit_code = 0
      rollback_callback = None
      site = 'test-site.local'
  File "apps/frappe/frappe/utils/backups.py", line 568, in scheduled_backup
    return new_backup(
      older_than = 6
      ignore_files = True
      backup_path = None
      backup_path_db = None
      backup_path_files = None
      backup_path_private_files = None
      backup_path_conf = None
      ignore_conf = False
      include_doctypes = ''
      exclude_doctypes = ''
      compress = False
      force = True
      verbose = True
      old_backup_metadata = False
      rollback_callback = <frappe.utils.CallbackManager object at 0x10ab47850>
  File "apps/frappe/frappe/utils/backups.py", line 626, in new_backup
    odb.get_backup(older_than, ignore_files, force=force)
      older_than = 6
      ignore_files = True
      backup_path = None
      backup_path_db = None
      backup_path_files = None
      backup_path_private_files = None
      backup_path_conf = None
      ignore_conf = False
      include_doctypes = ''
      exclude_doctypes = ''
      compress = False
      force = True
      verbose = True
      old_backup_metadata = False
      rollback_callback = <frappe.utils.CallbackManager object at 0x10ab47850>
      odb = <frappe.utils.backups.BackupGenerator object at 0x10aae7230>
  File "apps/frappe/frappe/utils/backups.py", line 195, in get_backup
    self.delete_if_step_fails(self.take_dump, self.backup_path_db)
      self = <frappe.utils.backups.BackupGenerator object at 0x10aae7230>
      older_than = 6
      ignore_files = True
      force = True
      last_db = False
      last_file = False
      last_private_file = False
      site_config_backup_path = False
  File "apps/frappe/frappe/utils/backups.py", line 520, in delete_if_step_fails
    raise e
      self = <frappe.utils.backups.BackupGenerator object at 0x10aae7230>
      step = <bound method BackupGenerator.take_dump of <frappe.utils.backups.BackupGenerator object at 0x10aae7230>>
      paths = ('./test-site.local/private/backups/20251122_093002-test-site_local-database.sql.gz',)
      path = './test-site.local/private/backups/20251122_093002-test-site_local-database.sql.gz'
  File "apps/frappe/frappe/utils/backups.py", line 515, in delete_if_step_fails
    step()
      self = <frappe.utils.backups.BackupGenerator object at 0x10aae7230>
      step = <bound method BackupGenerator.take_dump of <frappe.utils.backups.BackupGenerator object at 0x10aae7230>>
      paths = ('./test-site.local/private/backups/20251122_093002-test-site_local-database.sql.gz',)
      path = './test-site.local/private/backups/20251122_093002-test-site_local-database.sql.gz'
  File "apps/frappe/frappe/utils/backups.py", line 457, in take_dump
    frappe.throw(
      self = <frappe.utils.backups.BackupGenerator object at 0x10aae7230>
      shlex = <module 'shlex' from '/opt/homebrew/Cellar/python@3.13/3.13.1/Frameworks/Python.framework/Versions/3.13/lib/python3.13/shlex.py'>
      frappe = <module 'frappe' from 'apps/frappe/frappe/__init__.py'>
      get_app_branch = <function get_app_branch at 0x10a8daac0>
      gzip_exc = '/usr/bin/gzip'
      database_header_content = ['begin frappe metadata', '[frappe]', 'version = 15.87.0', 'branch = version-15', 'end frappe metadata', '']
      generated_header = '-- begin frappe metadata\n-- [frappe]\n-- version = 15.87.0\n-- branch = version-15\n-- end frappe metadata\n-- \n'
      f = <_io.TextIOWrapper name='./test-site.local/private/backups/20251122_093002-test-site_local-database.sql.gz' encoding='UTF-8'>
      cmd = []
      extra = []
      get_command = <function get_command at 0x10a5c7b00>
      bin = None
      args = ['--user=_537373b7e3047fb7', '--host=127.0.0.1', '--port=3306', '--password=U5hxfjpquKPDmY5A', '--single-transaction', '--quick', '--lock-tables=false', '_537373b7e3047fb7']
      bin_name = 'mariadb-dump'
  File "apps/frappe/frappe/__init__.py", line 609, in throw
    msgprint(
      msg = 'mariadb-dump not found in PATH! This is required to take a backup.'
      exc = <class 'frappe.exceptions.ExecutableNotFound'>
      title = None
      is_minimizable = False
      wide = False
      as_list = False
      primary_action = None
  File "apps/frappe/frappe/__init__.py", line 574, in msgprint
    _raise_exception()
      msg = 'mariadb-dump not found in PATH! This is required to take a backup.'
      title = None
      raise_exception = <class 'frappe.exceptions.ExecutableNotFound'>
      as_table = False
      as_list = False
      indicator = 'red'
      alert = False
      primary_action = None
      is_minimizable = False
      wide = False
      realtime = False
      sys = <module 'sys' (built-in)>
      _raise_exception = <function msgprint.<locals>._raise_exception at 0x1087f1da0>
      inspect = <module 'inspect' from '/opt/homebrew/Cellar/python@3.13/3.13.1/Frameworks/Python.framework/Versions/3.13/lib/python3.13/inspect.py'>
      out = {'message': 'mariadb-dump not found in PATH! This is required to take a backup.', 'title': 'Message', 'indicator': 'red', 'raise_exception': 1, '__frappe_exc_id': '6870cfa193c61d3bb24d940ba2620015e31768c945e27564ecee9b41'}
  File "apps/frappe/frappe/__init__.py", line 525, in _raise_exception
    raise exc
      exc = ExecutableNotFound('mariadb-dump not found in PATH! This is required to take a backup.')
      inspect = <module 'inspect' from '/opt/homebrew/Cellar/python@3.13/3.13.1/Frameworks/Python.framework/Versions/3.13/lib/python3.13/inspect.py'>
      msg = 'mariadb-dump not found in PATH! This is required to take a backup.'
      out = {'message': 'mariadb-dump not found in PATH! This is required to take a backup.', 'title': 'Message', 'indicator': 'red', 'raise_exception': 1, '__frappe_exc_id': '6870cfa193c61d3bb24d940ba2620015e31768c945e27564ecee9b41'}
      raise_exception = <class 'frappe.exceptions.ExecutableNotFound'>
frappe.exceptions.ExecutableNotFound: mariadb-dump not found in PATH! This is required to take a backup.
Backup failed for Site vendor-qc.local. Database or site_config.json may be corrupted
Traceback with variables (most recent call last):
  File "apps/frappe/frappe/commands/site.py", line 845, in backup
    odb = scheduled_backup(
      context = {'sites': ['test-site.local', 'vendor-qc.local'], 'force': False, 'verbose': True, 'profile': False}
      with_files = False
      backup_path = None
      backup_path_db = None
      backup_path_files = None
      backup_path_private_files = None
      backup_path_conf = None
      ignore_backup_conf = False
      verbose = True
      compress = False
      include = ''
      exclude = ''
      old_backup_metadata = False
      scheduled_backup = <function scheduled_backup at 0x10a8f7a60>
      exit_code = 1
      rollback_callback = None
      site = 'vendor-qc.local'
  File "apps/frappe/frappe/utils/backups.py", line 568, in scheduled_backup
    return new_backup(
      older_than = 6
      ignore_files = True
      backup_path = None
      backup_path_db = None
      backup_path_files = None
      backup_path_private_files = None
      backup_path_conf = None
      ignore_conf = False
      include_doctypes = ''
      exclude_doctypes = ''
      compress = False
      force = True
      verbose = True
      old_backup_metadata = False
      rollback_callback = <frappe.utils.CallbackManager object at 0x10ab7bfd0>
  File "apps/frappe/frappe/utils/backups.py", line 626, in new_backup
    odb.get_backup(older_than, ignore_files, force=force)
      older_than = 6
      ignore_files = True
      backup_path = None
      backup_path_db = None
      backup_path_files = None
      backup_path_private_files = None
      backup_path_conf = None
      ignore_conf = False
      include_doctypes = ''
      exclude_doctypes = ''
      compress = False
      force = True
      verbose = True
      old_backup_metadata = False
      rollback_callback = <frappe.utils.CallbackManager object at 0x10ab7bfd0>
      odb = <frappe.utils.backups.BackupGenerator object at 0x10ab02fd0>
  File "apps/frappe/frappe/utils/backups.py", line 195, in get_backup
    self.delete_if_step_fails(self.take_dump, self.backup_path_db)
      self = <frappe.utils.backups.BackupGenerator object at 0x10ab02fd0>
      older_than = 6
      ignore_files = True
      force = True
      last_db = False
      last_file = False
      last_private_file = False
      site_config_backup_path = False
  File "apps/frappe/frappe/utils/backups.py", line 520, in delete_if_step_fails
    raise e
      self = <frappe.utils.backups.BackupGenerator object at 0x10ab02fd0>
      step = <bound method BackupGenerator.take_dump of <frappe.utils.backups.BackupGenerator object at 0x10ab02fd0>>
      paths = ('./test-site.local/private/backups/20251122_093002-test-site_local-database.sql.gz',)
      path = './test-site.local/private/backups/20251122_093002-test-site_local-database.sql.gz'
  File "apps/frappe/frappe/utils/backups.py", line 515, in delete_if_step_fails
    step()
      self = <frappe.utils.backups.BackupGenerator object at 0x10ab02fd0>
      step = <bound method BackupGenerator.take_dump of <frappe.utils.backups.BackupGenerator object at 0x10ab02fd0>>
      paths = ('./test-site.local/private/backups/20251122_093002-test-site_local-database.sql.gz',)
      path = './test-site.local/private/backups/20251122_093002-test-site_local-database.sql.gz'
  File "apps/frappe/frappe/utils/backups.py", line 457, in take_dump
    frappe.throw(
      self = <frappe.utils.backups.BackupGenerator object at 0x10ab02fd0>
      shlex = <module 'shlex' from '/opt/homebrew/Cellar/python@3.13/3.13.1/Frameworks/Python.framework/Versions/3.13/lib/python3.13/shlex.py'>
      frappe = <module 'frappe' from 'apps/frappe/frappe/__init__.py'>
      get_app_branch = <function get_app_branch at 0x10a8daac0>
      gzip_exc = '/usr/bin/gzip'
      database_header_content = ['begin frappe metadata', '[frappe]', 'version = 15.87.0', 'branch = version-15', 'end frappe metadata', '']
      generated_header = '-- begin frappe metadata\n-- [frappe]\n-- version = 15.87.0\n-- branch = version-15\n-- end frappe metadata\n-- \n'
      f = <_io.TextIOWrapper name='./test-site.local/private/backups/20251122_093002-test-site_local-database.sql.gz' encoding='UTF-8'>
      cmd = []
      extra = []
      get_command = <function get_command at 0x10a5c7b00>
      bin = None
      args = ['--user=_537373b7e3047fb7', '--host=127.0.0.1', '--port=3306', '--password=U5hxfjpquKPDmY5A', '--single-transaction', '--quick', '--lock-tables=false', '_537373b7e3047fb7']
      bin_name = 'mariadb-dump'
  File "apps/frappe/frappe/__init__.py", line 609, in throw
    msgprint(
      msg = 'mariadb-dump not found in PATH! This is required to take a backup.'
      exc = <class 'frappe.exceptions.ExecutableNotFound'>
      title = None
      is_minimizable = False
      wide = False
      as_list = False
      primary_action = None
  File "apps/frappe/frappe/__init__.py", line 574, in msgprint
    _raise_exception()
      msg = 'mariadb-dump not found in PATH! This is required to take a backup.'
      title = None
      raise_exception = <class 'frappe.exceptions.ExecutableNotFound'>
      as_table = False
      as_list = False
      indicator = 'red'
      alert = False
      primary_action = None
      is_minimizable = False
      wide = False
      realtime = False
      sys = <module 'sys' (built-in)>
      _raise_exception = <function msgprint.<locals>._raise_exception at 0x10abda980>
      inspect = <module 'inspect' from '/opt/homebrew/Cellar/python@3.13/3.13.1/Frameworks/Python.framework/Versions/3.13/lib/python3.13/inspect.py'>
      out = {'message': 'mariadb-dump not found in PATH! This is required to take a backup.', 'title': 'Message', 'indicator': 'red', 'raise_exception': 1, '__frappe_exc_id': '9e5c8b92189ef43e28f1d979f9d6873c9dcf89a22aff57c8663da67c'}
  File "apps/frappe/frappe/__init__.py", line 525, in _raise_exception
    raise exc
      exc = ExecutableNotFound('mariadb-dump not found in PATH! This is required to take a backup.')
      inspect = <module 'inspect' from '/opt/homebrew/Cellar/python@3.13/3.13.1/Frameworks/Python.framework/Versions/3.13/lib/python3.13/inspect.py'>
      msg = 'mariadb-dump not found in PATH! This is required to take a backup.'
      out = {'message': 'mariadb-dump not found in PATH! This is required to take a backup.', 'title': 'Message', 'indicator': 'red', 'raise_exception': 1, '__frappe_exc_id': '9e5c8b92189ef43e28f1d979f9d6873c9dcf89a22aff57c8663da67c'}
      raise_exception = <class 'frappe.exceptions.ExecutableNotFound'>
frappe.exceptions.ExecutableNotFound: mariadb-dump not found in PATH! This is required to take a backup.
Backup failed for Site test-site.local. Database or site_config.json may be corrupted
Traceback with variables (most recent call last):
  File "apps/frappe/frappe/commands/site.py", line 845, in backup
    odb = scheduled_backup(
      context = {'sites': ['test-site.local', 'vendor-qc.local'], 'force': False, 'verbose': True, 'profile': False}
      with_files = False
      backup_path = None
      backup_path_db = None
      backup_path_files = None
      backup_path_private_files = None
      backup_path_conf = None
      ignore_backup_conf = False
      verbose = True
      compress = False
      include = ''
      exclude = ''
      old_backup_metadata = False
      scheduled_backup = <function scheduled_backup at 0x108823a60>
      exit_code = 0
      rollback_callback = None
      site = 'test-site.local'
  File "apps/frappe/frappe/utils/backups.py", line 568, in scheduled_backup
    return new_backup(
      older_than = 6
      ignore_files = True
      backup_path = None
      backup_path_db = None
      backup_path_files = None
      backup_path_private_files = None
      backup_path_conf = None
      ignore_conf = False
      include_doctypes = ''
      exclude_doctypes = ''
      compress = False
      force = True
      verbose = True
      old_backup_metadata = False
      rollback_callback = <frappe.utils.CallbackManager object at 0x108a0bd60>
  File "apps/frappe/frappe/utils/backups.py", line 626, in new_backup
    odb.get_backup(older_than, ignore_files, force=force)
      older_than = 6
      ignore_files = True
      backup_path = None
      backup_path_db = None
      backup_path_files = None
      backup_path_private_files = None
      backup_path_conf = None
      ignore_conf = False
      include_doctypes = ''
      exclude_doctypes = ''
      compress = False
      force = True
      verbose = True
      old_backup_metadata = False
      rollback_callback = <frappe.utils.CallbackManager object at 0x108a0bd60>
      odb = <frappe.utils.backups.BackupGenerator object at 0x1089af230>
  File "apps/frappe/frappe/utils/backups.py", line 195, in get_backup
    self.delete_if_step_fails(self.take_dump, self.backup_path_db)
      self = <frappe.utils.backups.BackupGenerator object at 0x1089af230>
      older_than = 6
      ignore_files = True
      force = True
      last_db = False
      last_file = False
      last_private_file = False
      site_config_backup_path = False
  File "apps/frappe/frappe/utils/backups.py", line 520, in delete_if_step_fails
    raise e
      self = <frappe.utils.backups.BackupGenerator object at 0x1089af230>
      step = <bound method BackupGenerator.take_dump of <frappe.utils.backups.BackupGenerator object at 0x1089af230>>
      paths = ('./test-site.local/private/backups/20251122_153002-test-site_local-database.sql.gz',)
      path = './test-site.local/private/backups/20251122_153002-test-site_local-database.sql.gz'
  File "apps/frappe/frappe/utils/backups.py", line 515, in delete_if_step_fails
    step()
      self = <frappe.utils.backups.BackupGenerator object at 0x1089af230>
      step = <bound method BackupGenerator.take_dump of <frappe.utils.backups.BackupGenerator object at 0x1089af230>>
      paths = ('./test-site.local/private/backups/20251122_153002-test-site_local-database.sql.gz',)
      path = './test-site.local/private/backups/20251122_153002-test-site_local-database.sql.gz'
  File "apps/frappe/frappe/utils/backups.py", line 457, in take_dump
    frappe.throw(
      self = <frappe.utils.backups.BackupGenerator object at 0x1089af230>
      shlex = <module 'shlex' from '/opt/homebrew/Cellar/python@3.13/3.13.1/Frameworks/Python.framework/Versions/3.13/lib/python3.13/shlex.py'>
      frappe = <module 'frappe' from 'apps/frappe/frappe/__init__.py'>
      get_app_branch = <function get_app_branch at 0x108806ac0>
      gzip_exc = '/usr/bin/gzip'
      database_header_content = ['begin frappe metadata', '[frappe]', 'version = 15.87.0', 'branch = version-15', 'end frappe metadata', '']
      generated_header = '-- begin frappe metadata\n-- [frappe]\n-- version = 15.87.0\n-- branch = version-15\n-- end frappe metadata\n-- \n'
      f = <_io.TextIOWrapper name='./test-site.local/private/backups/20251122_153002-test-site_local-database.sql.gz' encoding='UTF-8'>
      cmd = []
      extra = []
      get_command = <function get_command at 0x10843bb00>
      bin = None
      args = ['--user=_537373b7e3047fb7', '--host=127.0.0.1', '--port=3306', '--password=U5hxfjpquKPDmY5A', '--single-transaction', '--quick', '--lock-tables=false', '_537373b7e3047fb7']
      bin_name = 'mariadb-dump'
  File "apps/frappe/frappe/__init__.py", line 609, in throw
    msgprint(
      msg = 'mariadb-dump not found in PATH! This is required to take a backup.'
      exc = <class 'frappe.exceptions.ExecutableNotFound'>
      title = None
      is_minimizable = False
      wide = False
      as_list = False
      primary_action = None
  File "apps/frappe/frappe/__init__.py", line 574, in msgprint
    _raise_exception()
      msg = 'mariadb-dump not found in PATH! This is required to take a backup.'
      title = None
      raise_exception = <class 'frappe.exceptions.ExecutableNotFound'>
      as_table = False
      as_list = False
      indicator = 'red'
      alert = False
      primary_action = None
      is_minimizable = False
      wide = False
      realtime = False
      sys = <module 'sys' (built-in)>
      _raise_exception = <function msgprint.<locals>._raise_exception at 0x106659da0>
      inspect = <module 'inspect' from '/opt/homebrew/Cellar/python@3.13/3.13.1/Frameworks/Python.framework/Versions/3.13/lib/python3.13/inspect.py'>
      out = {'message': 'mariadb-dump not found in PATH! This is required to take a backup.', 'title': 'Message', 'indicator': 'red', 'raise_exception': 1, '__frappe_exc_id': 'b9eb18b224734e023d59ce92b45c796c6607471bcba2630c9c35c522'}
  File "apps/frappe/frappe/__init__.py", line 525, in _raise_exception
    raise exc
      exc = ExecutableNotFound('mariadb-dump not found in PATH! This is required to take a backup.')
      inspect = <module 'inspect' from '/opt/homebrew/Cellar/python@3.13/3.13.1/Frameworks/Python.framework/Versions/3.13/lib/python3.13/inspect.py'>
      msg = 'mariadb-dump not found in PATH! This is required to take a backup.'
      out = {'message': 'mariadb-dump not found in PATH! This is required to take a backup.', 'title': 'Message', 'indicator': 'red', 'raise_exception': 1, '__frappe_exc_id': 'b9eb18b224734e023d59ce92b45c796c6607471bcba2630c9c35c522'}
      raise_exception = <class 'frappe.exceptions.ExecutableNotFound'>
frappe.exceptions.ExecutableNotFound: mariadb-dump not found in PATH! This is required to take a backup.
Backup failed for Site vendor-qc.local. Database or site_config.json may be corrupted
Traceback with variables (most recent call last):
  File "apps/frappe/frappe/commands/site.py", line 845, in backup
    odb = scheduled_backup(
      context = {'sites': ['test-site.local', 'vendor-qc.local'], 'force': False, 'verbose': True, 'profile': False}
      with_files = False
      backup_path = None
      backup_path_db = None
      backup_path_files = None
      backup_path_private_files = None
      backup_path_conf = None
      ignore_backup_conf = False
      verbose = True
      compress = False
      include = ''
      exclude = ''
      old_backup_metadata = False
      scheduled_backup = <function scheduled_backup at 0x108823a60>
      exit_code = 1
      rollback_callback = None
      site = 'vendor-qc.local'
  File "apps/frappe/frappe/utils/backups.py", line 568, in scheduled_backup
    return new_backup(
      older_than = 6
      ignore_files = True
      backup_path = None
      backup_path_db = None
      backup_path_files = None
      backup_path_private_files = None
      backup_path_conf = None
      ignore_conf = False
      include_doctypes = ''
      exclude_doctypes = ''
      compress = False
      force = True
      verbose = True
      old_backup_metadata = False
      rollback_callback = <frappe.utils.CallbackManager object at 0x108a3bfd0>
  File "apps/frappe/frappe/utils/backups.py", line 626, in new_backup
    odb.get_backup(older_than, ignore_files, force=force)
      older_than = 6
      ignore_files = True
      backup_path = None
      backup_path_db = None
      backup_path_files = None
      backup_path_private_files = None
      backup_path_conf = None
      ignore_conf = False
      include_doctypes = ''
      exclude_doctypes = ''
      compress = False
      force = True
      verbose = True
      old_backup_metadata = False
      rollback_callback = <frappe.utils.CallbackManager object at 0x108a3bfd0>
      odb = <frappe.utils.backups.BackupGenerator object at 0x1089c6fd0>
  File "apps/frappe/frappe/utils/backups.py", line 195, in get_backup
    self.delete_if_step_fails(self.take_dump, self.backup_path_db)
      self = <frappe.utils.backups.BackupGenerator object at 0x1089c6fd0>
      older_than = 6
      ignore_files = True
      force = True
      last_db = False
      last_file = False
      last_private_file = False
      site_config_backup_path = False
  File "apps/frappe/frappe/utils/backups.py", line 520, in delete_if_step_fails
    raise e
      self = <frappe.utils.backups.BackupGenerator object at 0x1089c6fd0>
      step = <bound method BackupGenerator.take_dump of <frappe.utils.backups.BackupGenerator object at 0x1089c6fd0>>
      paths = ('./test-site.local/private/backups/20251122_153002-test-site_local-database.sql.gz',)
      path = './test-site.local/private/backups/20251122_153002-test-site_local-database.sql.gz'
  File "apps/frappe/frappe/utils/backups.py", line 515, in delete_if_step_fails
    step()
      self = <frappe.utils.backups.BackupGenerator object at 0x1089c6fd0>
      step = <bound method BackupGenerator.take_dump of <frappe.utils.backups.BackupGenerator object at 0x1089c6fd0>>
      paths = ('./test-site.local/private/backups/20251122_153002-test-site_local-database.sql.gz',)
      path = './test-site.local/private/backups/20251122_153002-test-site_local-database.sql.gz'
  File "apps/frappe/frappe/utils/backups.py", line 457, in take_dump
    frappe.throw(
      self = <frappe.utils.backups.BackupGenerator object at 0x1089c6fd0>
      shlex = <module 'shlex' from '/opt/homebrew/Cellar/python@3.13/3.13.1/Frameworks/Python.framework/Versions/3.13/lib/python3.13/shlex.py'>
      frappe = <module 'frappe' from 'apps/frappe/frappe/__init__.py'>
      get_app_branch = <function get_app_branch at 0x108806ac0>
      gzip_exc = '/usr/bin/gzip'
      database_header_content = ['begin frappe metadata', '[frappe]', 'version = 15.87.0', 'branch = version-15', 'end frappe metadata', '']
      generated_header = '-- begin frappe metadata\n-- [frappe]\n-- version = 15.87.0\n-- branch = version-15\n-- end frappe metadata\n-- \n'
      f = <_io.TextIOWrapper name='./test-site.local/private/backups/20251122_153002-test-site_local-database.sql.gz' encoding='UTF-8'>
      cmd = []
      extra = []
      get_command = <function get_command at 0x10843bb00>
      bin = None
      args = ['--user=_537373b7e3047fb7', '--host=127.0.0.1', '--port=3306', '--password=U5hxfjpquKPDmY5A', '--single-transaction', '--quick', '--lock-tables=false', '_537373b7e3047fb7']
      bin_name = 'mariadb-dump'
  File "apps/frappe/frappe/__init__.py", line 609, in throw
    msgprint(
      msg = 'mariadb-dump not found in PATH! This is required to take a backup.'
      exc = <class 'frappe.exceptions.ExecutableNotFound'>
      title = None
      is_minimizable = False
      wide = False
      as_list = False
      primary_action = None
  File "apps/frappe/frappe/__init__.py", line 574, in msgprint
    _raise_exception()
      msg = 'mariadb-dump not found in PATH! This is required to take a backup.'
      title = None
      raise_exception = <class 'frappe.exceptions.ExecutableNotFound'>
      as_table = False
      as_list = False
      indicator = 'red'
      alert = False
      primary_action = None
      is_minimizable = False
      wide = False
      realtime = False
      sys = <module 'sys' (built-in)>
      _raise_exception = <function msgprint.<locals>._raise_exception at 0x108a9e980>
      inspect = <module 'inspect' from '/opt/homebrew/Cellar/python@3.13/3.13.1/Frameworks/Python.framework/Versions/3.13/lib/python3.13/inspect.py'>
      out = {'message': 'mariadb-dump not found in PATH! This is required to take a backup.', 'title': 'Message', 'indicator': 'red', 'raise_exception': 1, '__frappe_exc_id': 'e6bbf7edf89a2c8d18c610665c748bce04b5968796d8ab19bdfe8a59'}
  File "apps/frappe/frappe/__init__.py", line 525, in _raise_exception
    raise exc
      exc = ExecutableNotFound('mariadb-dump not found in PATH! This is required to take a backup.')
      inspect = <module 'inspect' from '/opt/homebrew/Cellar/python@3.13/3.13.1/Frameworks/Python.framework/Versions/3.13/lib/python3.13/inspect.py'>
      msg = 'mariadb-dump not found in PATH! This is required to take a backup.'
      out = {'message': 'mariadb-dump not found in PATH! This is required to take a backup.', 'title': 'Message', 'indicator': 'red', 'raise_exception': 1, '__frappe_exc_id': 'e6bbf7edf89a2c8d18c610665c748bce04b5968796d8ab19bdfe8a59'}
      raise_exception = <class 'frappe.exceptions.ExecutableNotFound'>
frappe.exceptions.ExecutableNotFound: mariadb-dump not found in PATH! This is required to take a backup.
Backup failed for Site test-site.local. Database or site_config.json may be corrupted
Traceback with variables (most recent call last):
  File "apps/frappe/frappe/commands/site.py", line 845, in backup
    odb = scheduled_backup(
      context = {'sites': ['test-site.local', 'vendor-qc.local'], 'force': False, 'verbose': True, 'profile': False}
      with_files = False
      backup_path = None
      backup_path_db = None
      backup_path_files = None
      backup_path_private_files = None
      backup_path_conf = None
      ignore_backup_conf = False
      verbose = True
      compress = False
      include = ''
      exclude = ''
      old_backup_metadata = False
      scheduled_backup = <function scheduled_backup at 0x10801fa60>
      exit_code = 0
      rollback_callback = None
      site = 'test-site.local'
  File "apps/frappe/frappe/utils/backups.py", line 568, in scheduled_backup
    return new_backup(
      older_than = 6
      ignore_files = True
      backup_path = None
      backup_path_db = None
      backup_path_files = None
      backup_path_private_files = None
      backup_path_conf = None
      ignore_conf = False
      include_doctypes = ''
      exclude_doctypes = ''
      compress = False
      force = True
      verbose = True
      old_backup_metadata = False
      rollback_callback = <frappe.utils.CallbackManager object at 0x108207e20>
  File "apps/frappe/frappe/utils/backups.py", line 626, in new_backup
    odb.get_backup(older_than, ignore_files, force=force)
      older_than = 6
      ignore_files = True
      backup_path = None
      backup_path_db = None
      backup_path_files = None
      backup_path_private_files = None
      backup_path_conf = None
      ignore_conf = False
      include_doctypes = ''
      exclude_doctypes = ''
      compress = False
      force = True
      verbose = True
      old_backup_metadata = False
      rollback_callback = <frappe.utils.CallbackManager object at 0x108207e20>
      odb = <frappe.utils.backups.BackupGenerator object at 0x1081ab230>
  File "apps/frappe/frappe/utils/backups.py", line 195, in get_backup
    self.delete_if_step_fails(self.take_dump, self.backup_path_db)
      self = <frappe.utils.backups.BackupGenerator object at 0x1081ab230>
      older_than = 6
      ignore_files = True
      force = True
      last_db = False
      last_file = False
      last_private_file = False
      site_config_backup_path = False
  File "apps/frappe/frappe/utils/backups.py", line 520, in delete_if_step_fails
    raise e
      self = <frappe.utils.backups.BackupGenerator object at 0x1081ab230>
      step = <bound method BackupGenerator.take_dump of <frappe.utils.backups.BackupGenerator object at 0x1081ab230>>
      paths = ('./test-site.local/private/backups/20251123_033455-test-site_local-database.sql.gz',)
      path = './test-site.local/private/backups/20251123_033455-test-site_local-database.sql.gz'
  File "apps/frappe/frappe/utils/backups.py", line 515, in delete_if_step_fails
    step()
      self = <frappe.utils.backups.BackupGenerator object at 0x1081ab230>
      step = <bound method BackupGenerator.take_dump of <frappe.utils.backups.BackupGenerator object at 0x1081ab230>>
      paths = ('./test-site.local/private/backups/20251123_033455-test-site_local-database.sql.gz',)
      path = './test-site.local/private/backups/20251123_033455-test-site_local-database.sql.gz'
  File "apps/frappe/frappe/utils/backups.py", line 457, in take_dump
    frappe.throw(
      self = <frappe.utils.backups.BackupGenerator object at 0x1081ab230>
      shlex = <module 'shlex' from '/opt/homebrew/Cellar/python@3.13/3.13.1/Frameworks/Python.framework/Versions/3.13/lib/python3.13/shlex.py'>
      frappe = <module 'frappe' from 'apps/frappe/frappe/__init__.py'>
      get_app_branch = <function get_app_branch at 0x108002ac0>
      gzip_exc = '/usr/bin/gzip'
      database_header_content = ['begin frappe metadata', '[frappe]', 'version = 15.87.0', 'branch = version-15', 'end frappe metadata', '']
      generated_header = '-- begin frappe metadata\n-- [frappe]\n-- version = 15.87.0\n-- branch = version-15\n-- end frappe metadata\n-- \n'
      f = <_io.TextIOWrapper name='./test-site.local/private/backups/20251123_033455-test-site_local-database.sql.gz' encoding='UTF-8'>
      cmd = []
      extra = []
      get_command = <function get_command at 0x107c37b00>
      bin = None
      args = ['--user=_537373b7e3047fb7', '--host=127.0.0.1', '--port=3306', '--password=U5hxfjpquKPDmY5A', '--single-transaction', '--quick', '--lock-tables=false', '_537373b7e3047fb7']
      bin_name = 'mariadb-dump'
  File "apps/frappe/frappe/__init__.py", line 609, in throw
    msgprint(
      msg = 'mariadb-dump not found in PATH! This is required to take a backup.'
      exc = <class 'frappe.exceptions.ExecutableNotFound'>
      title = None
      is_minimizable = False
      wide = False
      as_list = False
      primary_action = None
  File "apps/frappe/frappe/__init__.py", line 574, in msgprint
    _raise_exception()
      msg = 'mariadb-dump not found in PATH! This is required to take a backup.'
      title = None
      raise_exception = <class 'frappe.exceptions.ExecutableNotFound'>
      as_table = False
      as_list = False
      indicator = 'red'
      alert = False
      primary_action = None
      is_minimizable = False
      wide = False
      realtime = False
      sys = <module 'sys' (built-in)>
      _raise_exception = <function msgprint.<locals>._raise_exception at 0x105e55da0>
      inspect = <module 'inspect' from '/opt/homebrew/Cellar/python@3.13/3.13.1/Frameworks/Python.framework/Versions/3.13/lib/python3.13/inspect.py'>
      out = {'message': 'mariadb-dump not found in PATH! This is required to take a backup.', 'title': 'Message', 'indicator': 'red', 'raise_exception': 1, '__frappe_exc_id': '6c19e48acc17b620ed0ba1333f1ba413b3524a9670fa3741b19c60a7'}
  File "apps/frappe/frappe/__init__.py", line 525, in _raise_exception
    raise exc
      exc = ExecutableNotFound('mariadb-dump not found in PATH! This is required to take a backup.')
      inspect = <module 'inspect' from '/opt/homebrew/Cellar/python@3.13/3.13.1/Frameworks/Python.framework/Versions/3.13/lib/python3.13/inspect.py'>
      msg = 'mariadb-dump not found in PATH! This is required to take a backup.'
      out = {'message': 'mariadb-dump not found in PATH! This is required to take a backup.', 'title': 'Message', 'indicator': 'red', 'raise_exception': 1, '__frappe_exc_id': '6c19e48acc17b620ed0ba1333f1ba413b3524a9670fa3741b19c60a7'}
      raise_exception = <class 'frappe.exceptions.ExecutableNotFound'>
frappe.exceptions.ExecutableNotFound: mariadb-dump not found in PATH! This is required to take a backup.
Backup failed for Site vendor-qc.local. Database or site_config.json may be corrupted
Traceback with variables (most recent call last):
  File "apps/frappe/frappe/commands/site.py", line 845, in backup
    odb = scheduled_backup(
      context = {'sites': ['test-site.local', 'vendor-qc.local'], 'force': False, 'verbose': True, 'profile': False}
      with_files = False
      backup_path = None
      backup_path_db = None
      backup_path_files = None
      backup_path_private_files = None
      backup_path_conf = None
      ignore_backup_conf = False
      verbose = True
      compress = False
      include = ''
      exclude = ''
      old_backup_metadata = False
      scheduled_backup = <function scheduled_backup at 0x10801fa60>
      exit_code = 1
      rollback_callback = None
      site = 'vendor-qc.local'
  File "apps/frappe/frappe/utils/backups.py", line 568, in scheduled_backup
    return new_backup(
      older_than = 6
      ignore_files = True
      backup_path = None
      backup_path_db = None
      backup_path_files = None
      backup_path_private_files = None
      backup_path_conf = None
      ignore_conf = False
      include_doctypes = ''
      exclude_doctypes = ''
      compress = False
      force = True
      verbose = True
      old_backup_metadata = False
      rollback_callback = <frappe.utils.CallbackManager object at 0x107ba5ab0>
  File "apps/frappe/frappe/utils/backups.py", line 626, in new_backup
    odb.get_backup(older_than, ignore_files, force=force)
      older_than = 6
      ignore_files = True
      backup_path = None
      backup_path_db = None
      backup_path_files = None
      backup_path_private_files = None
      backup_path_conf = None
      ignore_conf = False
      include_doctypes = ''
      exclude_doctypes = ''
      compress = False
      force = True
      verbose = True
      old_backup_metadata = False
      rollback_callback = <frappe.utils.CallbackManager object at 0x107ba5ab0>
      odb = <frappe.utils.backups.BackupGenerator object at 0x1081c2fd0>
  File "apps/frappe/frappe/utils/backups.py", line 195, in get_backup
    self.delete_if_step_fails(self.take_dump, self.backup_path_db)
      self = <frappe.utils.backups.BackupGenerator object at 0x1081c2fd0>
      older_than = 6
      ignore_files = True
      force = True
      last_db = False
      last_file = False
      last_private_file = False
      site_config_backup_path = False
  File "apps/frappe/frappe/utils/backups.py", line 520, in delete_if_step_fails
    raise e
      self = <frappe.utils.backups.BackupGenerator object at 0x1081c2fd0>
      step = <bound method BackupGenerator.take_dump of <frappe.utils.backups.BackupGenerator object at 0x1081c2fd0>>
      paths = ('./test-site.local/private/backups/20251123_033456-test-site_local-database.sql.gz',)
      path = './test-site.local/private/backups/20251123_033456-test-site_local-database.sql.gz'
  File "apps/frappe/frappe/utils/backups.py", line 515, in delete_if_step_fails
    step()
      self = <frappe.utils.backups.BackupGenerator object at 0x1081c2fd0>
      step = <bound method BackupGenerator.take_dump of <frappe.utils.backups.BackupGenerator object at 0x1081c2fd0>>
      paths = ('./test-site.local/private/backups/20251123_033456-test-site_local-database.sql.gz',)
      path = './test-site.local/private/backups/20251123_033456-test-site_local-database.sql.gz'
  File "apps/frappe/frappe/utils/backups.py", line 457, in take_dump
    frappe.throw(
      self = <frappe.utils.backups.BackupGenerator object at 0x1081c2fd0>
      shlex = <module 'shlex' from '/opt/homebrew/Cellar/python@3.13/3.13.1/Frameworks/Python.framework/Versions/3.13/lib/python3.13/shlex.py'>
      frappe = <module 'frappe' from 'apps/frappe/frappe/__init__.py'>
      get_app_branch = <function get_app_branch at 0x108002ac0>
      gzip_exc = '/usr/bin/gzip'
      database_header_content = ['begin frappe metadata', '[frappe]', 'version = 15.87.0', 'branch = version-15', 'end frappe metadata', '']
      generated_header = '-- begin frappe metadata\n-- [frappe]\n-- version = 15.87.0\n-- branch = version-15\n-- end frappe metadata\n-- \n'
      f = <_io.TextIOWrapper name='./test-site.local/private/backups/20251123_033456-test-site_local-database.sql.gz' encoding='UTF-8'>
      cmd = []
      extra = []
      get_command = <function get_command at 0x107c37b00>
      bin = None
      args = ['--user=_537373b7e3047fb7', '--host=127.0.0.1', '--port=3306', '--password=U5hxfjpquKPDmY5A', '--single-transaction', '--quick', '--lock-tables=false', '_537373b7e3047fb7']
      bin_name = 'mariadb-dump'
  File "apps/frappe/frappe/__init__.py", line 609, in throw
    msgprint(
      msg = 'mariadb-dump not found in PATH! This is required to take a backup.'
      exc = <class 'frappe.exceptions.ExecutableNotFound'>
      title = None
      is_minimizable = False
      wide = False
      as_list = False
      primary_action = None
  File "apps/frappe/frappe/__init__.py", line 574, in msgprint
    _raise_exception()
      msg = 'mariadb-dump not found in PATH! This is required to take a backup.'
      title = None
      raise_exception = <class 'frappe.exceptions.ExecutableNotFound'>
      as_table = False
      as_list = False
      indicator = 'red'
      alert = False
      primary_action = None
      is_minimizable = False
      wide = False
      realtime = False
      sys = <module 'sys' (built-in)>
      _raise_exception = <function msgprint.<locals>._raise_exception at 0x10829a980>
      inspect = <module 'inspect' from '/opt/homebrew/Cellar/python@3.13/3.13.1/Frameworks/Python.framework/Versions/3.13/lib/python3.13/inspect.py'>
      out = {'message': 'mariadb-dump not found in PATH! This is required to take a backup.', 'title': 'Message', 'indicator': 'red', 'raise_exception': 1, '__frappe_exc_id': 'e3cb232eae0737bc13a3f750b16c0765845d1aedae108b6f629d7559'}
  File "apps/frappe/frappe/__init__.py", line 525, in _raise_exception
    raise exc
      exc = ExecutableNotFound('mariadb-dump not found in PATH! This is required to take a backup.')
      inspect = <module 'inspect' from '/opt/homebrew/Cellar/python@3.13/3.13.1/Frameworks/Python.framework/Versions/3.13/lib/python3.13/inspect.py'>
      msg = 'mariadb-dump not found in PATH! This is required to take a backup.'
      out = {'message': 'mariadb-dump not found in PATH! This is required to take a backup.', 'title': 'Message', 'indicator': 'red', 'raise_exception': 1, '__frappe_exc_id': 'e3cb232eae0737bc13a3f750b16c0765845d1aedae108b6f629d7559'}
      raise_exception = <class 'frappe.exceptions.ExecutableNotFound'>
frappe.exceptions.ExecutableNotFound: mariadb-dump not found in PATH! This is required to take a backup.
Backup failed for Site test-site.local. Database or site_config.json may be corrupted
Traceback with variables (most recent call last):
  File "apps/frappe/frappe/commands/site.py", line 845, in backup
    odb = scheduled_backup(
      context = {'sites': ['test-site.local', 'vendor-qc.local'], 'force': False, 'verbose': True, 'profile': False}
      with_files = False
      backup_path = None
      backup_path_db = None
      backup_path_files = None
      backup_path_private_files = None
      backup_path_conf = None
      ignore_backup_conf = False
      verbose = True
      compress = False
      include = ''
      exclude = ''
      old_backup_metadata = False
      scheduled_backup = <function scheduled_backup at 0x10c907a60>
      exit_code = 0
      rollback_callback = None
      site = 'test-site.local'
  File "apps/frappe/frappe/utils/backups.py", line 568, in scheduled_backup
    return new_backup(
      older_than = 6
      ignore_files = True
      backup_path = None
      backup_path_db = None
      backup_path_files = None
      backup_path_private_files = None
      backup_path_conf = None
      ignore_conf = False
      include_doctypes = ''
      exclude_doctypes = ''
      compress = False
      force = True
      verbose = True
      old_backup_metadata = False
      rollback_callback = <frappe.utils.CallbackManager object at 0x10cb14070>
  File "apps/frappe/frappe/utils/backups.py", line 626, in new_backup
    odb.get_backup(older_than, ignore_files, force=force)
      older_than = 6
      ignore_files = True
      backup_path = None
      backup_path_db = None
      backup_path_files = None
      backup_path_private_files = None
      backup_path_conf = None
      ignore_conf = False
      include_doctypes = ''
      exclude_doctypes = ''
      compress = False
      force = True
      verbose = True
      old_backup_metadata = False
      rollback_callback = <frappe.utils.CallbackManager object at 0x10cb14070>
      odb = <frappe.utils.backups.BackupGenerator object at 0x10ca93230>
  File "apps/frappe/frappe/utils/backups.py", line 195, in get_backup
    self.delete_if_step_fails(self.take_dump, self.backup_path_db)
      self = <frappe.utils.backups.BackupGenerator object at 0x10ca93230>
      older_than = 6
      ignore_files = True
      force = True
      last_db = False
      last_file = False
      last_private_file = False
      site_config_backup_path = False
  File "apps/frappe/frappe/utils/backups.py", line 520, in delete_if_step_fails
    raise e
      self = <frappe.utils.backups.BackupGenerator object at 0x10ca93230>
      step = <bound method BackupGenerator.take_dump of <frappe.utils.backups.BackupGenerator object at 0x10ca93230>>
      paths = ('./test-site.local/private/backups/20251123_093001-test-site_local-database.sql.gz',)
      path = './test-site.local/private/backups/20251123_093001-test-site_local-database.sql.gz'
  File "apps/frappe/frappe/utils/backups.py", line 515, in delete_if_step_fails
    step()
      self = <frappe.utils.backups.BackupGenerator object at 0x10ca93230>
      step = <bound method BackupGenerator.take_dump of <frappe.utils.backups.BackupGenerator object at 0x10ca93230>>
      paths = ('./test-site.local/private/backups/20251123_093001-test-site_local-database.sql.gz',)
      path = './test-site.local/private/backups/20251123_093001-test-site_local-database.sql.gz'
  File "apps/frappe/frappe/utils/backups.py", line 457, in take_dump
    frappe.throw(
      self = <frappe.utils.backups.BackupGenerator object at 0x10ca93230>
      shlex = <module 'shlex' from '/opt/homebrew/Cellar/python@3.13/3.13.1/Frameworks/Python.framework/Versions/3.13/lib/python3.13/shlex.py'>
      frappe = <module 'frappe' from 'apps/frappe/frappe/__init__.py'>
      get_app_branch = <function get_app_branch at 0x10c8eaac0>
      gzip_exc = '/usr/bin/gzip'
      database_header_content = ['begin frappe metadata', '[frappe]', 'version = 15.87.0', 'branch = version-15', 'end frappe metadata', '']
      generated_header = '-- begin frappe metadata\n-- [frappe]\n-- version = 15.87.0\n-- branch = version-15\n-- end frappe metadata\n-- \n'
      f = <_io.TextIOWrapper name='./test-site.local/private/backups/20251123_093001-test-site_local-database.sql.gz' encoding='UTF-8'>
      cmd = []
      extra = []
      get_command = <function get_command at 0x10c597b00>
      bin = None
      args = ['--user=_537373b7e3047fb7', '--host=127.0.0.1', '--port=3306', '--password=U5hxfjpquKPDmY5A', '--single-transaction', '--quick', '--lock-tables=false', '_537373b7e3047fb7']
      bin_name = 'mariadb-dump'
  File "apps/frappe/frappe/__init__.py", line 609, in throw
    msgprint(
      msg = 'mariadb-dump not found in PATH! This is required to take a backup.'
      exc = <class 'frappe.exceptions.ExecutableNotFound'>
      title = None
      is_minimizable = False
      wide = False
      as_list = False
      primary_action = None
  File "apps/frappe/frappe/__init__.py", line 574, in msgprint
    _raise_exception()
      msg = 'mariadb-dump not found in PATH! This is required to take a backup.'
      title = None
      raise_exception = <class 'frappe.exceptions.ExecutableNotFound'>
      as_table = False
      as_list = False
      indicator = 'red'
      alert = False
      primary_action = None
      is_minimizable = False
      wide = False
      realtime = False
      sys = <module 'sys' (built-in)>
      _raise_exception = <function msgprint.<locals>._raise_exception at 0x10a74dda0>
      inspect = <module 'inspect' from '/opt/homebrew/Cellar/python@3.13/3.13.1/Frameworks/Python.framework/Versions/3.13/lib/python3.13/inspect.py'>
      out = {'message': 'mariadb-dump not found in PATH! This is required to take a backup.', 'title': 'Message', 'indicator': 'red', 'raise_exception': 1, '__frappe_exc_id': 'ad6e618655fe7741e1c6ef9834ee729f42f58cdad5a67ecf28507c55'}
  File "apps/frappe/frappe/__init__.py", line 525, in _raise_exception
    raise exc
      exc = ExecutableNotFound('mariadb-dump not found in PATH! This is required to take a backup.')
      inspect = <module 'inspect' from '/opt/homebrew/Cellar/python@3.13/3.13.1/Frameworks/Python.framework/Versions/3.13/lib/python3.13/inspect.py'>
      msg = 'mariadb-dump not found in PATH! This is required to take a backup.'
      out = {'message': 'mariadb-dump not found in PATH! This is required to take a backup.', 'title': 'Message', 'indicator': 'red', 'raise_exception': 1, '__frappe_exc_id': 'ad6e618655fe7741e1c6ef9834ee729f42f58cdad5a67ecf28507c55'}
      raise_exception = <class 'frappe.exceptions.ExecutableNotFound'>
frappe.exceptions.ExecutableNotFound: mariadb-dump not found in PATH! This is required to take a backup.
Backup failed for Site vendor-qc.local. Database or site_config.json may be corrupted
Traceback with variables (most recent call last):
  File "apps/frappe/frappe/commands/site.py", line 845, in backup
    odb = scheduled_backup(
      context = {'sites': ['test-site.local', 'vendor-qc.local'], 'force': False, 'verbose': True, 'profile': False}
      with_files = False
      backup_path = None
      backup_path_db = None
      backup_path_files = None
      backup_path_private_files = None
      backup_path_conf = None
      ignore_backup_conf = False
      verbose = True
      compress = False
      include = ''
      exclude = ''
      old_backup_metadata = False
      scheduled_backup = <function scheduled_backup at 0x10c907a60>
      exit_code = 1
      rollback_callback = None
      site = 'vendor-qc.local'
  File "apps/frappe/frappe/utils/backups.py", line 568, in scheduled_backup
    return new_backup(
      older_than = 6
      ignore_files = True
      backup_path = None
      backup_path_db = None
      backup_path_files = None
      backup_path_private_files = None
      backup_path_conf = None
      ignore_conf = False
      include_doctypes = ''
      exclude_doctypes = ''
      compress = False
      force = True
      verbose = True
      old_backup_metadata = False
      rollback_callback = <frappe.utils.CallbackManager object at 0x10ca153c0>
  File "apps/frappe/frappe/utils/backups.py", line 626, in new_backup
    odb.get_backup(older_than, ignore_files, force=force)
      older_than = 6
      ignore_files = True
      backup_path = None
      backup_path_db = None
      backup_path_files = None
      backup_path_private_files = None
      backup_path_conf = None
      ignore_conf = False
      include_doctypes = ''
      exclude_doctypes = ''
      compress = False
      force = True
      verbose = True
      old_backup_metadata = False
      rollback_callback = <frappe.utils.CallbackManager object at 0x10ca153c0>
      odb = <frappe.utils.backups.BackupGenerator object at 0x10caaafd0>
  File "apps/frappe/frappe/utils/backups.py", line 195, in get_backup
    self.delete_if_step_fails(self.take_dump, self.backup_path_db)
      self = <frappe.utils.backups.BackupGenerator object at 0x10caaafd0>
      older_than = 6
      ignore_files = True
      force = True
      last_db = False
      last_file = False
      last_private_file = False
      site_config_backup_path = False
  File "apps/frappe/frappe/utils/backups.py", line 520, in delete_if_step_fails
    raise e
      self = <frappe.utils.backups.BackupGenerator object at 0x10caaafd0>
      step = <bound method BackupGenerator.take_dump of <frappe.utils.backups.BackupGenerator object at 0x10caaafd0>>
      paths = ('./test-site.local/private/backups/20251123_093002-test-site_local-database.sql.gz',)
      path = './test-site.local/private/backups/20251123_093002-test-site_local-database.sql.gz'
  File "apps/frappe/frappe/utils/backups.py", line 515, in delete_if_step_fails
    step()
      self = <frappe.utils.backups.BackupGenerator object at 0x10caaafd0>
      step = <bound method BackupGenerator.take_dump of <frappe.utils.backups.BackupGenerator object at 0x10caaafd0>>
      paths = ('./test-site.local/private/backups/20251123_093002-test-site_local-database.sql.gz',)
      path = './test-site.local/private/backups/20251123_093002-test-site_local-database.sql.gz'
  File "apps/frappe/frappe/utils/backups.py", line 457, in take_dump
    frappe.throw(
      self = <frappe.utils.backups.BackupGenerator object at 0x10caaafd0>
      shlex = <module 'shlex' from '/opt/homebrew/Cellar/python@3.13/3.13.1/Frameworks/Python.framework/Versions/3.13/lib/python3.13/shlex.py'>
      frappe = <module 'frappe' from 'apps/frappe/frappe/__init__.py'>
      get_app_branch = <function get_app_branch at 0x10c8eaac0>
      gzip_exc = '/usr/bin/gzip'
      database_header_content = ['begin frappe metadata', '[frappe]', 'version = 15.87.0', 'branch = version-15', 'end frappe metadata', '']
      generated_header = '-- begin frappe metadata\n-- [frappe]\n-- version = 15.87.0\n-- branch = version-15\n-- end frappe metadata\n-- \n'
      f = <_io.TextIOWrapper name='./test-site.local/private/backups/20251123_093002-test-site_local-database.sql.gz' encoding='UTF-8'>
      cmd = []
      extra = []
      get_command = <function get_command at 0x10c597b00>
      bin = None
      args = ['--user=_537373b7e3047fb7', '--host=127.0.0.1', '--port=3306', '--password=U5hxfjpquKPDmY5A', '--single-transaction', '--quick', '--lock-tables=false', '_537373b7e3047fb7']
      bin_name = 'mariadb-dump'
  File "apps/frappe/frappe/__init__.py", line 609, in throw
    msgprint(
      msg = 'mariadb-dump not found in PATH! This is required to take a backup.'
      exc = <class 'frappe.exceptions.ExecutableNotFound'>
      title = None
      is_minimizable = False
      wide = False
      as_list = False
      primary_action = None
  File "apps/frappe/frappe/__init__.py", line 574, in msgprint
    _raise_exception()
      msg = 'mariadb-dump not found in PATH! This is required to take a backup.'
      title = None
      raise_exception = <class 'frappe.exceptions.ExecutableNotFound'>
      as_table = False
      as_list = False
      indicator = 'red'
      alert = False
      primary_action = None
      is_minimizable = False
      wide = False
      realtime = False
      sys = <module 'sys' (built-in)>
      _raise_exception = <function msgprint.<locals>._raise_exception at 0x10cb82980>
      inspect = <module 'inspect' from '/opt/homebrew/Cellar/python@3.13/3.13.1/Frameworks/Python.framework/Versions/3.13/lib/python3.13/inspect.py'>
      out = {'message': 'mariadb-dump not found in PATH! This is required to take a backup.', 'title': 'Message', 'indicator': 'red', 'raise_exception': 1, '__frappe_exc_id': 'b742c6e0384d9dc2f01a96d69ab2333a2a1a833f3321ca2abd3f5779'}
  File "apps/frappe/frappe/__init__.py", line 525, in _raise_exception
    raise exc
      exc = ExecutableNotFound('mariadb-dump not found in PATH! This is required to take a backup.')
      inspect = <module 'inspect' from '/opt/homebrew/Cellar/python@3.13/3.13.1/Frameworks/Python.framework/Versions/3.13/lib/python3.13/inspect.py'>
      msg = 'mariadb-dump not found in PATH! This is required to take a backup.'
      out = {'message': 'mariadb-dump not found in PATH! This is required to take a backup.', 'title': 'Message', 'indicator': 'red', 'raise_exception': 1, '__frappe_exc_id': 'b742c6e0384d9dc2f01a96d69ab2333a2a1a833f3321ca2abd3f5779'}
      raise_exception = <class 'frappe.exceptions.ExecutableNotFound'>
frappe.exceptions.ExecutableNotFound: mariadb-dump not found in PATH! This is required to take a backup.
Backup failed for Site test-site.local. Database or site_config.json may be corrupted
Traceback with variables (most recent call last):
  File "apps/frappe/frappe/commands/site.py", line 845, in backup
    odb = scheduled_backup(
      context = {'sites': ['test-site.local', 'vendor-qc.local'], 'force': False, 'verbose': True, 'profile': False}
      with_files = False
      backup_path = None
      backup_path_db = None
      backup_path_files = None
      backup_path_private_files = None
      backup_path_conf = None
      ignore_backup_conf = False
      verbose = True
      compress = False
      include = ''
      exclude = ''
      old_backup_metadata = False
      scheduled_backup = <function scheduled_backup at 0x10ab53a60>
      exit_code = 0
      rollback_callback = None
      site = 'test-site.local'
  File "apps/frappe/frappe/utils/backups.py", line 568, in scheduled_backup
    return new_backup(
      older_than = 6
      ignore_files = True
      backup_path = None
      backup_path_db = None
      backup_path_files = None
      backup_path_private_files = None
      backup_path_conf = None
      ignore_conf = False
      include_doctypes = ''
      exclude_doctypes = ''
      compress = False
      force = True
      verbose = True
      old_backup_metadata = False
      rollback_callback = <frappe.utils.CallbackManager object at 0x10ada39d0>
  File "apps/frappe/frappe/utils/backups.py", line 626, in new_backup
    odb.get_backup(older_than, ignore_files, force=force)
      older_than = 6
      ignore_files = True
      backup_path = None
      backup_path_db = None
      backup_path_files = None
      backup_path_private_files = None
      backup_path_conf = None
      ignore_conf = False
      include_doctypes = ''
      exclude_doctypes = ''
      compress = False
      force = True
      verbose = True
      old_backup_metadata = False
      rollback_callback = <frappe.utils.CallbackManager object at 0x10ada39d0>
      odb = <frappe.utils.backups.BackupGenerator object at 0x10ad43230>
  File "apps/frappe/frappe/utils/backups.py", line 195, in get_backup
    self.delete_if_step_fails(self.take_dump, self.backup_path_db)
      self = <frappe.utils.backups.BackupGenerator object at 0x10ad43230>
      older_than = 6
      ignore_files = True
      force = True
      last_db = False
      last_file = False
      last_private_file = False
      site_config_backup_path = False
  File "apps/frappe/frappe/utils/backups.py", line 520, in delete_if_step_fails
    raise e
      self = <frappe.utils.backups.BackupGenerator object at 0x10ad43230>
      step = <bound method BackupGenerator.take_dump of <frappe.utils.backups.BackupGenerator object at 0x10ad43230>>
      paths = ('./test-site.local/private/backups/20251123_153002-test-site_local-database.sql.gz',)
      path = './test-site.local/private/backups/20251123_153002-test-site_local-database.sql.gz'
  File "apps/frappe/frappe/utils/backups.py", line 515, in delete_if_step_fails
    step()
      self = <frappe.utils.backups.BackupGenerator object at 0x10ad43230>
      step = <bound method BackupGenerator.take_dump of <frappe.utils.backups.BackupGenerator object at 0x10ad43230>>
      paths = ('./test-site.local/private/backups/20251123_153002-test-site_local-database.sql.gz',)
      path = './test-site.local/private/backups/20251123_153002-test-site_local-database.sql.gz'
  File "apps/frappe/frappe/utils/backups.py", line 457, in take_dump
    frappe.throw(
      self = <frappe.utils.backups.BackupGenerator object at 0x10ad43230>
      shlex = <module 'shlex' from '/opt/homebrew/Cellar/python@3.13/3.13.1/Frameworks/Python.framework/Versions/3.13/lib/python3.13/shlex.py'>
      frappe = <module 'frappe' from 'apps/frappe/frappe/__init__.py'>
      get_app_branch = <function get_app_branch at 0x10ab36ac0>
      gzip_exc = '/usr/bin/gzip'
      database_header_content = ['begin frappe metadata', '[frappe]', 'version = 15.87.0', 'branch = version-15', 'end frappe metadata', '']
      generated_header = '-- begin frappe metadata\n-- [frappe]\n-- version = 15.87.0\n-- branch = version-15\n-- end frappe metadata\n-- \n'
      f = <_io.TextIOWrapper name='./test-site.local/private/backups/20251123_153002-test-site_local-database.sql.gz' encoding='UTF-8'>
      cmd = []
      extra = []
      get_command = <function get_command at 0x10a823b00>
      bin = None
      args = ['--user=_537373b7e3047fb7', '--host=127.0.0.1', '--port=3306', '--password=U5hxfjpquKPDmY5A', '--single-transaction', '--quick', '--lock-tables=false', '_537373b7e3047fb7']
      bin_name = 'mariadb-dump'
  File "apps/frappe/frappe/__init__.py", line 609, in throw
    msgprint(
      msg = 'mariadb-dump not found in PATH! This is required to take a backup.'
      exc = <class 'frappe.exceptions.ExecutableNotFound'>
      title = None
      is_minimizable = False
      wide = False
      as_list = False
      primary_action = None
  File "apps/frappe/frappe/__init__.py", line 574, in msgprint
    _raise_exception()
      msg = 'mariadb-dump not found in PATH! This is required to take a backup.'
      title = None
      raise_exception = <class 'frappe.exceptions.ExecutableNotFound'>
      as_table = False
      as_list = False
      indicator = 'red'
      alert = False
      primary_action = None
      is_minimizable = False
      wide = False
      realtime = False
      sys = <module 'sys' (built-in)>
      _raise_exception = <function msgprint.<locals>._raise_exception at 0x108ab5da0>
      inspect = <module 'inspect' from '/opt/homebrew/Cellar/python@3.13/3.13.1/Frameworks/Python.framework/Versions/3.13/lib/python3.13/inspect.py'>
      out = {'message': 'mariadb-dump not found in PATH! This is required to take a backup.', 'title': 'Message', 'indicator': 'red', 'raise_exception': 1, '__frappe_exc_id': 'aee7ed379512505df9c0ba21c6fd2e29626ea60901b685bddb1cc581'}
  File "apps/frappe/frappe/__init__.py", line 525, in _raise_exception
    raise exc
      exc = ExecutableNotFound('mariadb-dump not found in PATH! This is required to take a backup.')
      inspect = <module 'inspect' from '/opt/homebrew/Cellar/python@3.13/3.13.1/Frameworks/Python.framework/Versions/3.13/lib/python3.13/inspect.py'>
      msg = 'mariadb-dump not found in PATH! This is required to take a backup.'
      out = {'message': 'mariadb-dump not found in PATH! This is required to take a backup.', 'title': 'Message', 'indicator': 'red', 'raise_exception': 1, '__frappe_exc_id': 'aee7ed379512505df9c0ba21c6fd2e29626ea60901b685bddb1cc581'}
      raise_exception = <class 'frappe.exceptions.ExecutableNotFound'>
frappe.exceptions.ExecutableNotFound: mariadb-dump not found in PATH! This is required to take a backup.
Backup failed for Site vendor-qc.local. Database or site_config.json may be corrupted
Traceback with variables (most recent call last):
  File "apps/frappe/frappe/commands/site.py", line 845, in backup
    odb = scheduled_backup(
      context = {'sites': ['test-site.local', 'vendor-qc.local'], 'force': False, 'verbose': True, 'profile': False}
      with_files = False
      backup_path = None
      backup_path_db = None
      backup_path_files = None
      backup_path_private_files = None
      backup_path_conf = None
      ignore_backup_conf = False
      verbose = True
      compress = False
      include = ''
      exclude = ''
      old_backup_metadata = False
      scheduled_backup = <function scheduled_backup at 0x10ab53a60>
      exit_code = 1
      rollback_callback = None
      site = 'vendor-qc.local'
  File "apps/frappe/frappe/utils/backups.py", line 568, in scheduled_backup
    return new_backup(
      older_than = 6
      ignore_files = True
      backup_path = None
      backup_path_db = None
      backup_path_files = None
      backup_path_private_files = None
      backup_path_conf = None
      ignore_conf = False
      include_doctypes = ''
      exclude_doctypes = ''
      compress = False
      force = True
      verbose = True
      old_backup_metadata = False
      rollback_callback = <frappe.utils.CallbackManager object at 0x10add7fd0>
  File "apps/frappe/frappe/utils/backups.py", line 626, in new_backup
    odb.get_backup(older_than, ignore_files, force=force)
      older_than = 6
      ignore_files = True
      backup_path = None
      backup_path_db = None
      backup_path_files = None
      backup_path_private_files = None
      backup_path_conf = None
      ignore_conf = False
      include_doctypes = ''
      exclude_doctypes = ''
      compress = False
      force = True
      verbose = True
      old_backup_metadata = False
      rollback_callback = <frappe.utils.CallbackManager object at 0x10add7fd0>
      odb = <frappe.utils.backups.BackupGenerator object at 0x10ad5efd0>
  File "apps/frappe/frappe/utils/backups.py", line 195, in get_backup
    self.delete_if_step_fails(self.take_dump, self.backup_path_db)
      self = <frappe.utils.backups.BackupGenerator object at 0x10ad5efd0>
      older_than = 6
      ignore_files = True
      force = True
      last_db = False
      last_file = False
      last_private_file = False
      site_config_backup_path = False
  File "apps/frappe/frappe/utils/backups.py", line 520, in delete_if_step_fails
    raise e
      self = <frappe.utils.backups.BackupGenerator object at 0x10ad5efd0>
      step = <bound method BackupGenerator.take_dump of <frappe.utils.backups.BackupGenerator object at 0x10ad5efd0>>
      paths = ('./test-site.local/private/backups/20251123_153002-test-site_local-database.sql.gz',)
      path = './test-site.local/private/backups/20251123_153002-test-site_local-database.sql.gz'
  File "apps/frappe/frappe/utils/backups.py", line 515, in delete_if_step_fails
    step()
      self = <frappe.utils.backups.BackupGenerator object at 0x10ad5efd0>
      step = <bound method BackupGenerator.take_dump of <frappe.utils.backups.BackupGenerator object at 0x10ad5efd0>>
      paths = ('./test-site.local/private/backups/20251123_153002-test-site_local-database.sql.gz',)
      path = './test-site.local/private/backups/20251123_153002-test-site_local-database.sql.gz'
  File "apps/frappe/frappe/utils/backups.py", line 457, in take_dump
    frappe.throw(
      self = <frappe.utils.backups.BackupGenerator object at 0x10ad5efd0>
      shlex = <module 'shlex' from '/opt/homebrew/Cellar/python@3.13/3.13.1/Frameworks/Python.framework/Versions/3.13/lib/python3.13/shlex.py'>
      frappe = <module 'frappe' from 'apps/frappe/frappe/__init__.py'>
      get_app_branch = <function get_app_branch at 0x10ab36ac0>
      gzip_exc = '/usr/bin/gzip'
      database_header_content = ['begin frappe metadata', '[frappe]', 'version = 15.87.0', 'branch = version-15', 'end frappe metadata', '']
      generated_header = '-- begin frappe metadata\n-- [frappe]\n-- version = 15.87.0\n-- branch = version-15\n-- end frappe metadata\n-- \n'
      f = <_io.TextIOWrapper name='./test-site.local/private/backups/20251123_153002-test-site_local-database.sql.gz' encoding='UTF-8'>
      cmd = []
      extra = []
      get_command = <function get_command at 0x10a823b00>
      bin = None
      args = ['--user=_537373b7e3047fb7', '--host=127.0.0.1', '--port=3306', '--password=U5hxfjpquKPDmY5A', '--single-transaction', '--quick', '--lock-tables=false', '_537373b7e3047fb7']
      bin_name = 'mariadb-dump'
  File "apps/frappe/frappe/__init__.py", line 609, in throw
    msgprint(
      msg = 'mariadb-dump not found in PATH! This is required to take a backup.'
      exc = <class 'frappe.exceptions.ExecutableNotFound'>
      title = None
      is_minimizable = False
      wide = False
      as_list = False
      primary_action = None
  File "apps/frappe/frappe/__init__.py", line 574, in msgprint
    _raise_exception()
      msg = 'mariadb-dump not found in PATH! This is required to take a backup.'
      title = None
      raise_exception = <class 'frappe.exceptions.ExecutableNotFound'>
      as_table = False
      as_list = False
      indicator = 'red'
      alert = False
      primary_action = None
      is_minimizable = False
      wide = False
      realtime = False
      sys = <module 'sys' (built-in)>
      _raise_exception = <function msgprint.<locals>._raise_exception at 0x10ae36980>
      inspect = <module 'inspect' from '/opt/homebrew/Cellar/python@3.13/3.13.1/Frameworks/Python.framework/Versions/3.13/lib/python3.13/inspect.py'>
      out = {'message': 'mariadb-dump not found in PATH! This is required to take a backup.', 'title': 'Message', 'indicator': 'red', 'raise_exception': 1, '__frappe_exc_id': '5407a4939eaf694c1aa04a932959cb42304635ebccf1bb8463d4947e'}
  File "apps/frappe/frappe/__init__.py", line 525, in _raise_exception
    raise exc
      exc = ExecutableNotFound('mariadb-dump not found in PATH! This is required to take a backup.')
      inspect = <module 'inspect' from '/opt/homebrew/Cellar/python@3.13/3.13.1/Frameworks/Python.framework/Versions/3.13/lib/python3.13/inspect.py'>
      msg = 'mariadb-dump not found in PATH! This is required to take a backup.'
      out = {'message': 'mariadb-dump not found in PATH! This is required to take a backup.', 'title': 'Message', 'indicator': 'red', 'raise_exception': 1, '__frappe_exc_id': '5407a4939eaf694c1aa04a932959cb42304635ebccf1bb8463d4947e'}
      raise_exception = <class 'frappe.exceptions.ExecutableNotFound'>
frappe.exceptions.ExecutableNotFound: mariadb-dump not found in PATH! This is required to take a backup.
Backup failed for Site test-site.local. Database or site_config.json may be corrupted
Traceback with variables (most recent call last):
  File "apps/frappe/frappe/commands/site.py", line 845, in backup
    odb = scheduled_backup(
      context = {'sites': ['test-site.local', 'vendor-qc.local'], 'force': False, 'verbose': True, 'profile': False}
      with_files = False
      backup_path = None
      backup_path_db = None
      backup_path_files = None
      backup_path_private_files = None
      backup_path_conf = None
      ignore_backup_conf = False
      verbose = True
      compress = False
      include = ''
      exclude = ''
      old_backup_metadata = False
      scheduled_backup = <function scheduled_backup at 0x109f4ba60>
      exit_code = 0
      rollback_callback = None
      site = 'test-site.local'
  File "apps/frappe/frappe/utils/backups.py", line 568, in scheduled_backup
    return new_backup(
      older_than = 6
      ignore_files = True
      backup_path = None
      backup_path_db = None
      backup_path_files = None
      backup_path_private_files = None
      backup_path_conf = None
      ignore_conf = False
      include_doctypes = ''
      exclude_doctypes = ''
      compress = False
      force = True
      verbose = True
      old_backup_metadata = False
      rollback_callback = <frappe.utils.CallbackManager object at 0x10a133880>
  File "apps/frappe/frappe/utils/backups.py", line 626, in new_backup
    odb.get_backup(older_than, ignore_files, force=force)
      older_than = 6
      ignore_files = True
      backup_path = None
      backup_path_db = None
      backup_path_files = None
      backup_path_private_files = None
      backup_path_conf = None
      ignore_conf = False
      include_doctypes = ''
      exclude_doctypes = ''
      compress = False
      force = True
      verbose = True
      old_backup_metadata = False
      rollback_callback = <frappe.utils.CallbackManager object at 0x10a133880>
      odb = <frappe.utils.backups.BackupGenerator object at 0x10a0d3230>
  File "apps/frappe/frappe/utils/backups.py", line 195, in get_backup
    self.delete_if_step_fails(self.take_dump, self.backup_path_db)
      self = <frappe.utils.backups.BackupGenerator object at 0x10a0d3230>
      older_than = 6
      ignore_files = True
      force = True
      last_db = False
      last_file = False
      last_private_file = False
      site_config_backup_path = False
  File "apps/frappe/frappe/utils/backups.py", line 520, in delete_if_step_fails
    raise e
      self = <frappe.utils.backups.BackupGenerator object at 0x10a0d3230>
      step = <bound method BackupGenerator.take_dump of <frappe.utils.backups.BackupGenerator object at 0x10a0d3230>>
      paths = ('./test-site.local/private/backups/20251124_093114-test-site_local-database.sql.gz',)
      path = './test-site.local/private/backups/20251124_093114-test-site_local-database.sql.gz'
  File "apps/frappe/frappe/utils/backups.py", line 515, in delete_if_step_fails
    step()
      self = <frappe.utils.backups.BackupGenerator object at 0x10a0d3230>
      step = <bound method BackupGenerator.take_dump of <frappe.utils.backups.BackupGenerator object at 0x10a0d3230>>
      paths = ('./test-site.local/private/backups/20251124_093114-test-site_local-database.sql.gz',)
      path = './test-site.local/private/backups/20251124_093114-test-site_local-database.sql.gz'
  File "apps/frappe/frappe/utils/backups.py", line 457, in take_dump
    frappe.throw(
      self = <frappe.utils.backups.BackupGenerator object at 0x10a0d3230>
      shlex = <module 'shlex' from '/opt/homebrew/Cellar/python@3.13/3.13.1/Frameworks/Python.framework/Versions/3.13/lib/python3.13/shlex.py'>
      frappe = <module 'frappe' from 'apps/frappe/frappe/__init__.py'>
      get_app_branch = <function get_app_branch at 0x109f2eac0>
      gzip_exc = '/usr/bin/gzip'
      database_header_content = ['begin frappe metadata', '[frappe]', 'version = 15.87.0', 'branch = version-15', 'end frappe metadata', '']
      generated_header = '-- begin frappe metadata\n-- [frappe]\n-- version = 15.87.0\n-- branch = version-15\n-- end frappe metadata\n-- \n'
      f = <_io.TextIOWrapper name='./test-site.local/private/backups/20251124_093114-test-site_local-database.sql.gz' encoding='UTF-8'>
      cmd = []
      extra = []
      get_command = <function get_command at 0x109b63b00>
      bin = None
      args = ['--user=_537373b7e3047fb7', '--host=127.0.0.1', '--port=3306', '--password=U5hxfjpquKPDmY5A', '--single-transaction', '--quick', '--lock-tables=false', '_537373b7e3047fb7']
      bin_name = 'mariadb-dump'
  File "apps/frappe/frappe/__init__.py", line 609, in throw
    msgprint(
      msg = 'mariadb-dump not found in PATH! This is required to take a backup.'
      exc = <class 'frappe.exceptions.ExecutableNotFound'>
      title = None
      is_minimizable = False
      wide = False
      as_list = False
      primary_action = None
  File "apps/frappe/frappe/__init__.py", line 574, in msgprint
    _raise_exception()
      msg = 'mariadb-dump not found in PATH! This is required to take a backup.'
      title = None
      raise_exception = <class 'frappe.exceptions.ExecutableNotFound'>
      as_table = False
      as_list = False
      indicator = 'red'
      alert = False
      primary_action = None
      is_minimizable = False
      wide = False
      realtime = False
      sys = <module 'sys' (built-in)>
      _raise_exception = <function msgprint.<locals>._raise_exception at 0x107d81da0>
      inspect = <module 'inspect' from '/opt/homebrew/Cellar/python@3.13/3.13.1/Frameworks/Python.framework/Versions/3.13/lib/python3.13/inspect.py'>
      out = {'message': 'mariadb-dump not found in PATH! This is required to take a backup.', 'title': 'Message', 'indicator': 'red', 'raise_exception': 1, '__frappe_exc_id': 'c632361a550f864f40e2e0f5ba2a9697e51f1fdda8da2125f5c242fd'}
  File "apps/frappe/frappe/__init__.py", line 525, in _raise_exception
    raise exc
      exc = ExecutableNotFound('mariadb-dump not found in PATH! This is required to take a backup.')
      inspect = <module 'inspect' from '/opt/homebrew/Cellar/python@3.13/3.13.1/Frameworks/Python.framework/Versions/3.13/lib/python3.13/inspect.py'>
      msg = 'mariadb-dump not found in PATH! This is required to take a backup.'
      out = {'message': 'mariadb-dump not found in PATH! This is required to take a backup.', 'title': 'Message', 'indicator': 'red', 'raise_exception': 1, '__frappe_exc_id': 'c632361a550f864f40e2e0f5ba2a9697e51f1fdda8da2125f5c242fd'}
      raise_exception = <class 'frappe.exceptions.ExecutableNotFound'>
frappe.exceptions.ExecutableNotFound: mariadb-dump not found in PATH! This is required to take a backup.
Backup failed for Site vendor-qc.local. Database or site_config.json may be corrupted
Traceback with variables (most recent call last):
  File "apps/frappe/frappe/commands/site.py", line 845, in backup
    odb = scheduled_backup(
      context = {'sites': ['test-site.local', 'vendor-qc.local'], 'force': False, 'verbose': True, 'profile': False}
      with_files = False
      backup_path = None
      backup_path_db = None
      backup_path_files = None
      backup_path_private_files = None
      backup_path_conf = None
      ignore_backup_conf = False
      verbose = True
      compress = False
      include = ''
      exclude = ''
      old_backup_metadata = False
      scheduled_backup = <function scheduled_backup at 0x109f4ba60>
      exit_code = 1
      rollback_callback = None
      site = 'vendor-qc.local'
  File "apps/frappe/frappe/utils/backups.py", line 568, in scheduled_backup
    return new_backup(
      older_than = 6
      ignore_files = True
      backup_path = None
      backup_path_db = None
      backup_path_files = None
      backup_path_private_files = None
      backup_path_conf = None
      ignore_conf = False
      include_doctypes = ''
      exclude_doctypes = ''
      compress = False
      force = True
      verbose = True
      old_backup_metadata = False
      rollback_callback = <frappe.utils.CallbackManager object at 0x10a167fd0>
  File "apps/frappe/frappe/utils/backups.py", line 626, in new_backup
    odb.get_backup(older_than, ignore_files, force=force)
      older_than = 6
      ignore_files = True
      backup_path = None
      backup_path_db = None
      backup_path_files = None
      backup_path_private_files = None
      backup_path_conf = None
      ignore_conf = False
      include_doctypes = ''
      exclude_doctypes = ''
      compress = False
      force = True
      verbose = True
      old_backup_metadata = False
      rollback_callback = <frappe.utils.CallbackManager object at 0x10a167fd0>
      odb = <frappe.utils.backups.BackupGenerator object at 0x10a0eefd0>
  File "apps/frappe/frappe/utils/backups.py", line 195, in get_backup
    self.delete_if_step_fails(self.take_dump, self.backup_path_db)
      self = <frappe.utils.backups.BackupGenerator object at 0x10a0eefd0>
      older_than = 6
      ignore_files = True
      force = True
      last_db = False
      last_file = False
      last_private_file = False
      site_config_backup_path = False
  File "apps/frappe/frappe/utils/backups.py", line 520, in delete_if_step_fails
    raise e
      self = <frappe.utils.backups.BackupGenerator object at 0x10a0eefd0>
      step = <bound method BackupGenerator.take_dump of <frappe.utils.backups.BackupGenerator object at 0x10a0eefd0>>
      paths = ('./test-site.local/private/backups/20251124_093114-test-site_local-database.sql.gz',)
      path = './test-site.local/private/backups/20251124_093114-test-site_local-database.sql.gz'
  File "apps/frappe/frappe/utils/backups.py", line 515, in delete_if_step_fails
    step()
      self = <frappe.utils.backups.BackupGenerator object at 0x10a0eefd0>
      step = <bound method BackupGenerator.take_dump of <frappe.utils.backups.BackupGenerator object at 0x10a0eefd0>>
      paths = ('./test-site.local/private/backups/20251124_093114-test-site_local-database.sql.gz',)
      path = './test-site.local/private/backups/20251124_093114-test-site_local-database.sql.gz'
  File "apps/frappe/frappe/utils/backups.py", line 457, in take_dump
    frappe.throw(
      self = <frappe.utils.backups.BackupGenerator object at 0x10a0eefd0>
      shlex = <module 'shlex' from '/opt/homebrew/Cellar/python@3.13/3.13.1/Frameworks/Python.framework/Versions/3.13/lib/python3.13/shlex.py'>
      frappe = <module 'frappe' from 'apps/frappe/frappe/__init__.py'>
      get_app_branch = <function get_app_branch at 0x109f2eac0>
      gzip_exc = '/usr/bin/gzip'
      database_header_content = ['begin frappe metadata', '[frappe]', 'version = 15.87.0', 'branch = version-15', 'end frappe metadata', '']
      generated_header = '-- begin frappe metadata\n-- [frappe]\n-- version = 15.87.0\n-- branch = version-15\n-- end frappe metadata\n-- \n'
      f = <_io.TextIOWrapper name='./test-site.local/private/backups/20251124_093114-test-site_local-database.sql.gz' encoding='UTF-8'>
      cmd = []
      extra = []
      get_command = <function get_command at 0x109b63b00>
      bin = None
      args = ['--user=_537373b7e3047fb7', '--host=127.0.0.1', '--port=3306', '--password=U5hxfjpquKPDmY5A', '--single-transaction', '--quick', '--lock-tables=false', '_537373b7e3047fb7']
      bin_name = 'mariadb-dump'
  File "apps/frappe/frappe/__init__.py", line 609, in throw
    msgprint(
      msg = 'mariadb-dump not found in PATH! This is required to take a backup.'
      exc = <class 'frappe.exceptions.ExecutableNotFound'>
      title = None
      is_minimizable = False
      wide = False
      as_list = False
      primary_action = None
  File "apps/frappe/frappe/__init__.py", line 574, in msgprint
    _raise_exception()
      msg = 'mariadb-dump not found in PATH! This is required to take a backup.'
      title = None
      raise_exception = <class 'frappe.exceptions.ExecutableNotFound'>
      as_table = False
      as_list = False
      indicator = 'red'
      alert = False
      primary_action = None
      is_minimizable = False
      wide = False
      realtime = False
      sys = <module 'sys' (built-in)>
      _raise_exception = <function msgprint.<locals>._raise_exception at 0x10a1c6980>
      inspect = <module 'inspect' from '/opt/homebrew/Cellar/python@3.13/3.13.1/Frameworks/Python.framework/Versions/3.13/lib/python3.13/inspect.py'>
      out = {'message': 'mariadb-dump not found in PATH! This is required to take a backup.', 'title': 'Message', 'indicator': 'red', 'raise_exception': 1, '__frappe_exc_id': '5d2f092f14f06e9702f3ef45de342e31dce4992aacdd5da25a1c1506'}
  File "apps/frappe/frappe/__init__.py", line 525, in _raise_exception
    raise exc
      exc = ExecutableNotFound('mariadb-dump not found in PATH! This is required to take a backup.')
      inspect = <module 'inspect' from '/opt/homebrew/Cellar/python@3.13/3.13.1/Frameworks/Python.framework/Versions/3.13/lib/python3.13/inspect.py'>
      msg = 'mariadb-dump not found in PATH! This is required to take a backup.'
      out = {'message': 'mariadb-dump not found in PATH! This is required to take a backup.', 'title': 'Message', 'indicator': 'red', 'raise_exception': 1, '__frappe_exc_id': '5d2f092f14f06e9702f3ef45de342e31dce4992aacdd5da25a1c1506'}
      raise_exception = <class 'frappe.exceptions.ExecutableNotFound'>
frappe.exceptions.ExecutableNotFound: mariadb-dump not found in PATH! This is required to take a backup.
Backup failed for Site test-site.local. Database or site_config.json may be corrupted
Traceback with variables (most recent call last):
  File "apps/frappe/frappe/commands/site.py", line 845, in backup
    odb = scheduled_backup(
      context = {'sites': ['test-site.local', 'vendor-qc.local'], 'force': False, 'verbose': True, 'profile': False}
      with_files = False
      backup_path = None
      backup_path_db = None
      backup_path_files = None
      backup_path_private_files = None
      backup_path_conf = None
      ignore_backup_conf = False
      verbose = True
      compress = False
      include = ''
      exclude = ''
      old_backup_metadata = False
      scheduled_backup = <function scheduled_backup at 0x109e7fa60>
      exit_code = 0
      rollback_callback = None
      site = 'test-site.local'
  File "apps/frappe/frappe/utils/backups.py", line 568, in scheduled_backup
    return new_backup(
      older_than = 6
      ignore_files = True
      backup_path = None
      backup_path_db = None
      backup_path_files = None
      backup_path_private_files = None
      backup_path_conf = None
      ignore_conf = False
      include_doctypes = ''
      exclude_doctypes = ''
      compress = False
      force = True
      verbose = True
      old_backup_metadata = False
      rollback_callback = <frappe.utils.CallbackManager object at 0x10a067910>
  File "apps/frappe/frappe/utils/backups.py", line 626, in new_backup
    odb.get_backup(older_than, ignore_files, force=force)
      older_than = 6
      ignore_files = True
      backup_path = None
      backup_path_db = None
      backup_path_files = None
      backup_path_private_files = None
      backup_path_conf = None
      ignore_conf = False
      include_doctypes = ''
      exclude_doctypes = ''
      compress = False
      force = True
      verbose = True
      old_backup_metadata = False
      rollback_callback = <frappe.utils.CallbackManager object at 0x10a067910>
      odb = <frappe.utils.backups.BackupGenerator object at 0x10a007230>
  File "apps/frappe/frappe/utils/backups.py", line 195, in get_backup
    self.delete_if_step_fails(self.take_dump, self.backup_path_db)
      self = <frappe.utils.backups.BackupGenerator object at 0x10a007230>
      older_than = 6
      ignore_files = True
      force = True
      last_db = False
      last_file = False
      last_private_file = False
      site_config_backup_path = False
  File "apps/frappe/frappe/utils/backups.py", line 520, in delete_if_step_fails
    raise e
      self = <frappe.utils.backups.BackupGenerator object at 0x10a007230>
      step = <bound method BackupGenerator.take_dump of <frappe.utils.backups.BackupGenerator object at 0x10a007230>>
      paths = ('./test-site.local/private/backups/20251125_060001-test-site_local-database.sql.gz',)
      path = './test-site.local/private/backups/20251125_060001-test-site_local-database.sql.gz'
  File "apps/frappe/frappe/utils/backups.py", line 515, in delete_if_step_fails
    step()
      self = <frappe.utils.backups.BackupGenerator object at 0x10a007230>
      step = <bound method BackupGenerator.take_dump of <frappe.utils.backups.BackupGenerator object at 0x10a007230>>
      paths = ('./test-site.local/private/backups/20251125_060001-test-site_local-database.sql.gz',)
      path = './test-site.local/private/backups/20251125_060001-test-site_local-database.sql.gz'
  File "apps/frappe/frappe/utils/backups.py", line 457, in take_dump
    frappe.throw(
      self = <frappe.utils.backups.BackupGenerator object at 0x10a007230>
      shlex = <module 'shlex' from '/opt/homebrew/Cellar/python@3.13/3.13.1/Frameworks/Python.framework/Versions/3.13/lib/python3.13/shlex.py'>
      frappe = <module 'frappe' from 'apps/frappe/frappe/__init__.py'>
      get_app_branch = <function get_app_branch at 0x109e62ac0>
      gzip_exc = '/usr/bin/gzip'
      database_header_content = ['begin frappe metadata', '[frappe]', 'version = 15.87.0', 'branch = version-15', 'end frappe metadata', '']
      generated_header = '-- begin frappe metadata\n-- [frappe]\n-- version = 15.87.0\n-- branch = version-15\n-- end frappe metadata\n-- \n'
      f = <_io.TextIOWrapper name='./test-site.local/private/backups/20251125_060001-test-site_local-database.sql.gz' encoding='UTF-8'>
      cmd = []
      extra = []
      get_command = <function get_command at 0x109a97b00>
      bin = None
      args = ['--user=_537373b7e3047fb7', '--host=127.0.0.1', '--port=3306', '--password=U5hxfjpquKPDmY5A', '--single-transaction', '--quick', '--lock-tables=false', '_537373b7e3047fb7']
      bin_name = 'mariadb-dump'
  File "apps/frappe/frappe/__init__.py", line 609, in throw
    msgprint(
      msg = 'mariadb-dump not found in PATH! This is required to take a backup.'
      exc = <class 'frappe.exceptions.ExecutableNotFound'>
      title = None
      is_minimizable = False
      wide = False
      as_list = False
      primary_action = None
  File "apps/frappe/frappe/__init__.py", line 574, in msgprint
    _raise_exception()
      msg = 'mariadb-dump not found in PATH! This is required to take a backup.'
      title = None
      raise_exception = <class 'frappe.exceptions.ExecutableNotFound'>
      as_table = False
      as_list = False
      indicator = 'red'
      alert = False
      primary_action = None
      is_minimizable = False
      wide = False
      realtime = False
      sys = <module 'sys' (built-in)>
      _raise_exception = <function msgprint.<locals>._raise_exception at 0x107cb5da0>
      inspect = <module 'inspect' from '/opt/homebrew/Cellar/python@3.13/3.13.1/Frameworks/Python.framework/Versions/3.13/lib/python3.13/inspect.py'>
      out = {'message': 'mariadb-dump not found in PATH! This is required to take a backup.', 'title': 'Message', 'indicator': 'red', 'raise_exception': 1, '__frappe_exc_id': 'f0a139a59ed916ff9b991e51b0a2be5e8ed5ac2f36dadf7fdaeda621'}
  File "apps/frappe/frappe/__init__.py", line 525, in _raise_exception
    raise exc
      exc = ExecutableNotFound('mariadb-dump not found in PATH! This is required to take a backup.')
      inspect = <module 'inspect' from '/opt/homebrew/Cellar/python@3.13/3.13.1/Frameworks/Python.framework/Versions/3.13/lib/python3.13/inspect.py'>
      msg = 'mariadb-dump not found in PATH! This is required to take a backup.'
      out = {'message': 'mariadb-dump not found in PATH! This is required to take a backup.', 'title': 'Message', 'indicator': 'red', 'raise_exception': 1, '__frappe_exc_id': 'f0a139a59ed916ff9b991e51b0a2be5e8ed5ac2f36dadf7fdaeda621'}
      raise_exception = <class 'frappe.exceptions.ExecutableNotFound'>
frappe.exceptions.ExecutableNotFound: mariadb-dump not found in PATH! This is required to take a backup.
Backup failed for Site vendor-qc.local. Database or site_config.json may be corrupted
Traceback with variables (most recent call last):
  File "apps/frappe/frappe/commands/site.py", line 845, in backup
    odb = scheduled_backup(
      context = {'sites': ['test-site.local', 'vendor-qc.local'], 'force': False, 'verbose': True, 'profile': False}
      with_files = False
      backup_path = None
      backup_path_db = None
      backup_path_files = None
      backup_path_private_files = None
      backup_path_conf = None
      ignore_backup_conf = False
      verbose = True
      compress = False
      include = ''
      exclude = ''
      old_backup_metadata = False
      scheduled_backup = <function scheduled_backup at 0x109e7fa60>
      exit_code = 1
      rollback_callback = None
      site = 'vendor-qc.local'
  File "apps/frappe/frappe/utils/backups.py", line 568, in scheduled_backup
    return new_backup(
      older_than = 6
      ignore_files = True
      backup_path = None
      backup_path_db = None
      backup_path_files = None
      backup_path_private_files = None
      backup_path_conf = None
      ignore_conf = False
      include_doctypes = ''
      exclude_doctypes = ''
      compress = False
      force = True
      verbose = True
      old_backup_metadata = False
      rollback_callback = <frappe.utils.CallbackManager object at 0x10a09bfd0>
  File "apps/frappe/frappe/utils/backups.py", line 626, in new_backup
    odb.get_backup(older_than, ignore_files, force=force)
      older_than = 6
      ignore_files = True
      backup_path = None
      backup_path_db = None
      backup_path_files = None
      backup_path_private_files = None
      backup_path_conf = None
      ignore_conf = False
      include_doctypes = ''
      exclude_doctypes = ''
      compress = False
      force = True
      verbose = True
      old_backup_metadata = False
      rollback_callback = <frappe.utils.CallbackManager object at 0x10a09bfd0>
      odb = <frappe.utils.backups.BackupGenerator object at 0x10a022fd0>
  File "apps/frappe/frappe/utils/backups.py", line 195, in get_backup
    self.delete_if_step_fails(self.take_dump, self.backup_path_db)
      self = <frappe.utils.backups.BackupGenerator object at 0x10a022fd0>
      older_than = 6
      ignore_files = True
      force = True
      last_db = False
      last_file = False
      last_private_file = False
      site_config_backup_path = False
  File "apps/frappe/frappe/utils/backups.py", line 520, in delete_if_step_fails
    raise e
      self = <frappe.utils.backups.BackupGenerator object at 0x10a022fd0>
      step = <bound method BackupGenerator.take_dump of <frappe.utils.backups.BackupGenerator object at 0x10a022fd0>>
      paths = ('./test-site.local/private/backups/20251125_060002-test-site_local-database.sql.gz',)
      path = './test-site.local/private/backups/20251125_060002-test-site_local-database.sql.gz'
  File "apps/frappe/frappe/utils/backups.py", line 515, in delete_if_step_fails
    step()
      self = <frappe.utils.backups.BackupGenerator object at 0x10a022fd0>
      step = <bound method BackupGenerator.take_dump of <frappe.utils.backups.BackupGenerator object at 0x10a022fd0>>
      paths = ('./test-site.local/private/backups/20251125_060002-test-site_local-database.sql.gz',)
      path = './test-site.local/private/backups/20251125_060002-test-site_local-database.sql.gz'
  File "apps/frappe/frappe/utils/backups.py", line 457, in take_dump
    frappe.throw(
      self = <frappe.utils.backups.BackupGenerator object at 0x10a022fd0>
      shlex = <module 'shlex' from '/opt/homebrew/Cellar/python@3.13/3.13.1/Frameworks/Python.framework/Versions/3.13/lib/python3.13/shlex.py'>
      frappe = <module 'frappe' from 'apps/frappe/frappe/__init__.py'>
      get_app_branch = <function get_app_branch at 0x109e62ac0>
      gzip_exc = '/usr/bin/gzip'
      database_header_content = ['begin frappe metadata', '[frappe]', 'version = 15.87.0', 'branch = version-15', 'end frappe metadata', '']
      generated_header = '-- begin frappe metadata\n-- [frappe]\n-- version = 15.87.0\n-- branch = version-15\n-- end frappe metadata\n-- \n'
      f = <_io.TextIOWrapper name='./test-site.local/private/backups/20251125_060002-test-site_local-database.sql.gz' encoding='UTF-8'>
      cmd = []
      extra = []
      get_command = <function get_command at 0x109a97b00>
      bin = None
      args = ['--user=_537373b7e3047fb7', '--host=127.0.0.1', '--port=3306', '--password=U5hxfjpquKPDmY5A', '--single-transaction', '--quick', '--lock-tables=false', '_537373b7e3047fb7']
      bin_name = 'mariadb-dump'
  File "apps/frappe/frappe/__init__.py", line 609, in throw
    msgprint(
      msg = 'mariadb-dump not found in PATH! This is required to take a backup.'
      exc = <class 'frappe.exceptions.ExecutableNotFound'>
      title = None
      is_minimizable = False
      wide = False
      as_list = False
      primary_action = None
  File "apps/frappe/frappe/__init__.py", line 574, in msgprint
    _raise_exception()
      msg = 'mariadb-dump not found in PATH! This is required to take a backup.'
      title = None
      raise_exception = <class 'frappe.exceptions.ExecutableNotFound'>
      as_table = False
      as_list = False
      indicator = 'red'
      alert = False
      primary_action = None
      is_minimizable = False
      wide = False
      realtime = False
      sys = <module 'sys' (built-in)>
      _raise_exception = <function msgprint.<locals>._raise_exception at 0x10a0fa980>
      inspect = <module 'inspect' from '/opt/homebrew/Cellar/python@3.13/3.13.1/Frameworks/Python.framework/Versions/3.13/lib/python3.13/inspect.py'>
      out = {'message': 'mariadb-dump not found in PATH! This is required to take a backup.', 'title': 'Message', 'indicator': 'red', 'raise_exception': 1, '__frappe_exc_id': 'f2ae9128d457354b20f4dba751218e02859237be4199a4701fdd530e'}
  File "apps/frappe/frappe/__init__.py", line 525, in _raise_exception
    raise exc
      exc = ExecutableNotFound('mariadb-dump not found in PATH! This is required to take a backup.')
      inspect = <module 'inspect' from '/opt/homebrew/Cellar/python@3.13/3.13.1/Frameworks/Python.framework/Versions/3.13/lib/python3.13/inspect.py'>
      msg = 'mariadb-dump not found in PATH! This is required to take a backup.'
      out = {'message': 'mariadb-dump not found in PATH! This is required to take a backup.', 'title': 'Message', 'indicator': 'red', 'raise_exception': 1, '__frappe_exc_id': 'f2ae9128d457354b20f4dba751218e02859237be4199a4701fdd530e'}
      raise_exception = <class 'frappe.exceptions.ExecutableNotFound'>
frappe.exceptions.ExecutableNotFound: mariadb-dump not found in PATH! This is required to take a backup.
Backup failed for Site test-site.local. Database or site_config.json may be corrupted
Traceback with variables (most recent call last):
  File "apps/frappe/frappe/commands/site.py", line 845, in backup
    odb = scheduled_backup(
      context = {'sites': ['test-site.local', 'vendor-qc.local'], 'force': False, 'verbose': True, 'profile': False}
      with_files = False
      backup_path = None
      backup_path_db = None
      backup_path_files = None
      backup_path_private_files = None
      backup_path_conf = None
      ignore_backup_conf = False
      verbose = True
      compress = False
      include = ''
      exclude = ''
      old_backup_metadata = False
      scheduled_backup = <function scheduled_backup at 0x108d4fa60>
      exit_code = 0
      rollback_callback = None
      site = 'test-site.local'
  File "apps/frappe/frappe/utils/backups.py", line 568, in scheduled_backup
    return new_backup(
      older_than = 6
      ignore_files = True
      backup_path = None
      backup_path_db = None
      backup_path_files = None
      backup_path_private_files = None
      backup_path_conf = None
      ignore_conf = False
      include_doctypes = ''
      exclude_doctypes = ''
      compress = False
      force = True
      verbose = True
      old_backup_metadata = False
      rollback_callback = <frappe.utils.CallbackManager object at 0x108f37d90>
  File "apps/frappe/frappe/utils/backups.py", line 626, in new_backup
    odb.get_backup(older_than, ignore_files, force=force)
      older_than = 6
      ignore_files = True
      backup_path = None
      backup_path_db = None
      backup_path_files = None
      backup_path_private_files = None
      backup_path_conf = None
      ignore_conf = False
      include_doctypes = ''
      exclude_doctypes = ''
      compress = False
      force = True
      verbose = True
      old_backup_metadata = False
      rollback_callback = <frappe.utils.CallbackManager object at 0x108f37d90>
      odb = <frappe.utils.backups.BackupGenerator object at 0x108edb230>
  File "apps/frappe/frappe/utils/backups.py", line 195, in get_backup
    self.delete_if_step_fails(self.take_dump, self.backup_path_db)
      self = <frappe.utils.backups.BackupGenerator object at 0x108edb230>
      older_than = 6
      ignore_files = True
      force = True
      last_db = False
      last_file = False
      last_private_file = False
      site_config_backup_path = False
  File "apps/frappe/frappe/utils/backups.py", line 520, in delete_if_step_fails
    raise e
      self = <frappe.utils.backups.BackupGenerator object at 0x108edb230>
      step = <bound method BackupGenerator.take_dump of <frappe.utils.backups.BackupGenerator object at 0x108edb230>>
      paths = ('./test-site.local/private/backups/20251125_120002-test-site_local-database.sql.gz',)
      path = './test-site.local/private/backups/20251125_120002-test-site_local-database.sql.gz'
  File "apps/frappe/frappe/utils/backups.py", line 515, in delete_if_step_fails
    step()
      self = <frappe.utils.backups.BackupGenerator object at 0x108edb230>
      step = <bound method BackupGenerator.take_dump of <frappe.utils.backups.BackupGenerator object at 0x108edb230>>
      paths = ('./test-site.local/private/backups/20251125_120002-test-site_local-database.sql.gz',)
      path = './test-site.local/private/backups/20251125_120002-test-site_local-database.sql.gz'
  File "apps/frappe/frappe/utils/backups.py", line 457, in take_dump
    frappe.throw(
      self = <frappe.utils.backups.BackupGenerator object at 0x108edb230>
      shlex = <module 'shlex' from '/opt/homebrew/Cellar/python@3.13/3.13.1/Frameworks/Python.framework/Versions/3.13/lib/python3.13/shlex.py'>
      frappe = <module 'frappe' from 'apps/frappe/frappe/__init__.py'>
      get_app_branch = <function get_app_branch at 0x108d32ac0>
      gzip_exc = '/usr/bin/gzip'
      database_header_content = ['begin frappe metadata', '[frappe]', 'version = 15.87.0', 'branch = version-15', 'end frappe metadata', '']
      generated_header = '-- begin frappe metadata\n-- [frappe]\n-- version = 15.87.0\n-- branch = version-15\n-- end frappe metadata\n-- \n'
      f = <_io.TextIOWrapper name='./test-site.local/private/backups/20251125_120002-test-site_local-database.sql.gz' encoding='UTF-8'>
      cmd = []
      extra = []
      get_command = <function get_command at 0x108967b00>
      bin = None
      args = ['--user=_537373b7e3047fb7', '--host=127.0.0.1', '--port=3306', '--password=U5hxfjpquKPDmY5A', '--single-transaction', '--quick', '--lock-tables=false', '_537373b7e3047fb7']
      bin_name = 'mariadb-dump'
  File "apps/frappe/frappe/__init__.py", line 609, in throw
    msgprint(
      msg = 'mariadb-dump not found in PATH! This is required to take a backup.'
      exc = <class 'frappe.exceptions.ExecutableNotFound'>
      title = None
      is_minimizable = False
      wide = False
      as_list = False
      primary_action = None
  File "apps/frappe/frappe/__init__.py", line 574, in msgprint
    _raise_exception()
      msg = 'mariadb-dump not found in PATH! This is required to take a backup.'
      title = None
      raise_exception = <class 'frappe.exceptions.ExecutableNotFound'>
      as_table = False
      as_list = False
      indicator = 'red'
      alert = False
      primary_action = None
      is_minimizable = False
      wide = False
      realtime = False
      sys = <module 'sys' (built-in)>
      _raise_exception = <function msgprint.<locals>._raise_exception at 0x106b85da0>
      inspect = <module 'inspect' from '/opt/homebrew/Cellar/python@3.13/3.13.1/Frameworks/Python.framework/Versions/3.13/lib/python3.13/inspect.py'>
      out = {'message': 'mariadb-dump not found in PATH! This is required to take a backup.', 'title': 'Message', 'indicator': 'red', 'raise_exception': 1, '__frappe_exc_id': 'd314377612360b23bfd28c2867787aaf0a489bceac86d45a8f3898fa'}
  File "apps/frappe/frappe/__init__.py", line 525, in _raise_exception
    raise exc
      exc = ExecutableNotFound('mariadb-dump not found in PATH! This is required to take a backup.')
      inspect = <module 'inspect' from '/opt/homebrew/Cellar/python@3.13/3.13.1/Frameworks/Python.framework/Versions/3.13/lib/python3.13/inspect.py'>
      msg = 'mariadb-dump not found in PATH! This is required to take a backup.'
      out = {'message': 'mariadb-dump not found in PATH! This is required to take a backup.', 'title': 'Message', 'indicator': 'red', 'raise_exception': 1, '__frappe_exc_id': 'd314377612360b23bfd28c2867787aaf0a489bceac86d45a8f3898fa'}
      raise_exception = <class 'frappe.exceptions.ExecutableNotFound'>
frappe.exceptions.ExecutableNotFound: mariadb-dump not found in PATH! This is required to take a backup.
Backup failed for Site vendor-qc.local. Database or site_config.json may be corrupted
Traceback with variables (most recent call last):
  File "apps/frappe/frappe/commands/site.py", line 845, in backup
    odb = scheduled_backup(
      context = {'sites': ['test-site.local', 'vendor-qc.local'], 'force': False, 'verbose': True, 'profile': False}
      with_files = False
      backup_path = None
      backup_path_db = None
      backup_path_files = None
      backup_path_private_files = None
      backup_path_conf = None
      ignore_backup_conf = False
      verbose = True
      compress = False
      include = ''
      exclude = ''
      old_backup_metadata = False
      scheduled_backup = <function scheduled_backup at 0x108d4fa60>
      exit_code = 1
      rollback_callback = None
      site = 'vendor-qc.local'
  File "apps/frappe/frappe/utils/backups.py", line 568, in scheduled_backup
    return new_backup(
      older_than = 6
      ignore_files = True
      backup_path = None
      backup_path_db = None
      backup_path_files = None
      backup_path_private_files = None
      backup_path_conf = None
      ignore_conf = False
      include_doctypes = ''
      exclude_doctypes = ''
      compress = False
      force = True
      verbose = True
      old_backup_metadata = False
      rollback_callback = <frappe.utils.CallbackManager object at 0x108f6bfd0>
  File "apps/frappe/frappe/utils/backups.py", line 626, in new_backup
    odb.get_backup(older_than, ignore_files, force=force)
      older_than = 6
      ignore_files = True
      backup_path = None
      backup_path_db = None
      backup_path_files = None
      backup_path_private_files = None
      backup_path_conf = None
      ignore_conf = False
      include_doctypes = ''
      exclude_doctypes = ''
      compress = False
      force = True
      verbose = True
      old_backup_metadata = False
      rollback_callback = <frappe.utils.CallbackManager object at 0x108f6bfd0>
      odb = <frappe.utils.backups.BackupGenerator object at 0x108ef2fd0>
  File "apps/frappe/frappe/utils/backups.py", line 195, in get_backup
    self.delete_if_step_fails(self.take_dump, self.backup_path_db)
      self = <frappe.utils.backups.BackupGenerator object at 0x108ef2fd0>
      older_than = 6
      ignore_files = True
      force = True
      last_db = False
      last_file = False
      last_private_file = False
      site_config_backup_path = False
  File "apps/frappe/frappe/utils/backups.py", line 520, in delete_if_step_fails
    raise e
      self = <frappe.utils.backups.BackupGenerator object at 0x108ef2fd0>
      step = <bound method BackupGenerator.take_dump of <frappe.utils.backups.BackupGenerator object at 0x108ef2fd0>>
      paths = ('./test-site.local/private/backups/20251125_120002-test-site_local-database.sql.gz',)
      path = './test-site.local/private/backups/20251125_120002-test-site_local-database.sql.gz'
  File "apps/frappe/frappe/utils/backups.py", line 515, in delete_if_step_fails
    step()
      self = <frappe.utils.backups.BackupGenerator object at 0x108ef2fd0>
      step = <bound method BackupGenerator.take_dump of <frappe.utils.backups.BackupGenerator object at 0x108ef2fd0>>
      paths = ('./test-site.local/private/backups/20251125_120002-test-site_local-database.sql.gz',)
      path = './test-site.local/private/backups/20251125_120002-test-site_local-database.sql.gz'
  File "apps/frappe/frappe/utils/backups.py", line 457, in take_dump
    frappe.throw(
      self = <frappe.utils.backups.BackupGenerator object at 0x108ef2fd0>
      shlex = <module 'shlex' from '/opt/homebrew/Cellar/python@3.13/3.13.1/Frameworks/Python.framework/Versions/3.13/lib/python3.13/shlex.py'>
      frappe = <module 'frappe' from 'apps/frappe/frappe/__init__.py'>
      get_app_branch = <function get_app_branch at 0x108d32ac0>
      gzip_exc = '/usr/bin/gzip'
      database_header_content = ['begin frappe metadata', '[frappe]', 'version = 15.87.0', 'branch = version-15', 'end frappe metadata', '']
      generated_header = '-- begin frappe metadata\n-- [frappe]\n-- version = 15.87.0\n-- branch = version-15\n-- end frappe metadata\n-- \n'
      f = <_io.TextIOWrapper name='./test-site.local/private/backups/20251125_120002-test-site_local-database.sql.gz' encoding='UTF-8'>
      cmd = []
      extra = []
      get_command = <function get_command at 0x108967b00>
      bin = None
      args = ['--user=_537373b7e3047fb7', '--host=127.0.0.1', '--port=3306', '--password=U5hxfjpquKPDmY5A', '--single-transaction', '--quick', '--lock-tables=false', '_537373b7e3047fb7']
      bin_name = 'mariadb-dump'
  File "apps/frappe/frappe/__init__.py", line 609, in throw
    msgprint(
      msg = 'mariadb-dump not found in PATH! This is required to take a backup.'
      exc = <class 'frappe.exceptions.ExecutableNotFound'>
      title = None
      is_minimizable = False
      wide = False
      as_list = False
      primary_action = None
  File "apps/frappe/frappe/__init__.py", line 574, in msgprint
    _raise_exception()
      msg = 'mariadb-dump not found in PATH! This is required to take a backup.'
      title = None
      raise_exception = <class 'frappe.exceptions.ExecutableNotFound'>
      as_table = False
      as_list = False
      indicator = 'red'
      alert = False
      primary_action = None
      is_minimizable = False
      wide = False
      realtime = False
      sys = <module 'sys' (built-in)>
      _raise_exception = <function msgprint.<locals>._raise_exception at 0x108fca980>
      inspect = <module 'inspect' from '/opt/homebrew/Cellar/python@3.13/3.13.1/Frameworks/Python.framework/Versions/3.13/lib/python3.13/inspect.py'>
      out = {'message': 'mariadb-dump not found in PATH! This is required to take a backup.', 'title': 'Message', 'indicator': 'red', 'raise_exception': 1, '__frappe_exc_id': '70fcdc88df824e1a3c24ef3f61c09b805ae1741faf59380a9b4280a7'}
  File "apps/frappe/frappe/__init__.py", line 525, in _raise_exception
    raise exc
      exc = ExecutableNotFound('mariadb-dump not found in PATH! This is required to take a backup.')
      inspect = <module 'inspect' from '/opt/homebrew/Cellar/python@3.13/3.13.1/Frameworks/Python.framework/Versions/3.13/lib/python3.13/inspect.py'>
      msg = 'mariadb-dump not found in PATH! This is required to take a backup.'
      out = {'message': 'mariadb-dump not found in PATH! This is required to take a backup.', 'title': 'Message', 'indicator': 'red', 'raise_exception': 1, '__frappe_exc_id': '70fcdc88df824e1a3c24ef3f61c09b805ae1741faf59380a9b4280a7'}
      raise_exception = <class 'frappe.exceptions.ExecutableNotFound'>
frappe.exceptions.ExecutableNotFound: mariadb-dump not found in PATH! This is required to take a backup.
Backup failed for Site test-site.local. Database or site_config.json may be corrupted
Traceback with variables (most recent call last):
  File "apps/frappe/frappe/commands/site.py", line 845, in backup
    odb = scheduled_backup(
      context = {'sites': ['test-site.local', 'vendor-qc.local'], 'force': False, 'verbose': True, 'profile': False}
      with_files = False
      backup_path = None
      backup_path_db = None
      backup_path_files = None
      backup_path_private_files = None
      backup_path_conf = None
      ignore_backup_conf = False
      verbose = True
      compress = False
      include = ''
      exclude = ''
      old_backup_metadata = False
      scheduled_backup = <function scheduled_backup at 0x10c64fa60>
      exit_code = 0
      rollback_callback = None
      site = 'test-site.local'
  File "apps/frappe/frappe/utils/backups.py", line 568, in scheduled_backup
    return new_backup(
      older_than = 6
      ignore_files = True
      backup_path = None
      backup_path_db = None
      backup_path_files = None
      backup_path_private_files = None
      backup_path_conf = None
      ignore_conf = False
      include_doctypes = ''
      exclude_doctypes = ''
      compress = False
      force = True
      verbose = True
      old_backup_metadata = False
      rollback_callback = <frappe.utils.CallbackManager object at 0x10c837a90>
  File "apps/frappe/frappe/utils/backups.py", line 626, in new_backup
    odb.get_backup(older_than, ignore_files, force=force)
      older_than = 6
      ignore_files = True
      backup_path = None
      backup_path_db = None
      backup_path_files = None
      backup_path_private_files = None
      backup_path_conf = None
      ignore_conf = False
      include_doctypes = ''
      exclude_doctypes = ''
      compress = False
      force = True
      verbose = True
      old_backup_metadata = False
      rollback_callback = <frappe.utils.CallbackManager object at 0x10c837a90>
      odb = <frappe.utils.backups.BackupGenerator object at 0x10c7d7230>
  File "apps/frappe/frappe/utils/backups.py", line 195, in get_backup
    self.delete_if_step_fails(self.take_dump, self.backup_path_db)
      self = <frappe.utils.backups.BackupGenerator object at 0x10c7d7230>
      older_than = 6
      ignore_files = True
      force = True
      last_db = False
      last_file = False
      last_private_file = False
      site_config_backup_path = False
  File "apps/frappe/frappe/utils/backups.py", line 520, in delete_if_step_fails
    raise e
      self = <frappe.utils.backups.BackupGenerator object at 0x10c7d7230>
      step = <bound method BackupGenerator.take_dump of <frappe.utils.backups.BackupGenerator object at 0x10c7d7230>>
      paths = ('./test-site.local/private/backups/20251125_180002-test-site_local-database.sql.gz',)
      path = './test-site.local/private/backups/20251125_180002-test-site_local-database.sql.gz'
  File "apps/frappe/frappe/utils/backups.py", line 515, in delete_if_step_fails
    step()
      self = <frappe.utils.backups.BackupGenerator object at 0x10c7d7230>
      step = <bound method BackupGenerator.take_dump of <frappe.utils.backups.BackupGenerator object at 0x10c7d7230>>
      paths = ('./test-site.local/private/backups/20251125_180002-test-site_local-database.sql.gz',)
      path = './test-site.local/private/backups/20251125_180002-test-site_local-database.sql.gz'
  File "apps/frappe/frappe/utils/backups.py", line 457, in take_dump
    frappe.throw(
      self = <frappe.utils.backups.BackupGenerator object at 0x10c7d7230>
      shlex = <module 'shlex' from '/opt/homebrew/Cellar/python@3.13/3.13.1/Frameworks/Python.framework/Versions/3.13/lib/python3.13/shlex.py'>
      frappe = <module 'frappe' from 'apps/frappe/frappe/__init__.py'>
      get_app_branch = <function get_app_branch at 0x10c632ac0>
      gzip_exc = '/usr/bin/gzip'
      database_header_content = ['begin frappe metadata', '[frappe]', 'version = 15.87.0', 'branch = version-15', 'end frappe metadata', '']
      generated_header = '-- begin frappe metadata\n-- [frappe]\n-- version = 15.87.0\n-- branch = version-15\n-- end frappe metadata\n-- \n'
      f = <_io.TextIOWrapper name='./test-site.local/private/backups/20251125_180002-test-site_local-database.sql.gz' encoding='UTF-8'>
      cmd = []
      extra = []
      get_command = <function get_command at 0x10c2dfb00>
      bin = None
      args = ['--user=_537373b7e3047fb7', '--host=127.0.0.1', '--port=3306', '--password=U5hxfjpquKPDmY5A', '--single-transaction', '--quick', '--lock-tables=false', '_537373b7e3047fb7']
      bin_name = 'mariadb-dump'
  File "apps/frappe/frappe/__init__.py", line 609, in throw
    msgprint(
      msg = 'mariadb-dump not found in PATH! This is required to take a backup.'
      exc = <class 'frappe.exceptions.ExecutableNotFound'>
      title = None
      is_minimizable = False
      wide = False
      as_list = False
      primary_action = None
  File "apps/frappe/frappe/__init__.py", line 574, in msgprint
    _raise_exception()
      msg = 'mariadb-dump not found in PATH! This is required to take a backup.'
      title = None
      raise_exception = <class 'frappe.exceptions.ExecutableNotFound'>
      as_table = False
      as_list = False
      indicator = 'red'
      alert = False
      primary_action = None
      is_minimizable = False
      wide = False
      realtime = False
      sys = <module 'sys' (built-in)>
      _raise_exception = <function msgprint.<locals>._raise_exception at 0x10a481da0>
      inspect = <module 'inspect' from '/opt/homebrew/Cellar/python@3.13/3.13.1/Frameworks/Python.framework/Versions/3.13/lib/python3.13/inspect.py'>
      out = {'message': 'mariadb-dump not found in PATH! This is required to take a backup.', 'title': 'Message', 'indicator': 'red', 'raise_exception': 1, '__frappe_exc_id': 'd5e01470bcf83e79db3c3538898d053041731a5788aac8c275209cd5'}
  File "apps/frappe/frappe/__init__.py", line 525, in _raise_exception
    raise exc
      exc = ExecutableNotFound('mariadb-dump not found in PATH! This is required to take a backup.')
      inspect = <module 'inspect' from '/opt/homebrew/Cellar/python@3.13/3.13.1/Frameworks/Python.framework/Versions/3.13/lib/python3.13/inspect.py'>
      msg = 'mariadb-dump not found in PATH! This is required to take a backup.'
      out = {'message': 'mariadb-dump not found in PATH! This is required to take a backup.', 'title': 'Message', 'indicator': 'red', 'raise_exception': 1, '__frappe_exc_id': 'd5e01470bcf83e79db3c3538898d053041731a5788aac8c275209cd5'}
      raise_exception = <class 'frappe.exceptions.ExecutableNotFound'>
frappe.exceptions.ExecutableNotFound: mariadb-dump not found in PATH! This is required to take a backup.
Backup failed for Site vendor-qc.local. Database or site_config.json may be corrupted
Traceback with variables (most recent call last):
  File "apps/frappe/frappe/commands/site.py", line 845, in backup
    odb = scheduled_backup(
      context = {'sites': ['test-site.local', 'vendor-qc.local'], 'force': False, 'verbose': True, 'profile': False}
      with_files = False
      backup_path = None
      backup_path_db = None
      backup_path_files = None
      backup_path_private_files = None
      backup_path_conf = None
      ignore_backup_conf = False
      verbose = True
      compress = False
      include = ''
      exclude = ''
      old_backup_metadata = False
      scheduled_backup = <function scheduled_backup at 0x10c64fa60>
      exit_code = 1
      rollback_callback = None
      site = 'vendor-qc.local'
  File "apps/frappe/frappe/utils/backups.py", line 568, in scheduled_backup
    return new_backup(
      older_than = 6
      ignore_files = True
      backup_path = None
      backup_path_db = None
      backup_path_files = None
      backup_path_private_files = None
      backup_path_conf = None
      ignore_conf = False
      include_doctypes = ''
      exclude_doctypes = ''
      compress = False
      force = True
      verbose = True
      old_backup_metadata = False
      rollback_callback = <frappe.utils.CallbackManager object at 0x10c86bfd0>
  File "apps/frappe/frappe/utils/backups.py", line 626, in new_backup
    odb.get_backup(older_than, ignore_files, force=force)
      older_than = 6
      ignore_files = True
      backup_path = None
      backup_path_db = None
      backup_path_files = None
      backup_path_private_files = None
      backup_path_conf = None
      ignore_conf = False
      include_doctypes = ''
      exclude_doctypes = ''
      compress = False
      force = True
      verbose = True
      old_backup_metadata = False
      rollback_callback = <frappe.utils.CallbackManager object at 0x10c86bfd0>
      odb = <frappe.utils.backups.BackupGenerator object at 0x10c7f2fd0>
  File "apps/frappe/frappe/utils/backups.py", line 195, in get_backup
    self.delete_if_step_fails(self.take_dump, self.backup_path_db)
      self = <frappe.utils.backups.BackupGenerator object at 0x10c7f2fd0>
      older_than = 6
      ignore_files = True
      force = True
      last_db = False
      last_file = False
      last_private_file = False
      site_config_backup_path = False
  File "apps/frappe/frappe/utils/backups.py", line 520, in delete_if_step_fails
    raise e
      self = <frappe.utils.backups.BackupGenerator object at 0x10c7f2fd0>
      step = <bound method BackupGenerator.take_dump of <frappe.utils.backups.BackupGenerator object at 0x10c7f2fd0>>
      paths = ('./test-site.local/private/backups/20251125_180002-test-site_local-database.sql.gz',)
      path = './test-site.local/private/backups/20251125_180002-test-site_local-database.sql.gz'
  File "apps/frappe/frappe/utils/backups.py", line 515, in delete_if_step_fails
    step()
      self = <frappe.utils.backups.BackupGenerator object at 0x10c7f2fd0>
      step = <bound method BackupGenerator.take_dump of <frappe.utils.backups.BackupGenerator object at 0x10c7f2fd0>>
      paths = ('./test-site.local/private/backups/20251125_180002-test-site_local-database.sql.gz',)
      path = './test-site.local/private/backups/20251125_180002-test-site_local-database.sql.gz'
  File "apps/frappe/frappe/utils/backups.py", line 457, in take_dump
    frappe.throw(
      self = <frappe.utils.backups.BackupGenerator object at 0x10c7f2fd0>
      shlex = <module 'shlex' from '/opt/homebrew/Cellar/python@3.13/3.13.1/Frameworks/Python.framework/Versions/3.13/lib/python3.13/shlex.py'>
      frappe = <module 'frappe' from 'apps/frappe/frappe/__init__.py'>
      get_app_branch = <function get_app_branch at 0x10c632ac0>
      gzip_exc = '/usr/bin/gzip'
      database_header_content = ['begin frappe metadata', '[frappe]', 'version = 15.87.0', 'branch = version-15', 'end frappe metadata', '']
      generated_header = '-- begin frappe metadata\n-- [frappe]\n-- version = 15.87.0\n-- branch = version-15\n-- end frappe metadata\n-- \n'
      f = <_io.TextIOWrapper name='./test-site.local/private/backups/20251125_180002-test-site_local-database.sql.gz' encoding='UTF-8'>
      cmd = []
      extra = []
      get_command = <function get_command at 0x10c2dfb00>
      bin = None
      args = ['--user=_537373b7e3047fb7', '--host=127.0.0.1', '--port=3306', '--password=U5hxfjpquKPDmY5A', '--single-transaction', '--quick', '--lock-tables=false', '_537373b7e3047fb7']
      bin_name = 'mariadb-dump'
  File "apps/frappe/frappe/__init__.py", line 609, in throw
    msgprint(
      msg = 'mariadb-dump not found in PATH! This is required to take a backup.'
      exc = <class 'frappe.exceptions.ExecutableNotFound'>
      title = None
      is_minimizable = False
      wide = False
      as_list = False
      primary_action = None
  File "apps/frappe/frappe/__init__.py", line 574, in msgprint
    _raise_exception()
      msg = 'mariadb-dump not found in PATH! This is required to take a backup.'
      title = None
      raise_exception = <class 'frappe.exceptions.ExecutableNotFound'>
      as_table = False
      as_list = False
      indicator = 'red'
      alert = False
      primary_action = None
      is_minimizable = False
      wide = False
      realtime = False
      sys = <module 'sys' (built-in)>
      _raise_exception = <function msgprint.<locals>._raise_exception at 0x10c8ca980>
      inspect = <module 'inspect' from '/opt/homebrew/Cellar/python@3.13/3.13.1/Frameworks/Python.framework/Versions/3.13/lib/python3.13/inspect.py'>
      out = {'message': 'mariadb-dump not found in PATH! This is required to take a backup.', 'title': 'Message', 'indicator': 'red', 'raise_exception': 1, '__frappe_exc_id': '5b57e46b29aa987e69eed51c5f46908094502cae475af9338b738e91'}
  File "apps/frappe/frappe/__init__.py", line 525, in _raise_exception
    raise exc
      exc = ExecutableNotFound('mariadb-dump not found in PATH! This is required to take a backup.')
      inspect = <module 'inspect' from '/opt/homebrew/Cellar/python@3.13/3.13.1/Frameworks/Python.framework/Versions/3.13/lib/python3.13/inspect.py'>
      msg = 'mariadb-dump not found in PATH! This is required to take a backup.'
      out = {'message': 'mariadb-dump not found in PATH! This is required to take a backup.', 'title': 'Message', 'indicator': 'red', 'raise_exception': 1, '__frappe_exc_id': '5b57e46b29aa987e69eed51c5f46908094502cae475af9338b738e91'}
      raise_exception = <class 'frappe.exceptions.ExecutableNotFound'>
frappe.exceptions.ExecutableNotFound: mariadb-dump not found in PATH! This is required to take a backup.
Backup failed for Site test-site.local. Database or site_config.json may be corrupted
Traceback with variables (most recent call last):
  File "apps/frappe/frappe/commands/site.py", line 845, in backup
    odb = scheduled_backup(
      context = {'sites': ['test-site.local', 'vendor-qc.local'], 'force': False, 'verbose': True, 'profile': False}
      with_files = False
      backup_path = None
      backup_path_db = None
      backup_path_files = None
      backup_path_private_files = None
      backup_path_conf = None
      ignore_backup_conf = False
      verbose = True
      compress = False
      include = ''
      exclude = ''
      old_backup_metadata = False
      scheduled_backup = <function scheduled_backup at 0x10c28ba60>
      exit_code = 0
      rollback_callback = None
      site = 'test-site.local'
  File "apps/frappe/frappe/utils/backups.py", line 568, in scheduled_backup
    return new_backup(
      older_than = 6
      ignore_files = True
      backup_path = None
      backup_path_db = None
      backup_path_files = None
      backup_path_private_files = None
      backup_path_conf = None
      ignore_conf = False
      include_doctypes = ''
      exclude_doctypes = ''
      compress = False
      force = True
      verbose = True
      old_backup_metadata = False
      rollback_callback = <frappe.utils.CallbackManager object at 0x10c4dbc10>
  File "apps/frappe/frappe/utils/backups.py", line 626, in new_backup
    odb.get_backup(older_than, ignore_files, force=force)
      older_than = 6
      ignore_files = True
      backup_path = None
      backup_path_db = None
      backup_path_files = None
      backup_path_private_files = None
      backup_path_conf = None
      ignore_conf = False
      include_doctypes = ''
      exclude_doctypes = ''
      compress = False
      force = True
      verbose = True
      old_backup_metadata = False
      rollback_callback = <frappe.utils.CallbackManager object at 0x10c4dbc10>
      odb = <frappe.utils.backups.BackupGenerator object at 0x10c47f230>
  File "apps/frappe/frappe/utils/backups.py", line 195, in get_backup
    self.delete_if_step_fails(self.take_dump, self.backup_path_db)
      self = <frappe.utils.backups.BackupGenerator object at 0x10c47f230>
      older_than = 6
      ignore_files = True
      force = True
      last_db = False
      last_file = False
      last_private_file = False
      site_config_backup_path = False
  File "apps/frappe/frappe/utils/backups.py", line 520, in delete_if_step_fails
    raise e
      self = <frappe.utils.backups.BackupGenerator object at 0x10c47f230>
      step = <bound method BackupGenerator.take_dump of <frappe.utils.backups.BackupGenerator object at 0x10c47f230>>
      paths = ('./test-site.local/private/backups/20251126_000002-test-site_local-database.sql.gz',)
      path = './test-site.local/private/backups/20251126_000002-test-site_local-database.sql.gz'
  File "apps/frappe/frappe/utils/backups.py", line 515, in delete_if_step_fails
    step()
      self = <frappe.utils.backups.BackupGenerator object at 0x10c47f230>
      step = <bound method BackupGenerator.take_dump of <frappe.utils.backups.BackupGenerator object at 0x10c47f230>>
      paths = ('./test-site.local/private/backups/20251126_000002-test-site_local-database.sql.gz',)
      path = './test-site.local/private/backups/20251126_000002-test-site_local-database.sql.gz'
  File "apps/frappe/frappe/utils/backups.py", line 457, in take_dump
    frappe.throw(
      self = <frappe.utils.backups.BackupGenerator object at 0x10c47f230>
      shlex = <module 'shlex' from '/opt/homebrew/Cellar/python@3.13/3.13.1/Frameworks/Python.framework/Versions/3.13/lib/python3.13/shlex.py'>
      frappe = <module 'frappe' from 'apps/frappe/frappe/__init__.py'>
      get_app_branch = <function get_app_branch at 0x10c26eac0>
      gzip_exc = '/usr/bin/gzip'
      database_header_content = ['begin frappe metadata', '[frappe]', 'version = 15.87.0', 'branch = version-15', 'end frappe metadata', '']
      generated_header = '-- begin frappe metadata\n-- [frappe]\n-- version = 15.87.0\n-- branch = version-15\n-- end frappe metadata\n-- \n'
      f = <_io.TextIOWrapper name='./test-site.local/private/backups/20251126_000002-test-site_local-database.sql.gz' encoding='UTF-8'>
      cmd = []
      extra = []
      get_command = <function get_command at 0x10bf5bb00>
      bin = None
      args = ['--user=_537373b7e3047fb7', '--host=127.0.0.1', '--port=3306', '--password=U5hxfjpquKPDmY5A', '--single-transaction', '--quick', '--lock-tables=false', '_537373b7e3047fb7']
      bin_name = 'mariadb-dump'
  File "apps/frappe/frappe/__init__.py", line 609, in throw
    msgprint(
      msg = 'mariadb-dump not found in PATH! This is required to take a backup.'
      exc = <class 'frappe.exceptions.ExecutableNotFound'>
      title = None
      is_minimizable = False
      wide = False
      as_list = False
      primary_action = None
  File "apps/frappe/frappe/__init__.py", line 574, in msgprint
    _raise_exception()
      msg = 'mariadb-dump not found in PATH! This is required to take a backup.'
      title = None
      raise_exception = <class 'frappe.exceptions.ExecutableNotFound'>
      as_table = False
      as_list = False
      indicator = 'red'
      alert = False
      primary_action = None
      is_minimizable = False
      wide = False
      realtime = False
      sys = <module 'sys' (built-in)>
      _raise_exception = <function msgprint.<locals>._raise_exception at 0x10a179da0>
      inspect = <module 'inspect' from '/opt/homebrew/Cellar/python@3.13/3.13.1/Frameworks/Python.framework/Versions/3.13/lib/python3.13/inspect.py'>
      out = {'message': 'mariadb-dump not found in PATH! This is required to take a backup.', 'title': 'Message', 'indicator': 'red', 'raise_exception': 1, '__frappe_exc_id': 'ac2d6f5bbfc482ca88147ccc4540e77256284dfed555a59e4f5fca3a'}
  File "apps/frappe/frappe/__init__.py", line 525, in _raise_exception
    raise exc
      exc = ExecutableNotFound('mariadb-dump not found in PATH! This is required to take a backup.')
      inspect = <module 'inspect' from '/opt/homebrew/Cellar/python@3.13/3.13.1/Frameworks/Python.framework/Versions/3.13/lib/python3.13/inspect.py'>
      msg = 'mariadb-dump not found in PATH! This is required to take a backup.'
      out = {'message': 'mariadb-dump not found in PATH! This is required to take a backup.', 'title': 'Message', 'indicator': 'red', 'raise_exception': 1, '__frappe_exc_id': 'ac2d6f5bbfc482ca88147ccc4540e77256284dfed555a59e4f5fca3a'}
      raise_exception = <class 'frappe.exceptions.ExecutableNotFound'>
frappe.exceptions.ExecutableNotFound: mariadb-dump not found in PATH! This is required to take a backup.
Backup failed for Site vendor-qc.local. Database or site_config.json may be corrupted
Traceback with variables (most recent call last):
  File "apps/frappe/frappe/commands/site.py", line 845, in backup
    odb = scheduled_backup(
      context = {'sites': ['test-site.local', 'vendor-qc.local'], 'force': False, 'verbose': True, 'profile': False}
      with_files = False
      backup_path = None
      backup_path_db = None
      backup_path_files = None
      backup_path_private_files = None
      backup_path_conf = None
      ignore_backup_conf = False
      verbose = True
      compress = False
      include = ''
      exclude = ''
      old_backup_metadata = False
      scheduled_backup = <function scheduled_backup at 0x10c28ba60>
      exit_code = 1
      rollback_callback = None
      site = 'vendor-qc.local'
  File "apps/frappe/frappe/utils/backups.py", line 568, in scheduled_backup
    return new_backup(
      older_than = 6
      ignore_files = True
      backup_path = None
      backup_path_db = None
      backup_path_files = None
      backup_path_private_files = None
      backup_path_conf = None
      ignore_conf = False
      include_doctypes = ''
      exclude_doctypes = ''
      compress = False
      force = True
      verbose = True
      old_backup_metadata = False
      rollback_callback = <frappe.utils.CallbackManager object at 0x10c50ffd0>
  File "apps/frappe/frappe/utils/backups.py", line 626, in new_backup
    odb.get_backup(older_than, ignore_files, force=force)
      older_than = 6
      ignore_files = True
      backup_path = None
      backup_path_db = None
      backup_path_files = None
      backup_path_private_files = None
      backup_path_conf = None
      ignore_conf = False
      include_doctypes = ''
      exclude_doctypes = ''
      compress = False
      force = True
      verbose = True
      old_backup_metadata = False
      rollback_callback = <frappe.utils.CallbackManager object at 0x10c50ffd0>
      odb = <frappe.utils.backups.BackupGenerator object at 0x10c496fd0>
  File "apps/frappe/frappe/utils/backups.py", line 195, in get_backup
    self.delete_if_step_fails(self.take_dump, self.backup_path_db)
      self = <frappe.utils.backups.BackupGenerator object at 0x10c496fd0>
      older_than = 6
      ignore_files = True
      force = True
      last_db = False
      last_file = False
      last_private_file = False
      site_config_backup_path = False
  File "apps/frappe/frappe/utils/backups.py", line 520, in delete_if_step_fails
    raise e
      self = <frappe.utils.backups.BackupGenerator object at 0x10c496fd0>
      step = <bound method BackupGenerator.take_dump of <frappe.utils.backups.BackupGenerator object at 0x10c496fd0>>
      paths = ('./test-site.local/private/backups/20251126_000002-test-site_local-database.sql.gz',)
      path = './test-site.local/private/backups/20251126_000002-test-site_local-database.sql.gz'
  File "apps/frappe/frappe/utils/backups.py", line 515, in delete_if_step_fails
    step()
      self = <frappe.utils.backups.BackupGenerator object at 0x10c496fd0>
      step = <bound method BackupGenerator.take_dump of <frappe.utils.backups.BackupGenerator object at 0x10c496fd0>>
      paths = ('./test-site.local/private/backups/20251126_000002-test-site_local-database.sql.gz',)
      path = './test-site.local/private/backups/20251126_000002-test-site_local-database.sql.gz'
  File "apps/frappe/frappe/utils/backups.py", line 457, in take_dump
    frappe.throw(
      self = <frappe.utils.backups.BackupGenerator object at 0x10c496fd0>
      shlex = <module 'shlex' from '/opt/homebrew/Cellar/python@3.13/3.13.1/Frameworks/Python.framework/Versions/3.13/lib/python3.13/shlex.py'>
      frappe = <module 'frappe' from 'apps/frappe/frappe/__init__.py'>
      get_app_branch = <function get_app_branch at 0x10c26eac0>
      gzip_exc = '/usr/bin/gzip'
      database_header_content = ['begin frappe metadata', '[frappe]', 'version = 15.87.0', 'branch = version-15', 'end frappe metadata', '']
      generated_header = '-- begin frappe metadata\n-- [frappe]\n-- version = 15.87.0\n-- branch = version-15\n-- end frappe metadata\n-- \n'
      f = <_io.TextIOWrapper name='./test-site.local/private/backups/20251126_000002-test-site_local-database.sql.gz' encoding='UTF-8'>
      cmd = []
      extra = []
      get_command = <function get_command at 0x10bf5bb00>
      bin = None
      args = ['--user=_537373b7e3047fb7', '--host=127.0.0.1', '--port=3306', '--password=U5hxfjpquKPDmY5A', '--single-transaction', '--quick', '--lock-tables=false', '_537373b7e3047fb7']
      bin_name = 'mariadb-dump'
  File "apps/frappe/frappe/__init__.py", line 609, in throw
    msgprint(
      msg = 'mariadb-dump not found in PATH! This is required to take a backup.'
      exc = <class 'frappe.exceptions.ExecutableNotFound'>
      title = None
      is_minimizable = False
      wide = False
      as_list = False
      primary_action = None
  File "apps/frappe/frappe/__init__.py", line 574, in msgprint
    _raise_exception()
      msg = 'mariadb-dump not found in PATH! This is required to take a backup.'
      title = None
      raise_exception = <class 'frappe.exceptions.ExecutableNotFound'>
      as_table = False
      as_list = False
      indicator = 'red'
      alert = False
      primary_action = None
      is_minimizable = False
      wide = False
      realtime = False
      sys = <module 'sys' (built-in)>
      _raise_exception = <function msgprint.<locals>._raise_exception at 0x10c56e980>
      inspect = <module 'inspect' from '/opt/homebrew/Cellar/python@3.13/3.13.1/Frameworks/Python.framework/Versions/3.13/lib/python3.13/inspect.py'>
      out = {'message': 'mariadb-dump not found in PATH! This is required to take a backup.', 'title': 'Message', 'indicator': 'red', 'raise_exception': 1, '__frappe_exc_id': 'e9ce69ee91764ed0da24de01788270c841e2d2fb124a1fed3e5d9282'}
  File "apps/frappe/frappe/__init__.py", line 525, in _raise_exception
    raise exc
      exc = ExecutableNotFound('mariadb-dump not found in PATH! This is required to take a backup.')
      inspect = <module 'inspect' from '/opt/homebrew/Cellar/python@3.13/3.13.1/Frameworks/Python.framework/Versions/3.13/lib/python3.13/inspect.py'>
      msg = 'mariadb-dump not found in PATH! This is required to take a backup.'
      out = {'message': 'mariadb-dump not found in PATH! This is required to take a backup.', 'title': 'Message', 'indicator': 'red', 'raise_exception': 1, '__frappe_exc_id': 'e9ce69ee91764ed0da24de01788270c841e2d2fb124a1fed3e5d9282'}
      raise_exception = <class 'frappe.exceptions.ExecutableNotFound'>
frappe.exceptions.ExecutableNotFound: mariadb-dump not found in PATH! This is required to take a backup.
Backup failed for Site test-site.local. Database or site_config.json may be corrupted
Traceback with variables (most recent call last):
  File "apps/frappe/frappe/commands/site.py", line 845, in backup
    odb = scheduled_backup(
      context = {'sites': ['test-site.local', 'vendor-qc.local'], 'force': False, 'verbose': True, 'profile': False}
      with_files = False
      backup_path = None
      backup_path_db = None
      backup_path_files = None
      backup_path_private_files = None
      backup_path_conf = None
      ignore_backup_conf = False
      verbose = True
      compress = False
      include = ''
      exclude = ''
      old_backup_metadata = False
      scheduled_backup = <function scheduled_backup at 0x10c717a60>
      exit_code = 0
      rollback_callback = None
      site = 'test-site.local'
  File "apps/frappe/frappe/utils/backups.py", line 568, in scheduled_backup
    return new_backup(
      older_than = 6
      ignore_files = True
      backup_path = None
      backup_path_db = None
      backup_path_files = None
      backup_path_private_files = None
      backup_path_conf = None
      ignore_conf = False
      include_doctypes = ''
      exclude_doctypes = ''
      compress = False
      force = True
      verbose = True
      old_backup_metadata = False
      rollback_callback = <frappe.utils.CallbackManager object at 0x10c967d30>
  File "apps/frappe/frappe/utils/backups.py", line 626, in new_backup
    odb.get_backup(older_than, ignore_files, force=force)
      older_than = 6
      ignore_files = True
      backup_path = None
      backup_path_db = None
      backup_path_files = None
      backup_path_private_files = None
      backup_path_conf = None
      ignore_conf = False
      include_doctypes = ''
      exclude_doctypes = ''
      compress = False
      force = True
      verbose = True
      old_backup_metadata = False
      rollback_callback = <frappe.utils.CallbackManager object at 0x10c967d30>
      odb = <frappe.utils.backups.BackupGenerator object at 0x10c90b230>
  File "apps/frappe/frappe/utils/backups.py", line 195, in get_backup
    self.delete_if_step_fails(self.take_dump, self.backup_path_db)
      self = <frappe.utils.backups.BackupGenerator object at 0x10c90b230>
      older_than = 6
      ignore_files = True
      force = True
      last_db = False
      last_file = False
      last_private_file = False
      site_config_backup_path = False
  File "apps/frappe/frappe/utils/backups.py", line 520, in delete_if_step_fails
    raise e
      self = <frappe.utils.backups.BackupGenerator object at 0x10c90b230>
      step = <bound method BackupGenerator.take_dump of <frappe.utils.backups.BackupGenerator object at 0x10c90b230>>
      paths = ('./test-site.local/private/backups/20251126_060001-test-site_local-database.sql.gz',)
      path = './test-site.local/private/backups/20251126_060001-test-site_local-database.sql.gz'
  File "apps/frappe/frappe/utils/backups.py", line 515, in delete_if_step_fails
    step()
      self = <frappe.utils.backups.BackupGenerator object at 0x10c90b230>
      step = <bound method BackupGenerator.take_dump of <frappe.utils.backups.BackupGenerator object at 0x10c90b230>>
      paths = ('./test-site.local/private/backups/20251126_060001-test-site_local-database.sql.gz',)
      path = './test-site.local/private/backups/20251126_060001-test-site_local-database.sql.gz'
  File "apps/frappe/frappe/utils/backups.py", line 457, in take_dump
    frappe.throw(
      self = <frappe.utils.backups.BackupGenerator object at 0x10c90b230>
      shlex = <module 'shlex' from '/opt/homebrew/Cellar/python@3.13/3.13.1/Frameworks/Python.framework/Versions/3.13/lib/python3.13/shlex.py'>
      frappe = <module 'frappe' from 'apps/frappe/frappe/__init__.py'>
      get_app_branch = <function get_app_branch at 0x10c6faac0>
      gzip_exc = '/usr/bin/gzip'
      database_header_content = ['begin frappe metadata', '[frappe]', 'version = 15.87.0', 'branch = version-15', 'end frappe metadata', '']
      generated_header = '-- begin frappe metadata\n-- [frappe]\n-- version = 15.87.0\n-- branch = version-15\n-- end frappe metadata\n-- \n'
      f = <_io.TextIOWrapper name='./test-site.local/private/backups/20251126_060001-test-site_local-database.sql.gz' encoding='UTF-8'>
      cmd = []
      extra = []
      get_command = <function get_command at 0x10c3e7b00>
      bin = None
      args = ['--user=_537373b7e3047fb7', '--host=127.0.0.1', '--port=3306', '--password=U5hxfjpquKPDmY5A', '--single-transaction', '--quick', '--lock-tables=false', '_537373b7e3047fb7']
      bin_name = 'mariadb-dump'
  File "apps/frappe/frappe/__init__.py", line 609, in throw
    msgprint(
      msg = 'mariadb-dump not found in PATH! This is required to take a backup.'
      exc = <class 'frappe.exceptions.ExecutableNotFound'>
      title = None
      is_minimizable = False
      wide = False
      as_list = False
      primary_action = None
  File "apps/frappe/frappe/__init__.py", line 574, in msgprint
    _raise_exception()
      msg = 'mariadb-dump not found in PATH! This is required to take a backup.'
      title = None
      raise_exception = <class 'frappe.exceptions.ExecutableNotFound'>
      as_table = False
      as_list = False
      indicator = 'red'
      alert = False
      primary_action = None
      is_minimizable = False
      wide = False
      realtime = False
      sys = <module 'sys' (built-in)>
      _raise_exception = <function msgprint.<locals>._raise_exception at 0x10a675da0>
      inspect = <module 'inspect' from '/opt/homebrew/Cellar/python@3.13/3.13.1/Frameworks/Python.framework/Versions/3.13/lib/python3.13/inspect.py'>
      out = {'message': 'mariadb-dump not found in PATH! This is required to take a backup.', 'title': 'Message', 'indicator': 'red', 'raise_exception': 1, '__frappe_exc_id': 'abeffebde18e96d6d58f6e4891d3a6372fcb7236372b0dc1caaec18a'}
  File "apps/frappe/frappe/__init__.py", line 525, in _raise_exception
    raise exc
      exc = ExecutableNotFound('mariadb-dump not found in PATH! This is required to take a backup.')
      inspect = <module 'inspect' from '/opt/homebrew/Cellar/python@3.13/3.13.1/Frameworks/Python.framework/Versions/3.13/lib/python3.13/inspect.py'>
      msg = 'mariadb-dump not found in PATH! This is required to take a backup.'
      out = {'message': 'mariadb-dump not found in PATH! This is required to take a backup.', 'title': 'Message', 'indicator': 'red', 'raise_exception': 1, '__frappe_exc_id': 'abeffebde18e96d6d58f6e4891d3a6372fcb7236372b0dc1caaec18a'}
      raise_exception = <class 'frappe.exceptions.ExecutableNotFound'>
frappe.exceptions.ExecutableNotFound: mariadb-dump not found in PATH! This is required to take a backup.
Backup failed for Site vendor-qc.local. Database or site_config.json may be corrupted
Traceback with variables (most recent call last):
  File "apps/frappe/frappe/commands/site.py", line 845, in backup
    odb = scheduled_backup(
      context = {'sites': ['test-site.local', 'vendor-qc.local'], 'force': False, 'verbose': True, 'profile': False}
      with_files = False
      backup_path = None
      backup_path_db = None
      backup_path_files = None
      backup_path_private_files = None
      backup_path_conf = None
      ignore_backup_conf = False
      verbose = True
      compress = False
      include = ''
      exclude = ''
      old_backup_metadata = False
      scheduled_backup = <function scheduled_backup at 0x10c717a60>
      exit_code = 1
      rollback_callback = None
      site = 'vendor-qc.local'
  File "apps/frappe/frappe/utils/backups.py", line 568, in scheduled_backup
    return new_backup(
      older_than = 6
      ignore_files = True
      backup_path = None
      backup_path_db = None
      backup_path_files = None
      backup_path_private_files = None
      backup_path_conf = None
      ignore_conf = False
      include_doctypes = ''
      exclude_doctypes = ''
      compress = False
      force = True
      verbose = True
      old_backup_metadata = False
      rollback_callback = <frappe.utils.CallbackManager object at 0x10c99bfd0>
  File "apps/frappe/frappe/utils/backups.py", line 626, in new_backup
    odb.get_backup(older_than, ignore_files, force=force)
      older_than = 6
      ignore_files = True
      backup_path = None
      backup_path_db = None
      backup_path_files = None
      backup_path_private_files = None
      backup_path_conf = None
      ignore_conf = False
      include_doctypes = ''
      exclude_doctypes = ''
      compress = False
      force = True
      verbose = True
      old_backup_metadata = False
      rollback_callback = <frappe.utils.CallbackManager object at 0x10c99bfd0>
      odb = <frappe.utils.backups.BackupGenerator object at 0x10c922fd0>
  File "apps/frappe/frappe/utils/backups.py", line 195, in get_backup
    self.delete_if_step_fails(self.take_dump, self.backup_path_db)
      self = <frappe.utils.backups.BackupGenerator object at 0x10c922fd0>
      older_than = 6
      ignore_files = True
      force = True
      last_db = False
      last_file = False
      last_private_file = False
      site_config_backup_path = False
  File "apps/frappe/frappe/utils/backups.py", line 520, in delete_if_step_fails
    raise e
      self = <frappe.utils.backups.BackupGenerator object at 0x10c922fd0>
      step = <bound method BackupGenerator.take_dump of <frappe.utils.backups.BackupGenerator object at 0x10c922fd0>>
      paths = ('./test-site.local/private/backups/20251126_060002-test-site_local-database.sql.gz',)
      path = './test-site.local/private/backups/20251126_060002-test-site_local-database.sql.gz'
  File "apps/frappe/frappe/utils/backups.py", line 515, in delete_if_step_fails
    step()
      self = <frappe.utils.backups.BackupGenerator object at 0x10c922fd0>
      step = <bound method BackupGenerator.take_dump of <frappe.utils.backups.BackupGenerator object at 0x10c922fd0>>
      paths = ('./test-site.local/private/backups/20251126_060002-test-site_local-database.sql.gz',)
      path = './test-site.local/private/backups/20251126_060002-test-site_local-database.sql.gz'
  File "apps/frappe/frappe/utils/backups.py", line 457, in take_dump
    frappe.throw(
      self = <frappe.utils.backups.BackupGenerator object at 0x10c922fd0>
      shlex = <module 'shlex' from '/opt/homebrew/Cellar/python@3.13/3.13.1/Frameworks/Python.framework/Versions/3.13/lib/python3.13/shlex.py'>
      frappe = <module 'frappe' from 'apps/frappe/frappe/__init__.py'>
      get_app_branch = <function get_app_branch at 0x10c6faac0>
      gzip_exc = '/usr/bin/gzip'
      database_header_content = ['begin frappe metadata', '[frappe]', 'version = 15.87.0', 'branch = version-15', 'end frappe metadata', '']
      generated_header = '-- begin frappe metadata\n-- [frappe]\n-- version = 15.87.0\n-- branch = version-15\n-- end frappe metadata\n-- \n'
      f = <_io.TextIOWrapper name='./test-site.local/private/backups/20251126_060002-test-site_local-database.sql.gz' encoding='UTF-8'>
      cmd = []
      extra = []
      get_command = <function get_command at 0x10c3e7b00>
      bin = None
      args = ['--user=_537373b7e3047fb7', '--host=127.0.0.1', '--port=3306', '--password=U5hxfjpquKPDmY5A', '--single-transaction', '--quick', '--lock-tables=false', '_537373b7e3047fb7']
      bin_name = 'mariadb-dump'
  File "apps/frappe/frappe/__init__.py", line 609, in throw
    msgprint(
      msg = 'mariadb-dump not found in PATH! This is required to take a backup.'
      exc = <class 'frappe.exceptions.ExecutableNotFound'>
      title = None
      is_minimizable = False
      wide = False
      as_list = False
      primary_action = None
  File "apps/frappe/frappe/__init__.py", line 574, in msgprint
    _raise_exception()
      msg = 'mariadb-dump not found in PATH! This is required to take a backup.'
      title = None
      raise_exception = <class 'frappe.exceptions.ExecutableNotFound'>
      as_table = False
      as_list = False
      indicator = 'red'
      alert = False
      primary_action = None
      is_minimizable = False
      wide = False
      realtime = False
      sys = <module 'sys' (built-in)>
      _raise_exception = <function msgprint.<locals>._raise_exception at 0x10c9fa980>
      inspect = <module 'inspect' from '/opt/homebrew/Cellar/python@3.13/3.13.1/Frameworks/Python.framework/Versions/3.13/lib/python3.13/inspect.py'>
      out = {'message': 'mariadb-dump not found in PATH! This is required to take a backup.', 'title': 'Message', 'indicator': 'red', 'raise_exception': 1, '__frappe_exc_id': '8725dfeb13a1a930ffc3e793d1e33f971a72680c9863dba2b7200a84'}
  File "apps/frappe/frappe/__init__.py", line 525, in _raise_exception
    raise exc
      exc = ExecutableNotFound('mariadb-dump not found in PATH! This is required to take a backup.')
      inspect = <module 'inspect' from '/opt/homebrew/Cellar/python@3.13/3.13.1/Frameworks/Python.framework/Versions/3.13/lib/python3.13/inspect.py'>
      msg = 'mariadb-dump not found in PATH! This is required to take a backup.'
      out = {'message': 'mariadb-dump not found in PATH! This is required to take a backup.', 'title': 'Message', 'indicator': 'red', 'raise_exception': 1, '__frappe_exc_id': '8725dfeb13a1a930ffc3e793d1e33f971a72680c9863dba2b7200a84'}
      raise_exception = <class 'frappe.exceptions.ExecutableNotFound'>
frappe.exceptions.ExecutableNotFound: mariadb-dump not found in PATH! This is required to take a backup.
Backup failed for Site test-site.local. Database or site_config.json may be corrupted
Traceback with variables (most recent call last):
  File "apps/frappe/frappe/commands/site.py", line 845, in backup
    odb = scheduled_backup(
      context = {'sites': ['test-site.local', 'vendor-qc.local'], 'force': False, 'verbose': True, 'profile': False}
      with_files = False
      backup_path = None
      backup_path_db = None
      backup_path_files = None
      backup_path_private_files = None
      backup_path_conf = None
      ignore_backup_conf = False
      verbose = True
      compress = False
      include = ''
      exclude = ''
      old_backup_metadata = False
      scheduled_backup = <function scheduled_backup at 0x10c97fa60>
      exit_code = 0
      rollback_callback = None
      site = 'test-site.local'
  File "apps/frappe/frappe/utils/backups.py", line 568, in scheduled_backup
    return new_backup(
      older_than = 6
      ignore_files = True
      backup_path = None
      backup_path_db = None
      backup_path_files = None
      backup_path_private_files = None
      backup_path_conf = None
      ignore_conf = False
      include_doctypes = ''
      exclude_doctypes = ''
      compress = False
      force = True
      verbose = True
      old_backup_metadata = False
      rollback_callback = <frappe.utils.CallbackManager object at 0x10cbcfc70>
  File "apps/frappe/frappe/utils/backups.py", line 626, in new_backup
    odb.get_backup(older_than, ignore_files, force=force)
      older_than = 6
      ignore_files = True
      backup_path = None
      backup_path_db = None
      backup_path_files = None
      backup_path_private_files = None
      backup_path_conf = None
      ignore_conf = False
      include_doctypes = ''
      exclude_doctypes = ''
      compress = False
      force = True
      verbose = True
      old_backup_metadata = False
      rollback_callback = <frappe.utils.CallbackManager object at 0x10cbcfc70>
      odb = <frappe.utils.backups.BackupGenerator object at 0x10cb73230>
  File "apps/frappe/frappe/utils/backups.py", line 195, in get_backup
    self.delete_if_step_fails(self.take_dump, self.backup_path_db)
      self = <frappe.utils.backups.BackupGenerator object at 0x10cb73230>
      older_than = 6
      ignore_files = True
      force = True
      last_db = False
      last_file = False
      last_private_file = False
      site_config_backup_path = False
  File "apps/frappe/frappe/utils/backups.py", line 520, in delete_if_step_fails
    raise e
      self = <frappe.utils.backups.BackupGenerator object at 0x10cb73230>
      step = <bound method BackupGenerator.take_dump of <frappe.utils.backups.BackupGenerator object at 0x10cb73230>>
      paths = ('./test-site.local/private/backups/20251126_120001-test-site_local-database.sql.gz',)
      path = './test-site.local/private/backups/20251126_120001-test-site_local-database.sql.gz'
  File "apps/frappe/frappe/utils/backups.py", line 515, in delete_if_step_fails
    step()
      self = <frappe.utils.backups.BackupGenerator object at 0x10cb73230>
      step = <bound method BackupGenerator.take_dump of <frappe.utils.backups.BackupGenerator object at 0x10cb73230>>
      paths = ('./test-site.local/private/backups/20251126_120001-test-site_local-database.sql.gz',)
      path = './test-site.local/private/backups/20251126_120001-test-site_local-database.sql.gz'
  File "apps/frappe/frappe/utils/backups.py", line 457, in take_dump
    frappe.throw(
      self = <frappe.utils.backups.BackupGenerator object at 0x10cb73230>
      shlex = <module 'shlex' from '/opt/homebrew/Cellar/python@3.13/3.13.1/Frameworks/Python.framework/Versions/3.13/lib/python3.13/shlex.py'>
      frappe = <module 'frappe' from 'apps/frappe/frappe/__init__.py'>
      get_app_branch = <function get_app_branch at 0x10c962ac0>
      gzip_exc = '/usr/bin/gzip'
      database_header_content = ['begin frappe metadata', '[frappe]', 'version = 15.87.0', 'branch = version-15', 'end frappe metadata', '']
      generated_header = '-- begin frappe metadata\n-- [frappe]\n-- version = 15.87.0\n-- branch = version-15\n-- end frappe metadata\n-- \n'
      f = <_io.TextIOWrapper name='./test-site.local/private/backups/20251126_120001-test-site_local-database.sql.gz' encoding='UTF-8'>
      cmd = []
      extra = []
      get_command = <function get_command at 0x10c64fb00>
      bin = None
      args = ['--user=_537373b7e3047fb7', '--host=127.0.0.1', '--port=3306', '--password=U5hxfjpquKPDmY5A', '--single-transaction', '--quick', '--lock-tables=false', '_537373b7e3047fb7']
      bin_name = 'mariadb-dump'
  File "apps/frappe/frappe/__init__.py", line 609, in throw
    msgprint(
      msg = 'mariadb-dump not found in PATH! This is required to take a backup.'
      exc = <class 'frappe.exceptions.ExecutableNotFound'>
      title = None
      is_minimizable = False
      wide = False
      as_list = False
      primary_action = None
  File "apps/frappe/frappe/__init__.py", line 574, in msgprint
    _raise_exception()
      msg = 'mariadb-dump not found in PATH! This is required to take a backup.'
      title = None
      raise_exception = <class 'frappe.exceptions.ExecutableNotFound'>
      as_table = False
      as_list = False
      indicator = 'red'
      alert = False
      primary_action = None
      is_minimizable = False
      wide = False
      realtime = False
      sys = <module 'sys' (built-in)>
      _raise_exception = <function msgprint.<locals>._raise_exception at 0x10a879da0>
      inspect = <module 'inspect' from '/opt/homebrew/Cellar/python@3.13/3.13.1/Frameworks/Python.framework/Versions/3.13/lib/python3.13/inspect.py'>
      out = {'message': 'mariadb-dump not found in PATH! This is required to take a backup.', 'title': 'Message', 'indicator': 'red', 'raise_exception': 1, '__frappe_exc_id': 'f9578c32b2c849770a7e8db0571fc69e6ab943e866f36852a0636b57'}
  File "apps/frappe/frappe/__init__.py", line 525, in _raise_exception
    raise exc
      exc = ExecutableNotFound('mariadb-dump not found in PATH! This is required to take a backup.')
      inspect = <module 'inspect' from '/opt/homebrew/Cellar/python@3.13/3.13.1/Frameworks/Python.framework/Versions/3.13/lib/python3.13/inspect.py'>
      msg = 'mariadb-dump not found in PATH! This is required to take a backup.'
      out = {'message': 'mariadb-dump not found in PATH! This is required to take a backup.', 'title': 'Message', 'indicator': 'red', 'raise_exception': 1, '__frappe_exc_id': 'f9578c32b2c849770a7e8db0571fc69e6ab943e866f36852a0636b57'}
      raise_exception = <class 'frappe.exceptions.ExecutableNotFound'>
frappe.exceptions.ExecutableNotFound: mariadb-dump not found in PATH! This is required to take a backup.
Backup failed for Site vendor-qc.local. Database or site_config.json may be corrupted
Traceback with variables (most recent call last):
  File "apps/frappe/frappe/commands/site.py", line 845, in backup
    odb = scheduled_backup(
      context = {'sites': ['test-site.local', 'vendor-qc.local'], 'force': False, 'verbose': True, 'profile': False}
      with_files = False
      backup_path = None
      backup_path_db = None
      backup_path_files = None
      backup_path_private_files = None
      backup_path_conf = None
      ignore_backup_conf = False
      verbose = True
      compress = False
      include = ''
      exclude = ''
      old_backup_metadata = False
      scheduled_backup = <function scheduled_backup at 0x10c97fa60>
      exit_code = 1
      rollback_callback = None
      site = 'vendor-qc.local'
  File "apps/frappe/frappe/utils/backups.py", line 568, in scheduled_backup
    return new_backup(
      older_than = 6
      ignore_files = True
      backup_path = None
      backup_path_db = None
      backup_path_files = None
      backup_path_private_files = None
      backup_path_conf = None
      ignore_conf = False
      include_doctypes = ''
      exclude_doctypes = ''
      compress = False
      force = True
      verbose = True
      old_backup_metadata = False
      rollback_callback = <frappe.utils.CallbackManager object at 0x10cc03fd0>
  File "apps/frappe/frappe/utils/backups.py", line 626, in new_backup
    odb.get_backup(older_than, ignore_files, force=force)
      older_than = 6
      ignore_files = True
      backup_path = None
      backup_path_db = None
      backup_path_files = None
      backup_path_private_files = None
      backup_path_conf = None
      ignore_conf = False
      include_doctypes = ''
      exclude_doctypes = ''
      compress = False
      force = True
      verbose = True
      old_backup_metadata = False
      rollback_callback = <frappe.utils.CallbackManager object at 0x10cc03fd0>
      odb = <frappe.utils.backups.BackupGenerator object at 0x10cb8afd0>
  File "apps/frappe/frappe/utils/backups.py", line 195, in get_backup
    self.delete_if_step_fails(self.take_dump, self.backup_path_db)
      self = <frappe.utils.backups.BackupGenerator object at 0x10cb8afd0>
      older_than = 6
      ignore_files = True
      force = True
      last_db = False
      last_file = False
      last_private_file = False
      site_config_backup_path = False
  File "apps/frappe/frappe/utils/backups.py", line 520, in delete_if_step_fails
    raise e
      self = <frappe.utils.backups.BackupGenerator object at 0x10cb8afd0>
      step = <bound method BackupGenerator.take_dump of <frappe.utils.backups.BackupGenerator object at 0x10cb8afd0>>
      paths = ('./test-site.local/private/backups/20251126_120002-test-site_local-database.sql.gz',)
      path = './test-site.local/private/backups/20251126_120002-test-site_local-database.sql.gz'
  File "apps/frappe/frappe/utils/backups.py", line 515, in delete_if_step_fails
    step()
      self = <frappe.utils.backups.BackupGenerator object at 0x10cb8afd0>
      step = <bound method BackupGenerator.take_dump of <frappe.utils.backups.BackupGenerator object at 0x10cb8afd0>>
      paths = ('./test-site.local/private/backups/20251126_120002-test-site_local-database.sql.gz',)
      path = './test-site.local/private/backups/20251126_120002-test-site_local-database.sql.gz'
  File "apps/frappe/frappe/utils/backups.py", line 457, in take_dump
    frappe.throw(
      self = <frappe.utils.backups.BackupGenerator object at 0x10cb8afd0>
      shlex = <module 'shlex' from '/opt/homebrew/Cellar/python@3.13/3.13.1/Frameworks/Python.framework/Versions/3.13/lib/python3.13/shlex.py'>
      frappe = <module 'frappe' from 'apps/frappe/frappe/__init__.py'>
      get_app_branch = <function get_app_branch at 0x10c962ac0>
      gzip_exc = '/usr/bin/gzip'
      database_header_content = ['begin frappe metadata', '[frappe]', 'version = 15.87.0', 'branch = version-15', 'end frappe metadata', '']
      generated_header = '-- begin frappe metadata\n-- [frappe]\n-- version = 15.87.0\n-- branch = version-15\n-- end frappe metadata\n-- \n'
      f = <_io.TextIOWrapper name='./test-site.local/private/backups/20251126_120002-test-site_local-database.sql.gz' encoding='UTF-8'>
      cmd = []
      extra = []
      get_command = <function get_command at 0x10c64fb00>
      bin = None
      args = ['--user=_537373b7e3047fb7', '--host=127.0.0.1', '--port=3306', '--password=U5hxfjpquKPDmY5A', '--single-transaction', '--quick', '--lock-tables=false', '_537373b7e3047fb7']
      bin_name = 'mariadb-dump'
  File "apps/frappe/frappe/__init__.py", line 609, in throw
    msgprint(
      msg = 'mariadb-dump not found in PATH! This is required to take a backup.'
      exc = <class 'frappe.exceptions.ExecutableNotFound'>
      title = None
      is_minimizable = False
      wide = False
      as_list = False
      primary_action = None
  File "apps/frappe/frappe/__init__.py", line 574, in msgprint
    _raise_exception()
      msg = 'mariadb-dump not found in PATH! This is required to take a backup.'
      title = None
      raise_exception = <class 'frappe.exceptions.ExecutableNotFound'>
      as_table = False
      as_list = False
      indicator = 'red'
      alert = False
      primary_action = None
      is_minimizable = False
      wide = False
      realtime = False
      sys = <module 'sys' (built-in)>
      _raise_exception = <function msgprint.<locals>._raise_exception at 0x10cc62980>
      inspect = <module 'inspect' from '/opt/homebrew/Cellar/python@3.13/3.13.1/Frameworks/Python.framework/Versions/3.13/lib/python3.13/inspect.py'>
      out = {'message': 'mariadb-dump not found in PATH! This is required to take a backup.', 'title': 'Message', 'indicator': 'red', 'raise_exception': 1, '__frappe_exc_id': '07c9669313533235c2ab941402aa6ef93b597e1a41fc36d101fbc7aa'}
  File "apps/frappe/frappe/__init__.py", line 525, in _raise_exception
    raise exc
      exc = ExecutableNotFound('mariadb-dump not found in PATH! This is required to take a backup.')
      inspect = <module 'inspect' from '/opt/homebrew/Cellar/python@3.13/3.13.1/Frameworks/Python.framework/Versions/3.13/lib/python3.13/inspect.py'>
      msg = 'mariadb-dump not found in PATH! This is required to take a backup.'
      out = {'message': 'mariadb-dump not found in PATH! This is required to take a backup.', 'title': 'Message', 'indicator': 'red', 'raise_exception': 1, '__frappe_exc_id': '07c9669313533235c2ab941402aa6ef93b597e1a41fc36d101fbc7aa'}
      raise_exception = <class 'frappe.exceptions.ExecutableNotFound'>
frappe.exceptions.ExecutableNotFound: mariadb-dump not found in PATH! This is required to take a backup.
Backup failed for Site test-site.local. Database or site_config.json may be corrupted
Traceback with variables (most recent call last):
  File "apps/frappe/frappe/commands/site.py", line 845, in backup
    odb = scheduled_backup(
      context = {'sites': ['test-site.local', 'vendor-qc.local'], 'force': False, 'verbose': True, 'profile': False}
      with_files = False
      backup_path = None
      backup_path_db = None
      backup_path_files = None
      backup_path_private_files = None
      backup_path_conf = None
      ignore_backup_conf = False
      verbose = True
      compress = False
      include = ''
      exclude = ''
      old_backup_metadata = False
      scheduled_backup = <function scheduled_backup at 0x10a74ba60>
      exit_code = 0
      rollback_callback = None
      site = 'test-site.local'
  File "apps/frappe/frappe/utils/backups.py", line 568, in scheduled_backup
    return new_backup(
      older_than = 6
      ignore_files = True
      backup_path = None
      backup_path_db = None
      backup_path_files = None
      backup_path_private_files = None
      backup_path_conf = None
      ignore_conf = False
      include_doctypes = ''
      exclude_doctypes = ''
      compress = False
      force = True
      verbose = True
      old_backup_metadata = False
      rollback_callback = <frappe.utils.CallbackManager object at 0x10a99be20>
  File "apps/frappe/frappe/utils/backups.py", line 626, in new_backup
    odb.get_backup(older_than, ignore_files, force=force)
      older_than = 6
      ignore_files = True
      backup_path = None
      backup_path_db = None
      backup_path_files = None
      backup_path_private_files = None
      backup_path_conf = None
      ignore_conf = False
      include_doctypes = ''
      exclude_doctypes = ''
      compress = False
      force = True
      verbose = True
      old_backup_metadata = False
      rollback_callback = <frappe.utils.CallbackManager object at 0x10a99be20>
      odb = <frappe.utils.backups.BackupGenerator object at 0x10a93f230>
  File "apps/frappe/frappe/utils/backups.py", line 195, in get_backup
    self.delete_if_step_fails(self.take_dump, self.backup_path_db)
      self = <frappe.utils.backups.BackupGenerator object at 0x10a93f230>
      older_than = 6
      ignore_files = True
      force = True
      last_db = False
      last_file = False
      last_private_file = False
      site_config_backup_path = False
  File "apps/frappe/frappe/utils/backups.py", line 520, in delete_if_step_fails
    raise e
      self = <frappe.utils.backups.BackupGenerator object at 0x10a93f230>
      step = <bound method BackupGenerator.take_dump of <frappe.utils.backups.BackupGenerator object at 0x10a93f230>>
      paths = ('./test-site.local/private/backups/20251126_180002-test-site_local-database.sql.gz',)
      path = './test-site.local/private/backups/20251126_180002-test-site_local-database.sql.gz'
  File "apps/frappe/frappe/utils/backups.py", line 515, in delete_if_step_fails
    step()
      self = <frappe.utils.backups.BackupGenerator object at 0x10a93f230>
      step = <bound method BackupGenerator.take_dump of <frappe.utils.backups.BackupGenerator object at 0x10a93f230>>
      paths = ('./test-site.local/private/backups/20251126_180002-test-site_local-database.sql.gz',)
      path = './test-site.local/private/backups/20251126_180002-test-site_local-database.sql.gz'
  File "apps/frappe/frappe/utils/backups.py", line 457, in take_dump
    frappe.throw(
      self = <frappe.utils.backups.BackupGenerator object at 0x10a93f230>
      shlex = <module 'shlex' from '/opt/homebrew/Cellar/python@3.13/3.13.1/Frameworks/Python.framework/Versions/3.13/lib/python3.13/shlex.py'>
      frappe = <module 'frappe' from 'apps/frappe/frappe/__init__.py'>
      get_app_branch = <function get_app_branch at 0x10a72eac0>
      gzip_exc = '/usr/bin/gzip'
      database_header_content = ['begin frappe metadata', '[frappe]', 'version = 15.87.0', 'branch = version-15', 'end frappe metadata', '']
      generated_header = '-- begin frappe metadata\n-- [frappe]\n-- version = 15.87.0\n-- branch = version-15\n-- end frappe metadata\n-- \n'
      f = <_io.TextIOWrapper name='./test-site.local/private/backups/20251126_180002-test-site_local-database.sql.gz' encoding='UTF-8'>
      cmd = []
      extra = []
      get_command = <function get_command at 0x10a41bb00>
      bin = None
      args = ['--user=_537373b7e3047fb7', '--host=127.0.0.1', '--port=3306', '--password=U5hxfjpquKPDmY5A', '--single-transaction', '--quick', '--lock-tables=false', '_537373b7e3047fb7']
      bin_name = 'mariadb-dump'
  File "apps/frappe/frappe/__init__.py", line 609, in throw
    msgprint(
      msg = 'mariadb-dump not found in PATH! This is required to take a backup.'
      exc = <class 'frappe.exceptions.ExecutableNotFound'>
      title = None
      is_minimizable = False
      wide = False
      as_list = False
      primary_action = None
  File "apps/frappe/frappe/__init__.py", line 574, in msgprint
    _raise_exception()
      msg = 'mariadb-dump not found in PATH! This is required to take a backup.'
      title = None
      raise_exception = <class 'frappe.exceptions.ExecutableNotFound'>
      as_table = False
      as_list = False
      indicator = 'red'
      alert = False
      primary_action = None
      is_minimizable = False
      wide = False
      realtime = False
      sys = <module 'sys' (built-in)>
      _raise_exception = <function msgprint.<locals>._raise_exception at 0x10860dda0>
      inspect = <module 'inspect' from '/opt/homebrew/Cellar/python@3.13/3.13.1/Frameworks/Python.framework/Versions/3.13/lib/python3.13/inspect.py'>
      out = {'message': 'mariadb-dump not found in PATH! This is required to take a backup.', 'title': 'Message', 'indicator': 'red', 'raise_exception': 1, '__frappe_exc_id': '82dfb95992948c27bd7280081a678e4f5018df62641053ba09bcdea3'}
  File "apps/frappe/frappe/__init__.py", line 525, in _raise_exception
    raise exc
      exc = ExecutableNotFound('mariadb-dump not found in PATH! This is required to take a backup.')
      inspect = <module 'inspect' from '/opt/homebrew/Cellar/python@3.13/3.13.1/Frameworks/Python.framework/Versions/3.13/lib/python3.13/inspect.py'>
      msg = 'mariadb-dump not found in PATH! This is required to take a backup.'
      out = {'message': 'mariadb-dump not found in PATH! This is required to take a backup.', 'title': 'Message', 'indicator': 'red', 'raise_exception': 1, '__frappe_exc_id': '82dfb95992948c27bd7280081a678e4f5018df62641053ba09bcdea3'}
      raise_exception = <class 'frappe.exceptions.ExecutableNotFound'>
frappe.exceptions.ExecutableNotFound: mariadb-dump not found in PATH! This is required to take a backup.
Backup failed for Site vendor-qc.local. Database or site_config.json may be corrupted
Traceback with variables (most recent call last):
  File "apps/frappe/frappe/commands/site.py", line 845, in backup
    odb = scheduled_backup(
      context = {'sites': ['test-site.local', 'vendor-qc.local'], 'force': False, 'verbose': True, 'profile': False}
      with_files = False
      backup_path = None
      backup_path_db = None
      backup_path_files = None
      backup_path_private_files = None
      backup_path_conf = None
      ignore_backup_conf = False
      verbose = True
      compress = False
      include = ''
      exclude = ''
      old_backup_metadata = False
      scheduled_backup = <function scheduled_backup at 0x10a74ba60>
      exit_code = 1
      rollback_callback = None
      site = 'vendor-qc.local'
  File "apps/frappe/frappe/utils/backups.py", line 568, in scheduled_backup
    return new_backup(
      older_than = 6
      ignore_files = True
      backup_path = None
      backup_path_db = None
      backup_path_files = None
      backup_path_private_files = None
      backup_path_conf = None
      ignore_conf = False
      include_doctypes = ''
      exclude_doctypes = ''
      compress = False
      force = True
      verbose = True
      old_backup_metadata = False
      rollback_callback = <frappe.utils.CallbackManager object at 0x10a93b3a0>
  File "apps/frappe/frappe/utils/backups.py", line 626, in new_backup
    odb.get_backup(older_than, ignore_files, force=force)
      older_than = 6
      ignore_files = True
      backup_path = None
      backup_path_db = None
      backup_path_files = None
      backup_path_private_files = None
      backup_path_conf = None
      ignore_conf = False
      include_doctypes = ''
      exclude_doctypes = ''
      compress = False
      force = True
      verbose = True
      old_backup_metadata = False
      rollback_callback = <frappe.utils.CallbackManager object at 0x10a93b3a0>
      odb = <frappe.utils.backups.BackupGenerator object at 0x10a956fd0>
  File "apps/frappe/frappe/utils/backups.py", line 195, in get_backup
    self.delete_if_step_fails(self.take_dump, self.backup_path_db)
      self = <frappe.utils.backups.BackupGenerator object at 0x10a956fd0>
      older_than = 6
      ignore_files = True
      force = True
      last_db = False
      last_file = False
      last_private_file = False
      site_config_backup_path = False
  File "apps/frappe/frappe/utils/backups.py", line 520, in delete_if_step_fails
    raise e
      self = <frappe.utils.backups.BackupGenerator object at 0x10a956fd0>
      step = <bound method BackupGenerator.take_dump of <frappe.utils.backups.BackupGenerator object at 0x10a956fd0>>
      paths = ('./test-site.local/private/backups/20251126_180002-test-site_local-database.sql.gz',)
      path = './test-site.local/private/backups/20251126_180002-test-site_local-database.sql.gz'
  File "apps/frappe/frappe/utils/backups.py", line 515, in delete_if_step_fails
    step()
      self = <frappe.utils.backups.BackupGenerator object at 0x10a956fd0>
      step = <bound method BackupGenerator.take_dump of <frappe.utils.backups.BackupGenerator object at 0x10a956fd0>>
      paths = ('./test-site.local/private/backups/20251126_180002-test-site_local-database.sql.gz',)
      path = './test-site.local/private/backups/20251126_180002-test-site_local-database.sql.gz'
  File "apps/frappe/frappe/utils/backups.py", line 457, in take_dump
    frappe.throw(
      self = <frappe.utils.backups.BackupGenerator object at 0x10a956fd0>
      shlex = <module 'shlex' from '/opt/homebrew/Cellar/python@3.13/3.13.1/Frameworks/Python.framework/Versions/3.13/lib/python3.13/shlex.py'>
      frappe = <module 'frappe' from 'apps/frappe/frappe/__init__.py'>
      get_app_branch = <function get_app_branch at 0x10a72eac0>
      gzip_exc = '/usr/bin/gzip'
      database_header_content = ['begin frappe metadata', '[frappe]', 'version = 15.87.0', 'branch = version-15', 'end frappe metadata', '']
      generated_header = '-- begin frappe metadata\n-- [frappe]\n-- version = 15.87.0\n-- branch = version-15\n-- end frappe metadata\n-- \n'
      f = <_io.TextIOWrapper name='./test-site.local/private/backups/20251126_180002-test-site_local-database.sql.gz' encoding='UTF-8'>
      cmd = []
      extra = []
      get_command = <function get_command at 0x10a41bb00>
      bin = None
      args = ['--user=_537373b7e3047fb7', '--host=127.0.0.1', '--port=3306', '--password=U5hxfjpquKPDmY5A', '--single-transaction', '--quick', '--lock-tables=false', '_537373b7e3047fb7']
      bin_name = 'mariadb-dump'
  File "apps/frappe/frappe/__init__.py", line 609, in throw
    msgprint(
      msg = 'mariadb-dump not found in PATH! This is required to take a backup.'
      exc = <class 'frappe.exceptions.ExecutableNotFound'>
      title = None
      is_minimizable = False
      wide = False
      as_list = False
      primary_action = None
  File "apps/frappe/frappe/__init__.py", line 574, in msgprint
    _raise_exception()
      msg = 'mariadb-dump not found in PATH! This is required to take a backup.'
      title = None
      raise_exception = <class 'frappe.exceptions.ExecutableNotFound'>
      as_table = False
      as_list = False
      indicator = 'red'
      alert = False
      primary_action = None
      is_minimizable = False
      wide = False
      realtime = False
      sys = <module 'sys' (built-in)>
      _raise_exception = <function msgprint.<locals>._raise_exception at 0x10aa2e980>
      inspect = <module 'inspect' from '/opt/homebrew/Cellar/python@3.13/3.13.1/Frameworks/Python.framework/Versions/3.13/lib/python3.13/inspect.py'>
      out = {'message': 'mariadb-dump not found in PATH! This is required to take a backup.', 'title': 'Message', 'indicator': 'red', 'raise_exception': 1, '__frappe_exc_id': 'c9e1a9ce867eefe7bb2aa433fa9e2eb76564863664de7cef1006440e'}
  File "apps/frappe/frappe/__init__.py", line 525, in _raise_exception
    raise exc
      exc = ExecutableNotFound('mariadb-dump not found in PATH! This is required to take a backup.')
      inspect = <module 'inspect' from '/opt/homebrew/Cellar/python@3.13/3.13.1/Frameworks/Python.framework/Versions/3.13/lib/python3.13/inspect.py'>
      msg = 'mariadb-dump not found in PATH! This is required to take a backup.'
      out = {'message': 'mariadb-dump not found in PATH! This is required to take a backup.', 'title': 'Message', 'indicator': 'red', 'raise_exception': 1, '__frappe_exc_id': 'c9e1a9ce867eefe7bb2aa433fa9e2eb76564863664de7cef1006440e'}
      raise_exception = <class 'frappe.exceptions.ExecutableNotFound'>
frappe.exceptions.ExecutableNotFound: mariadb-dump not found in PATH! This is required to take a backup.
Backup failed for Site test-site.local. Database or site_config.json may be corrupted
Traceback with variables (most recent call last):
  File "apps/frappe/frappe/commands/site.py", line 845, in backup
    odb = scheduled_backup(
      context = {'sites': ['test-site.local', 'vendor-qc.local'], 'force': False, 'verbose': True, 'profile': False}
      with_files = False
      backup_path = None
      backup_path_db = None
      backup_path_files = None
      backup_path_private_files = None
      backup_path_conf = None
      ignore_backup_conf = False
      verbose = True
      compress = False
      include = ''
      exclude = ''
      old_backup_metadata = False
      scheduled_backup = <function scheduled_backup at 0x10883fa60>
      exit_code = 0
      rollback_callback = None
      site = 'test-site.local'
  File "apps/frappe/frappe/utils/backups.py", line 568, in scheduled_backup
    return new_backup(
      older_than = 6
      ignore_files = True
      backup_path = None
      backup_path_db = None
      backup_path_files = None
      backup_path_private_files = None
      backup_path_conf = None
      ignore_conf = False
      include_doctypes = ''
      exclude_doctypes = ''
      compress = False
      force = True
      verbose = True
      old_backup_metadata = False
      rollback_callback = <frappe.utils.CallbackManager object at 0x108a27cd0>
  File "apps/frappe/frappe/utils/backups.py", line 626, in new_backup
    odb.get_backup(older_than, ignore_files, force=force)
      older_than = 6
      ignore_files = True
      backup_path = None
      backup_path_db = None
      backup_path_files = None
      backup_path_private_files = None
      backup_path_conf = None
      ignore_conf = False
      include_doctypes = ''
      exclude_doctypes = ''
      compress = False
      force = True
      verbose = True
      old_backup_metadata = False
      rollback_callback = <frappe.utils.CallbackManager object at 0x108a27cd0>
      odb = <frappe.utils.backups.BackupGenerator object at 0x1089cb230>
  File "apps/frappe/frappe/utils/backups.py", line 195, in get_backup
    self.delete_if_step_fails(self.take_dump, self.backup_path_db)
      self = <frappe.utils.backups.BackupGenerator object at 0x1089cb230>
      older_than = 6
      ignore_files = True
      force = True
      last_db = False
      last_file = False
      last_private_file = False
      site_config_backup_path = False
  File "apps/frappe/frappe/utils/backups.py", line 520, in delete_if_step_fails
    raise e
      self = <frappe.utils.backups.BackupGenerator object at 0x1089cb230>
      step = <bound method BackupGenerator.take_dump of <frappe.utils.backups.BackupGenerator object at 0x1089cb230>>
      paths = ('./test-site.local/private/backups/20251127_000002-test-site_local-database.sql.gz',)
      path = './test-site.local/private/backups/20251127_000002-test-site_local-database.sql.gz'
  File "apps/frappe/frappe/utils/backups.py", line 515, in delete_if_step_fails
    step()
      self = <frappe.utils.backups.BackupGenerator object at 0x1089cb230>
      step = <bound method BackupGenerator.take_dump of <frappe.utils.backups.BackupGenerator object at 0x1089cb230>>
      paths = ('./test-site.local/private/backups/20251127_000002-test-site_local-database.sql.gz',)
      path = './test-site.local/private/backups/20251127_000002-test-site_local-database.sql.gz'
  File "apps/frappe/frappe/utils/backups.py", line 457, in take_dump
    frappe.throw(
      self = <frappe.utils.backups.BackupGenerator object at 0x1089cb230>
      shlex = <module 'shlex' from '/opt/homebrew/Cellar/python@3.13/3.13.1/Frameworks/Python.framework/Versions/3.13/lib/python3.13/shlex.py'>
      frappe = <module 'frappe' from 'apps/frappe/frappe/__init__.py'>
      get_app_branch = <function get_app_branch at 0x108822ac0>
      gzip_exc = '/usr/bin/gzip'
      database_header_content = ['begin frappe metadata', '[frappe]', 'version = 15.87.0', 'branch = version-15', 'end frappe metadata', '']
      generated_header = '-- begin frappe metadata\n-- [frappe]\n-- version = 15.87.0\n-- branch = version-15\n-- end frappe metadata\n-- \n'
      f = <_io.TextIOWrapper name='./test-site.local/private/backups/20251127_000002-test-site_local-database.sql.gz' encoding='UTF-8'>
      cmd = []
      extra = []
      get_command = <function get_command at 0x108457b00>
      bin = None
      args = ['--user=_537373b7e3047fb7', '--host=127.0.0.1', '--port=3306', '--password=U5hxfjpquKPDmY5A', '--single-transaction', '--quick', '--lock-tables=false', '_537373b7e3047fb7']
      bin_name = 'mariadb-dump'
  File "apps/frappe/frappe/__init__.py", line 609, in throw
    msgprint(
      msg = 'mariadb-dump not found in PATH! This is required to take a backup.'
      exc = <class 'frappe.exceptions.ExecutableNotFound'>
      title = None
      is_minimizable = False
      wide = False
      as_list = False
      primary_action = None
  File "apps/frappe/frappe/__init__.py", line 574, in msgprint
    _raise_exception()
      msg = 'mariadb-dump not found in PATH! This is required to take a backup.'
      title = None
      raise_exception = <class 'frappe.exceptions.ExecutableNotFound'>
      as_table = False
      as_list = False
      indicator = 'red'
      alert = False
      primary_action = None
      is_minimizable = False
      wide = False
      realtime = False
      sys = <module 'sys' (built-in)>
      _raise_exception = <function msgprint.<locals>._raise_exception at 0x1066a5da0>
      inspect = <module 'inspect' from '/opt/homebrew/Cellar/python@3.13/3.13.1/Frameworks/Python.framework/Versions/3.13/lib/python3.13/inspect.py'>
      out = {'message': 'mariadb-dump not found in PATH! This is required to take a backup.', 'title': 'Message', 'indicator': 'red', 'raise_exception': 1, '__frappe_exc_id': '9684b53613fbcdffbb53c16471dfa1d80fbc069157eee46a63f29b3b'}
  File "apps/frappe/frappe/__init__.py", line 525, in _raise_exception
    raise exc
      exc = ExecutableNotFound('mariadb-dump not found in PATH! This is required to take a backup.')
      inspect = <module 'inspect' from '/opt/homebrew/Cellar/python@3.13/3.13.1/Frameworks/Python.framework/Versions/3.13/lib/python3.13/inspect.py'>
      msg = 'mariadb-dump not found in PATH! This is required to take a backup.'
      out = {'message': 'mariadb-dump not found in PATH! This is required to take a backup.', 'title': 'Message', 'indicator': 'red', 'raise_exception': 1, '__frappe_exc_id': '9684b53613fbcdffbb53c16471dfa1d80fbc069157eee46a63f29b3b'}
      raise_exception = <class 'frappe.exceptions.ExecutableNotFound'>
frappe.exceptions.ExecutableNotFound: mariadb-dump not found in PATH! This is required to take a backup.
Backup failed for Site vendor-qc.local. Database or site_config.json may be corrupted
Traceback with variables (most recent call last):
  File "apps/frappe/frappe/commands/site.py", line 845, in backup
    odb = scheduled_backup(
      context = {'sites': ['test-site.local', 'vendor-qc.local'], 'force': False, 'verbose': True, 'profile': False}
      with_files = False
      backup_path = None
      backup_path_db = None
      backup_path_files = None
      backup_path_private_files = None
      backup_path_conf = None
      ignore_backup_conf = False
      verbose = True
      compress = False
      include = ''
      exclude = ''
      old_backup_metadata = False
      scheduled_backup = <function scheduled_backup at 0x10883fa60>
      exit_code = 1
      rollback_callback = None
      site = 'vendor-qc.local'
  File "apps/frappe/frappe/utils/backups.py", line 568, in scheduled_backup
    return new_backup(
      older_than = 6
      ignore_files = True
      backup_path = None
      backup_path_db = None
      backup_path_files = None
      backup_path_private_files = None
      backup_path_conf = None
      ignore_conf = False
      include_doctypes = ''
      exclude_doctypes = ''
      compress = False
      force = True
      verbose = True
      old_backup_metadata = False
      rollback_callback = <frappe.utils.CallbackManager object at 0x108a5bfd0>
  File "apps/frappe/frappe/utils/backups.py", line 626, in new_backup
    odb.get_backup(older_than, ignore_files, force=force)
      older_than = 6
      ignore_files = True
      backup_path = None
      backup_path_db = None
      backup_path_files = None
      backup_path_private_files = None
      backup_path_conf = None
      ignore_conf = False
      include_doctypes = ''
      exclude_doctypes = ''
      compress = False
      force = True
      verbose = True
      old_backup_metadata = False
      rollback_callback = <frappe.utils.CallbackManager object at 0x108a5bfd0>
      odb = <frappe.utils.backups.BackupGenerator object at 0x1089e2fd0>
  File "apps/frappe/frappe/utils/backups.py", line 195, in get_backup
    self.delete_if_step_fails(self.take_dump, self.backup_path_db)
      self = <frappe.utils.backups.BackupGenerator object at 0x1089e2fd0>
      older_than = 6
      ignore_files = True
      force = True
      last_db = False
      last_file = False
      last_private_file = False
      site_config_backup_path = False
  File "apps/frappe/frappe/utils/backups.py", line 520, in delete_if_step_fails
    raise e
      self = <frappe.utils.backups.BackupGenerator object at 0x1089e2fd0>
      step = <bound method BackupGenerator.take_dump of <frappe.utils.backups.BackupGenerator object at 0x1089e2fd0>>
      paths = ('./test-site.local/private/backups/20251127_000002-test-site_local-database.sql.gz',)
      path = './test-site.local/private/backups/20251127_000002-test-site_local-database.sql.gz'
  File "apps/frappe/frappe/utils/backups.py", line 515, in delete_if_step_fails
    step()
      self = <frappe.utils.backups.BackupGenerator object at 0x1089e2fd0>
      step = <bound method BackupGenerator.take_dump of <frappe.utils.backups.BackupGenerator object at 0x1089e2fd0>>
      paths = ('./test-site.local/private/backups/20251127_000002-test-site_local-database.sql.gz',)
      path = './test-site.local/private/backups/20251127_000002-test-site_local-database.sql.gz'
  File "apps/frappe/frappe/utils/backups.py", line 457, in take_dump
    frappe.throw(
      self = <frappe.utils.backups.BackupGenerator object at 0x1089e2fd0>
      shlex = <module 'shlex' from '/opt/homebrew/Cellar/python@3.13/3.13.1/Frameworks/Python.framework/Versions/3.13/lib/python3.13/shlex.py'>
      frappe = <module 'frappe' from 'apps/frappe/frappe/__init__.py'>
      get_app_branch = <function get_app_branch at 0x108822ac0>
      gzip_exc = '/usr/bin/gzip'
      database_header_content = ['begin frappe metadata', '[frappe]', 'version = 15.87.0', 'branch = version-15', 'end frappe metadata', '']
      generated_header = '-- begin frappe metadata\n-- [frappe]\n-- version = 15.87.0\n-- branch = version-15\n-- end frappe metadata\n-- \n'
      f = <_io.TextIOWrapper name='./test-site.local/private/backups/20251127_000002-test-site_local-database.sql.gz' encoding='UTF-8'>
      cmd = []
      extra = []
      get_command = <function get_command at 0x108457b00>
      bin = None
      args = ['--user=_537373b7e3047fb7', '--host=127.0.0.1', '--port=3306', '--password=U5hxfjpquKPDmY5A', '--single-transaction', '--quick', '--lock-tables=false', '_537373b7e3047fb7']
      bin_name = 'mariadb-dump'
  File "apps/frappe/frappe/__init__.py", line 609, in throw
    msgprint(
      msg = 'mariadb-dump not found in PATH! This is required to take a backup.'
      exc = <class 'frappe.exceptions.ExecutableNotFound'>
      title = None
      is_minimizable = False
      wide = False
      as_list = False
      primary_action = None
  File "apps/frappe/frappe/__init__.py", line 574, in msgprint
    _raise_exception()
      msg = 'mariadb-dump not found in PATH! This is required to take a backup.'
      title = None
      raise_exception = <class 'frappe.exceptions.ExecutableNotFound'>
      as_table = False
      as_list = False
      indicator = 'red'
      alert = False
      primary_action = None
      is_minimizable = False
      wide = False
      realtime = False
      sys = <module 'sys' (built-in)>
      _raise_exception = <function msgprint.<locals>._raise_exception at 0x108aba980>
      inspect = <module 'inspect' from '/opt/homebrew/Cellar/python@3.13/3.13.1/Frameworks/Python.framework/Versions/3.13/lib/python3.13/inspect.py'>
      out = {'message': 'mariadb-dump not found in PATH! This is required to take a backup.', 'title': 'Message', 'indicator': 'red', 'raise_exception': 1, '__frappe_exc_id': '618a4017de846a1c2611b1ae27785161679a01d727885e8b9a23ea26'}
  File "apps/frappe/frappe/__init__.py", line 525, in _raise_exception
    raise exc
      exc = ExecutableNotFound('mariadb-dump not found in PATH! This is required to take a backup.')
      inspect = <module 'inspect' from '/opt/homebrew/Cellar/python@3.13/3.13.1/Frameworks/Python.framework/Versions/3.13/lib/python3.13/inspect.py'>
      msg = 'mariadb-dump not found in PATH! This is required to take a backup.'
      out = {'message': 'mariadb-dump not found in PATH! This is required to take a backup.', 'title': 'Message', 'indicator': 'red', 'raise_exception': 1, '__frappe_exc_id': '618a4017de846a1c2611b1ae27785161679a01d727885e8b9a23ea26'}
      raise_exception = <class 'frappe.exceptions.ExecutableNotFound'>
frappe.exceptions.ExecutableNotFound: mariadb-dump not found in PATH! This is required to take a backup.
Backup failed for Site test-site.local. Database or site_config.json may be corrupted
Traceback with variables (most recent call last):
  File "apps/frappe/frappe/commands/site.py", line 845, in backup
    odb = scheduled_backup(
      context = {'sites': ['test-site.local', 'vendor-qc.local'], 'force': False, 'verbose': True, 'profile': False}
      with_files = False
      backup_path = None
      backup_path_db = None
      backup_path_files = None
      backup_path_private_files = None
      backup_path_conf = None
      ignore_backup_conf = False
      verbose = True
      compress = False
      include = ''
      exclude = ''
      old_backup_metadata = False
      scheduled_backup = <function scheduled_backup at 0x108cc7a60>
      exit_code = 0
      rollback_callback = None
      site = 'test-site.local'
  File "apps/frappe/frappe/utils/backups.py", line 568, in scheduled_backup
    return new_backup(
      older_than = 6
      ignore_files = True
      backup_path = None
      backup_path_db = None
      backup_path_files = None
      backup_path_private_files = None
      backup_path_conf = None
      ignore_conf = False
      include_doctypes = ''
      exclude_doctypes = ''
      compress = False
      force = True
      verbose = True
      old_backup_metadata = False
      rollback_callback = <frappe.utils.CallbackManager object at 0x108751de0>
  File "apps/frappe/frappe/utils/backups.py", line 626, in new_backup
    odb.get_backup(older_than, ignore_files, force=force)
      older_than = 6
      ignore_files = True
      backup_path = None
      backup_path_db = None
      backup_path_files = None
      backup_path_private_files = None
      backup_path_conf = None
      ignore_conf = False
      include_doctypes = ''
      exclude_doctypes = ''
      compress = False
      force = True
      verbose = True
      old_backup_metadata = False
      rollback_callback = <frappe.utils.CallbackManager object at 0x108751de0>
      odb = <frappe.utils.backups.BackupGenerator object at 0x108e53230>
  File "apps/frappe/frappe/utils/backups.py", line 195, in get_backup
    self.delete_if_step_fails(self.take_dump, self.backup_path_db)
      self = <frappe.utils.backups.BackupGenerator object at 0x108e53230>
      older_than = 6
      ignore_files = True
      force = True
      last_db = False
      last_file = False
      last_private_file = False
      site_config_backup_path = False
  File "apps/frappe/frappe/utils/backups.py", line 520, in delete_if_step_fails
    raise e
      self = <frappe.utils.backups.BackupGenerator object at 0x108e53230>
      step = <bound method BackupGenerator.take_dump of <frappe.utils.backups.BackupGenerator object at 0x108e53230>>
      paths = ('./test-site.local/private/backups/20251127_060001-test-site_local-database.sql.gz',)
      path = './test-site.local/private/backups/20251127_060001-test-site_local-database.sql.gz'
  File "apps/frappe/frappe/utils/backups.py", line 515, in delete_if_step_fails
    step()
      self = <frappe.utils.backups.BackupGenerator object at 0x108e53230>
      step = <bound method BackupGenerator.take_dump of <frappe.utils.backups.BackupGenerator object at 0x108e53230>>
      paths = ('./test-site.local/private/backups/20251127_060001-test-site_local-database.sql.gz',)
      path = './test-site.local/private/backups/20251127_060001-test-site_local-database.sql.gz'
  File "apps/frappe/frappe/utils/backups.py", line 457, in take_dump
    frappe.throw(
      self = <frappe.utils.backups.BackupGenerator object at 0x108e53230>
      shlex = <module 'shlex' from '/opt/homebrew/Cellar/python@3.13/3.13.1/Frameworks/Python.framework/Versions/3.13/lib/python3.13/shlex.py'>
      frappe = <module 'frappe' from 'apps/frappe/frappe/__init__.py'>
      get_app_branch = <function get_app_branch at 0x108caaac0>
      gzip_exc = '/usr/bin/gzip'
      database_header_content = ['begin frappe metadata', '[frappe]', 'version = 15.87.0', 'branch = version-15', 'end frappe metadata', '']
      generated_header = '-- begin frappe metadata\n-- [frappe]\n-- version = 15.87.0\n-- branch = version-15\n-- end frappe metadata\n-- \n'
      f = <_io.TextIOWrapper name='./test-site.local/private/backups/20251127_060001-test-site_local-database.sql.gz' encoding='UTF-8'>
      cmd = []
      extra = []
      get_command = <function get_command at 0x1088dfb00>
      bin = None
      args = ['--user=_537373b7e3047fb7', '--host=127.0.0.1', '--port=3306', '--password=U5hxfjpquKPDmY5A', '--single-transaction', '--quick', '--lock-tables=false', '_537373b7e3047fb7']
      bin_name = 'mariadb-dump'
  File "apps/frappe/frappe/__init__.py", line 609, in throw
    msgprint(
      msg = 'mariadb-dump not found in PATH! This is required to take a backup.'
      exc = <class 'frappe.exceptions.ExecutableNotFound'>
      title = None
      is_minimizable = False
      wide = False
      as_list = False
      primary_action = None
  File "apps/frappe/frappe/__init__.py", line 574, in msgprint
    _raise_exception()
      msg = 'mariadb-dump not found in PATH! This is required to take a backup.'
      title = None
      raise_exception = <class 'frappe.exceptions.ExecutableNotFound'>
      as_table = False
      as_list = False
      indicator = 'red'
      alert = False
      primary_action = None
      is_minimizable = False
      wide = False
      realtime = False
      sys = <module 'sys' (built-in)>
      _raise_exception = <function msgprint.<locals>._raise_exception at 0x106b2dda0>
      inspect = <module 'inspect' from '/opt/homebrew/Cellar/python@3.13/3.13.1/Frameworks/Python.framework/Versions/3.13/lib/python3.13/inspect.py'>
      out = {'message': 'mariadb-dump not found in PATH! This is required to take a backup.', 'title': 'Message', 'indicator': 'red', 'raise_exception': 1, '__frappe_exc_id': 'c4778528cada0484a67173345c3ae69e6af33bf93e740c7fc3564d06'}
  File "apps/frappe/frappe/__init__.py", line 525, in _raise_exception
    raise exc
      exc = ExecutableNotFound('mariadb-dump not found in PATH! This is required to take a backup.')
      inspect = <module 'inspect' from '/opt/homebrew/Cellar/python@3.13/3.13.1/Frameworks/Python.framework/Versions/3.13/lib/python3.13/inspect.py'>
      msg = 'mariadb-dump not found in PATH! This is required to take a backup.'
      out = {'message': 'mariadb-dump not found in PATH! This is required to take a backup.', 'title': 'Message', 'indicator': 'red', 'raise_exception': 1, '__frappe_exc_id': 'c4778528cada0484a67173345c3ae69e6af33bf93e740c7fc3564d06'}
      raise_exception = <class 'frappe.exceptions.ExecutableNotFound'>
frappe.exceptions.ExecutableNotFound: mariadb-dump not found in PATH! This is required to take a backup.
Backup failed for Site vendor-qc.local. Database or site_config.json may be corrupted
Traceback with variables (most recent call last):
  File "apps/frappe/frappe/commands/site.py", line 845, in backup
    odb = scheduled_backup(
      context = {'sites': ['test-site.local', 'vendor-qc.local'], 'force': False, 'verbose': True, 'profile': False}
      with_files = False
      backup_path = None
      backup_path_db = None
      backup_path_files = None
      backup_path_private_files = None
      backup_path_conf = None
      ignore_backup_conf = False
      verbose = True
      compress = False
      include = ''
      exclude = ''
      old_backup_metadata = False
      scheduled_backup = <function scheduled_backup at 0x108cc7a60>
      exit_code = 1
      rollback_callback = None
      site = 'vendor-qc.local'
  File "apps/frappe/frappe/utils/backups.py", line 568, in scheduled_backup
    return new_backup(
      older_than = 6
      ignore_files = True
      backup_path = None
      backup_path_db = None
      backup_path_files = None
      backup_path_private_files = None
      backup_path_conf = None
      ignore_conf = False
      include_doctypes = ''
      exclude_doctypes = ''
      compress = False
      force = True
      verbose = True
      old_backup_metadata = False
      rollback_callback = <frappe.utils.CallbackManager object at 0x108eae110>
  File "apps/frappe/frappe/utils/backups.py", line 626, in new_backup
    odb.get_backup(older_than, ignore_files, force=force)
      older_than = 6
      ignore_files = True
      backup_path = None
      backup_path_db = None
      backup_path_files = None
      backup_path_private_files = None
      backup_path_conf = None
      ignore_conf = False
      include_doctypes = ''
      exclude_doctypes = ''
      compress = False
      force = True
      verbose = True
      old_backup_metadata = False
      rollback_callback = <frappe.utils.CallbackManager object at 0x108eae110>
      odb = <frappe.utils.backups.BackupGenerator object at 0x108e6afd0>
  File "apps/frappe/frappe/utils/backups.py", line 195, in get_backup
    self.delete_if_step_fails(self.take_dump, self.backup_path_db)
      self = <frappe.utils.backups.BackupGenerator object at 0x108e6afd0>
      older_than = 6
      ignore_files = True
      force = True
      last_db = False
      last_file = False
      last_private_file = False
      site_config_backup_path = False
  File "apps/frappe/frappe/utils/backups.py", line 520, in delete_if_step_fails
    raise e
      self = <frappe.utils.backups.BackupGenerator object at 0x108e6afd0>
      step = <bound method BackupGenerator.take_dump of <frappe.utils.backups.BackupGenerator object at 0x108e6afd0>>
      paths = ('./test-site.local/private/backups/20251127_060002-test-site_local-database.sql.gz',)
      path = './test-site.local/private/backups/20251127_060002-test-site_local-database.sql.gz'
  File "apps/frappe/frappe/utils/backups.py", line 515, in delete_if_step_fails
    step()
      self = <frappe.utils.backups.BackupGenerator object at 0x108e6afd0>
      step = <bound method BackupGenerator.take_dump of <frappe.utils.backups.BackupGenerator object at 0x108e6afd0>>
      paths = ('./test-site.local/private/backups/20251127_060002-test-site_local-database.sql.gz',)
      path = './test-site.local/private/backups/20251127_060002-test-site_local-database.sql.gz'
  File "apps/frappe/frappe/utils/backups.py", line 457, in take_dump
    frappe.throw(
      self = <frappe.utils.backups.BackupGenerator object at 0x108e6afd0>
      shlex = <module 'shlex' from '/opt/homebrew/Cellar/python@3.13/3.13.1/Frameworks/Python.framework/Versions/3.13/lib/python3.13/shlex.py'>
      frappe = <module 'frappe' from 'apps/frappe/frappe/__init__.py'>
      get_app_branch = <function get_app_branch at 0x108caaac0>
      gzip_exc = '/usr/bin/gzip'
      database_header_content = ['begin frappe metadata', '[frappe]', 'version = 15.87.0', 'branch = version-15', 'end frappe metadata', '']
      generated_header = '-- begin frappe metadata\n-- [frappe]\n-- version = 15.87.0\n-- branch = version-15\n-- end frappe metadata\n-- \n'
      f = <_io.TextIOWrapper name='./test-site.local/private/backups/20251127_060002-test-site_local-database.sql.gz' encoding='UTF-8'>
      cmd = []
      extra = []
      get_command = <function get_command at 0x1088dfb00>
      bin = None
      args = ['--user=_537373b7e3047fb7', '--host=127.0.0.1', '--port=3306', '--password=U5hxfjpquKPDmY5A', '--single-transaction', '--quick', '--lock-tables=false', '_537373b7e3047fb7']
      bin_name = 'mariadb-dump'
  File "apps/frappe/frappe/__init__.py", line 609, in throw
    msgprint(
      msg = 'mariadb-dump not found in PATH! This is required to take a backup.'
      exc = <class 'frappe.exceptions.ExecutableNotFound'>
      title = None
      is_minimizable = False
      wide = False
      as_list = False
      primary_action = None
  File "apps/frappe/frappe/__init__.py", line 574, in msgprint
    _raise_exception()
      msg = 'mariadb-dump not found in PATH! This is required to take a backup.'
      title = None
      raise_exception = <class 'frappe.exceptions.ExecutableNotFound'>
      as_table = False
      as_list = False
      indicator = 'red'
      alert = False
      primary_action = None
      is_minimizable = False
      wide = False
      realtime = False
      sys = <module 'sys' (built-in)>
      _raise_exception = <function msgprint.<locals>._raise_exception at 0x108f42980>
      inspect = <module 'inspect' from '/opt/homebrew/Cellar/python@3.13/3.13.1/Frameworks/Python.framework/Versions/3.13/lib/python3.13/inspect.py'>
      out = {'message': 'mariadb-dump not found in PATH! This is required to take a backup.', 'title': 'Message', 'indicator': 'red', 'raise_exception': 1, '__frappe_exc_id': '7d10112248370d1d0adda052f28f0d6fe8504bc3da919d2fd74132b0'}
  File "apps/frappe/frappe/__init__.py", line 525, in _raise_exception
    raise exc
      exc = ExecutableNotFound('mariadb-dump not found in PATH! This is required to take a backup.')
      inspect = <module 'inspect' from '/opt/homebrew/Cellar/python@3.13/3.13.1/Frameworks/Python.framework/Versions/3.13/lib/python3.13/inspect.py'>
      msg = 'mariadb-dump not found in PATH! This is required to take a backup.'
      out = {'message': 'mariadb-dump not found in PATH! This is required to take a backup.', 'title': 'Message', 'indicator': 'red', 'raise_exception': 1, '__frappe_exc_id': '7d10112248370d1d0adda052f28f0d6fe8504bc3da919d2fd74132b0'}
      raise_exception = <class 'frappe.exceptions.ExecutableNotFound'>
frappe.exceptions.ExecutableNotFound: mariadb-dump not found in PATH! This is required to take a backup.
Backup failed for Site test-site.local. Database or site_config.json may be corrupted
Traceback with variables (most recent call last):
  File "apps/frappe/frappe/commands/site.py", line 845, in backup
    odb = scheduled_backup(
      context = {'sites': ['test-site.local', 'vendor-qc.local'], 'force': False, 'verbose': True, 'profile': False}
      with_files = False
      backup_path = None
      backup_path_db = None
      backup_path_files = None
      backup_path_private_files = None
      backup_path_conf = None
      ignore_backup_conf = False
      verbose = True
      compress = False
      include = ''
      exclude = ''
      old_backup_metadata = False
      scheduled_backup = <function scheduled_backup at 0x10a73ba60>
      exit_code = 0
      rollback_callback = None
      site = 'test-site.local'
  File "apps/frappe/frappe/utils/backups.py", line 568, in scheduled_backup
    return new_backup(
      older_than = 6
      ignore_files = True
      backup_path = None
      backup_path_db = None
      backup_path_files = None
      backup_path_private_files = None
      backup_path_conf = None
      ignore_conf = False
      include_doctypes = ''
      exclude_doctypes = ''
      compress = False
      force = True
      verbose = True
      old_backup_metadata = False
      rollback_callback = <frappe.utils.CallbackManager object at 0x10a98bfd0>
  File "apps/frappe/frappe/utils/backups.py", line 626, in new_backup
    odb.get_backup(older_than, ignore_files, force=force)
      older_than = 6
      ignore_files = True
      backup_path = None
      backup_path_db = None
      backup_path_files = None
      backup_path_private_files = None
      backup_path_conf = None
      ignore_conf = False
      include_doctypes = ''
      exclude_doctypes = ''
      compress = False
      force = True
      verbose = True
      old_backup_metadata = False
      rollback_callback = <frappe.utils.CallbackManager object at 0x10a98bfd0>
      odb = <frappe.utils.backups.BackupGenerator object at 0x10a92f230>
  File "apps/frappe/frappe/utils/backups.py", line 195, in get_backup
    self.delete_if_step_fails(self.take_dump, self.backup_path_db)
      self = <frappe.utils.backups.BackupGenerator object at 0x10a92f230>
      older_than = 6
      ignore_files = True
      force = True
      last_db = False
      last_file = False
      last_private_file = False
      site_config_backup_path = False
  File "apps/frappe/frappe/utils/backups.py", line 520, in delete_if_step_fails
    raise e
      self = <frappe.utils.backups.BackupGenerator object at 0x10a92f230>
      step = <bound method BackupGenerator.take_dump of <frappe.utils.backups.BackupGenerator object at 0x10a92f230>>
      paths = ('./test-site.local/private/backups/20251127_120002-test-site_local-database.sql.gz',)
      path = './test-site.local/private/backups/20251127_120002-test-site_local-database.sql.gz'
  File "apps/frappe/frappe/utils/backups.py", line 515, in delete_if_step_fails
    step()
      self = <frappe.utils.backups.BackupGenerator object at 0x10a92f230>
      step = <bound method BackupGenerator.take_dump of <frappe.utils.backups.BackupGenerator object at 0x10a92f230>>
      paths = ('./test-site.local/private/backups/20251127_120002-test-site_local-database.sql.gz',)
      path = './test-site.local/private/backups/20251127_120002-test-site_local-database.sql.gz'
  File "apps/frappe/frappe/utils/backups.py", line 457, in take_dump
    frappe.throw(
      self = <frappe.utils.backups.BackupGenerator object at 0x10a92f230>
      shlex = <module 'shlex' from '/opt/homebrew/Cellar/python@3.13/3.13.1/Frameworks/Python.framework/Versions/3.13/lib/python3.13/shlex.py'>
      frappe = <module 'frappe' from 'apps/frappe/frappe/__init__.py'>
      get_app_branch = <function get_app_branch at 0x10a71eac0>
      gzip_exc = '/usr/bin/gzip'
      database_header_content = ['begin frappe metadata', '[frappe]', 'version = 15.87.0', 'branch = version-15', 'end frappe metadata', '']
      generated_header = '-- begin frappe metadata\n-- [frappe]\n-- version = 15.87.0\n-- branch = version-15\n-- end frappe metadata\n-- \n'
      f = <_io.TextIOWrapper name='./test-site.local/private/backups/20251127_120002-test-site_local-database.sql.gz' encoding='UTF-8'>
      cmd = []
      extra = []
      get_command = <function get_command at 0x10a40bb00>
      bin = None
      args = ['--user=_537373b7e3047fb7', '--host=127.0.0.1', '--port=3306', '--password=U5hxfjpquKPDmY5A', '--single-transaction', '--quick', '--lock-tables=false', '_537373b7e3047fb7']
      bin_name = 'mariadb-dump'
  File "apps/frappe/frappe/__init__.py", line 609, in throw
    msgprint(
      msg = 'mariadb-dump not found in PATH! This is required to take a backup.'
      exc = <class 'frappe.exceptions.ExecutableNotFound'>
      title = None
      is_minimizable = False
      wide = False
      as_list = False
      primary_action = None
  File "apps/frappe/frappe/__init__.py", line 574, in msgprint
    _raise_exception()
      msg = 'mariadb-dump not found in PATH! This is required to take a backup.'
      title = None
      raise_exception = <class 'frappe.exceptions.ExecutableNotFound'>
      as_table = False
      as_list = False
      indicator = 'red'
      alert = False
      primary_action = None
      is_minimizable = False
      wide = False
      realtime = False
      sys = <module 'sys' (built-in)>
      _raise_exception = <function msgprint.<locals>._raise_exception at 0x108635da0>
      inspect = <module 'inspect' from '/opt/homebrew/Cellar/python@3.13/3.13.1/Frameworks/Python.framework/Versions/3.13/lib/python3.13/inspect.py'>
      out = {'message': 'mariadb-dump not found in PATH! This is required to take a backup.', 'title': 'Message', 'indicator': 'red', 'raise_exception': 1, '__frappe_exc_id': 'fe9d0cf11dbc5b70284f38363c2e9ea46b7b39b0518acd1f4461672f'}
  File "apps/frappe/frappe/__init__.py", line 525, in _raise_exception
    raise exc
      exc = ExecutableNotFound('mariadb-dump not found in PATH! This is required to take a backup.')
      inspect = <module 'inspect' from '/opt/homebrew/Cellar/python@3.13/3.13.1/Frameworks/Python.framework/Versions/3.13/lib/python3.13/inspect.py'>
      msg = 'mariadb-dump not found in PATH! This is required to take a backup.'
      out = {'message': 'mariadb-dump not found in PATH! This is required to take a backup.', 'title': 'Message', 'indicator': 'red', 'raise_exception': 1, '__frappe_exc_id': 'fe9d0cf11dbc5b70284f38363c2e9ea46b7b39b0518acd1f4461672f'}
      raise_exception = <class 'frappe.exceptions.ExecutableNotFound'>
frappe.exceptions.ExecutableNotFound: mariadb-dump not found in PATH! This is required to take a backup.
Backup failed for Site vendor-qc.local. Database or site_config.json may be corrupted
Traceback with variables (most recent call last):
  File "apps/frappe/frappe/commands/site.py", line 845, in backup
    odb = scheduled_backup(
      context = {'sites': ['test-site.local', 'vendor-qc.local'], 'force': False, 'verbose': True, 'profile': False}
      with_files = False
      backup_path = None
      backup_path_db = None
      backup_path_files = None
      backup_path_private_files = None
      backup_path_conf = None
      ignore_backup_conf = False
      verbose = True
      compress = False
      include = ''
      exclude = ''
      old_backup_metadata = False
      scheduled_backup = <function scheduled_backup at 0x10a73ba60>
      exit_code = 1
      rollback_callback = None
      site = 'vendor-qc.local'
  File "apps/frappe/frappe/utils/backups.py", line 568, in scheduled_backup
    return new_backup(
      older_than = 6
      ignore_files = True
      backup_path = None
      backup_path_db = None
      backup_path_files = None
      backup_path_private_files = None
      backup_path_conf = None
      ignore_conf = False
      include_doctypes = ''
      exclude_doctypes = ''
      compress = False
      force = True
      verbose = True
      old_backup_metadata = False
      rollback_callback = <frappe.utils.CallbackManager object at 0x10a893ca0>
  File "apps/frappe/frappe/utils/backups.py", line 626, in new_backup
    odb.get_backup(older_than, ignore_files, force=force)
      older_than = 6
      ignore_files = True
      backup_path = None
      backup_path_db = None
      backup_path_files = None
      backup_path_private_files = None
      backup_path_conf = None
      ignore_conf = False
      include_doctypes = ''
      exclude_doctypes = ''
      compress = False
      force = True
      verbose = True
      old_backup_metadata = False
      rollback_callback = <frappe.utils.CallbackManager object at 0x10a893ca0>
      odb = <frappe.utils.backups.BackupGenerator object at 0x10a946fd0>
  File "apps/frappe/frappe/utils/backups.py", line 195, in get_backup
    self.delete_if_step_fails(self.take_dump, self.backup_path_db)
      self = <frappe.utils.backups.BackupGenerator object at 0x10a946fd0>
      older_than = 6
      ignore_files = True
      force = True
      last_db = False
      last_file = False
      last_private_file = False
      site_config_backup_path = False
  File "apps/frappe/frappe/utils/backups.py", line 520, in delete_if_step_fails
    raise e
      self = <frappe.utils.backups.BackupGenerator object at 0x10a946fd0>
      step = <bound method BackupGenerator.take_dump of <frappe.utils.backups.BackupGenerator object at 0x10a946fd0>>
      paths = ('./test-site.local/private/backups/20251127_120002-test-site_local-database.sql.gz',)
      path = './test-site.local/private/backups/20251127_120002-test-site_local-database.sql.gz'
  File "apps/frappe/frappe/utils/backups.py", line 515, in delete_if_step_fails
    step()
      self = <frappe.utils.backups.BackupGenerator object at 0x10a946fd0>
      step = <bound method BackupGenerator.take_dump of <frappe.utils.backups.BackupGenerator object at 0x10a946fd0>>
      paths = ('./test-site.local/private/backups/20251127_120002-test-site_local-database.sql.gz',)
      path = './test-site.local/private/backups/20251127_120002-test-site_local-database.sql.gz'
  File "apps/frappe/frappe/utils/backups.py", line 457, in take_dump
    frappe.throw(
      self = <frappe.utils.backups.BackupGenerator object at 0x10a946fd0>
      shlex = <module 'shlex' from '/opt/homebrew/Cellar/python@3.13/3.13.1/Frameworks/Python.framework/Versions/3.13/lib/python3.13/shlex.py'>
      frappe = <module 'frappe' from 'apps/frappe/frappe/__init__.py'>
      get_app_branch = <function get_app_branch at 0x10a71eac0>
      gzip_exc = '/usr/bin/gzip'
      database_header_content = ['begin frappe metadata', '[frappe]', 'version = 15.87.0', 'branch = version-15', 'end frappe metadata', '']
      generated_header = '-- begin frappe metadata\n-- [frappe]\n-- version = 15.87.0\n-- branch = version-15\n-- end frappe metadata\n-- \n'
      f = <_io.TextIOWrapper name='./test-site.local/private/backups/20251127_120002-test-site_local-database.sql.gz' encoding='UTF-8'>
      cmd = []
      extra = []
      get_command = <function get_command at 0x10a40bb00>
      bin = None
      args = ['--user=_537373b7e3047fb7', '--host=127.0.0.1', '--port=3306', '--password=U5hxfjpquKPDmY5A', '--single-transaction', '--quick', '--lock-tables=false', '_537373b7e3047fb7']
      bin_name = 'mariadb-dump'
  File "apps/frappe/frappe/__init__.py", line 609, in throw
    msgprint(
      msg = 'mariadb-dump not found in PATH! This is required to take a backup.'
      exc = <class 'frappe.exceptions.ExecutableNotFound'>
      title = None
      is_minimizable = False
      wide = False
      as_list = False
      primary_action = None
  File "apps/frappe/frappe/__init__.py", line 574, in msgprint
    _raise_exception()
      msg = 'mariadb-dump not found in PATH! This is required to take a backup.'
      title = None
      raise_exception = <class 'frappe.exceptions.ExecutableNotFound'>
      as_table = False
      as_list = False
      indicator = 'red'
      alert = False
      primary_action = None
      is_minimizable = False
      wide = False
      realtime = False
      sys = <module 'sys' (built-in)>
      _raise_exception = <function msgprint.<locals>._raise_exception at 0x10aa1e980>
      inspect = <module 'inspect' from '/opt/homebrew/Cellar/python@3.13/3.13.1/Frameworks/Python.framework/Versions/3.13/lib/python3.13/inspect.py'>
      out = {'message': 'mariadb-dump not found in PATH! This is required to take a backup.', 'title': 'Message', 'indicator': 'red', 'raise_exception': 1, '__frappe_exc_id': 'a80fa680c72b8996f8db3f8d4792647ccbe50d930d4a7bd922b015a1'}
  File "apps/frappe/frappe/__init__.py", line 525, in _raise_exception
    raise exc
      exc = ExecutableNotFound('mariadb-dump not found in PATH! This is required to take a backup.')
      inspect = <module 'inspect' from '/opt/homebrew/Cellar/python@3.13/3.13.1/Frameworks/Python.framework/Versions/3.13/lib/python3.13/inspect.py'>
      msg = 'mariadb-dump not found in PATH! This is required to take a backup.'
      out = {'message': 'mariadb-dump not found in PATH! This is required to take a backup.', 'title': 'Message', 'indicator': 'red', 'raise_exception': 1, '__frappe_exc_id': 'a80fa680c72b8996f8db3f8d4792647ccbe50d930d4a7bd922b015a1'}
      raise_exception = <class 'frappe.exceptions.ExecutableNotFound'>
frappe.exceptions.ExecutableNotFound: mariadb-dump not found in PATH! This is required to take a backup.
Backup failed for Site test-site.local. Database or site_config.json may be corrupted
Traceback with variables (most recent call last):
  File "apps/frappe/frappe/commands/site.py", line 845, in backup
    odb = scheduled_backup(
      context = {'sites': ['test-site.local', 'vendor-qc.local'], 'force': False, 'verbose': True, 'profile': False}
      with_files = False
      backup_path = None
      backup_path_db = None
      backup_path_files = None
      backup_path_private_files = None
      backup_path_conf = None
      ignore_backup_conf = False
      verbose = True
      compress = False
      include = ''
      exclude = ''
      old_backup_metadata = False
      scheduled_backup = <function scheduled_backup at 0x107f27a60>
      exit_code = 0
      rollback_callback = None
      site = 'test-site.local'
  File "apps/frappe/frappe/utils/backups.py", line 568, in scheduled_backup
    return new_backup(
      older_than = 6
      ignore_files = True
      backup_path = None
      backup_path_db = None
      backup_path_files = None
      backup_path_private_files = None
      backup_path_conf = None
      ignore_conf = False
      include_doctypes = ''
      exclude_doctypes = ''
      compress = False
      force = True
      verbose = True
      old_backup_metadata = False
      rollback_callback = <frappe.utils.CallbackManager object at 0x10812c400>
  File "apps/frappe/frappe/utils/backups.py", line 626, in new_backup
    odb.get_backup(older_than, ignore_files, force=force)
      older_than = 6
      ignore_files = True
      backup_path = None
      backup_path_db = None
      backup_path_files = None
      backup_path_private_files = None
      backup_path_conf = None
      ignore_conf = False
      include_doctypes = ''
      exclude_doctypes = ''
      compress = False
      force = True
      verbose = True
      old_backup_metadata = False
      rollback_callback = <frappe.utils.CallbackManager object at 0x10812c400>
      odb = <frappe.utils.backups.BackupGenerator object at 0x1080b3230>
  File "apps/frappe/frappe/utils/backups.py", line 195, in get_backup
    self.delete_if_step_fails(self.take_dump, self.backup_path_db)
      self = <frappe.utils.backups.BackupGenerator object at 0x1080b3230>
      older_than = 6
      ignore_files = True
      force = True
      last_db = False
      last_file = False
      last_private_file = False
      site_config_backup_path = False
  File "apps/frappe/frappe/utils/backups.py", line 520, in delete_if_step_fails
    raise e
      self = <frappe.utils.backups.BackupGenerator object at 0x1080b3230>
      step = <bound method BackupGenerator.take_dump of <frappe.utils.backups.BackupGenerator object at 0x1080b3230>>
      paths = ('./test-site.local/private/backups/20251127_180002-test-site_local-database.sql.gz',)
      path = './test-site.local/private/backups/20251127_180002-test-site_local-database.sql.gz'
  File "apps/frappe/frappe/utils/backups.py", line 515, in delete_if_step_fails
    step()
      self = <frappe.utils.backups.BackupGenerator object at 0x1080b3230>
      step = <bound method BackupGenerator.take_dump of <frappe.utils.backups.BackupGenerator object at 0x1080b3230>>
      paths = ('./test-site.local/private/backups/20251127_180002-test-site_local-database.sql.gz',)
      path = './test-site.local/private/backups/20251127_180002-test-site_local-database.sql.gz'
  File "apps/frappe/frappe/utils/backups.py", line 457, in take_dump
    frappe.throw(
      self = <frappe.utils.backups.BackupGenerator object at 0x1080b3230>
      shlex = <module 'shlex' from '/opt/homebrew/Cellar/python@3.13/3.13.1/Frameworks/Python.framework/Versions/3.13/lib/python3.13/shlex.py'>
      frappe = <module 'frappe' from 'apps/frappe/frappe/__init__.py'>
      get_app_branch = <function get_app_branch at 0x107f0aac0>
      gzip_exc = '/usr/bin/gzip'
      database_header_content = ['begin frappe metadata', '[frappe]', 'version = 15.87.0', 'branch = version-15', 'end frappe metadata', '']
      generated_header = '-- begin frappe metadata\n-- [frappe]\n-- version = 15.87.0\n-- branch = version-15\n-- end frappe metadata\n-- \n'
      f = <_io.TextIOWrapper name='./test-site.local/private/backups/20251127_180002-test-site_local-database.sql.gz' encoding='UTF-8'>
      cmd = []
      extra = []
      get_command = <function get_command at 0x107b3fb00>
      bin = None
      args = ['--user=_537373b7e3047fb7', '--host=127.0.0.1', '--port=3306', '--password=U5hxfjpquKPDmY5A', '--single-transaction', '--quick', '--lock-tables=false', '_537373b7e3047fb7']
      bin_name = 'mariadb-dump'
  File "apps/frappe/frappe/__init__.py", line 609, in throw
    msgprint(
      msg = 'mariadb-dump not found in PATH! This is required to take a backup.'
      exc = <class 'frappe.exceptions.ExecutableNotFound'>
      title = None
      is_minimizable = False
      wide = False
      as_list = False
      primary_action = None
  File "apps/frappe/frappe/__init__.py", line 574, in msgprint
    _raise_exception()
      msg = 'mariadb-dump not found in PATH! This is required to take a backup.'
      title = None
      raise_exception = <class 'frappe.exceptions.ExecutableNotFound'>
      as_table = False
      as_list = False
      indicator = 'red'
      alert = False
      primary_action = None
      is_minimizable = False
      wide = False
      realtime = False
      sys = <module 'sys' (built-in)>
      _raise_exception = <function msgprint.<locals>._raise_exception at 0x105d8dda0>
      inspect = <module 'inspect' from '/opt/homebrew/Cellar/python@3.13/3.13.1/Frameworks/Python.framework/Versions/3.13/lib/python3.13/inspect.py'>
      out = {'message': 'mariadb-dump not found in PATH! This is required to take a backup.', 'title': 'Message', 'indicator': 'red', 'raise_exception': 1, '__frappe_exc_id': '0c56e30be702b0ee1a32b19e4e0b359bd66a2d8e12adf807c07f8887'}
  File "apps/frappe/frappe/__init__.py", line 525, in _raise_exception
    raise exc
      exc = ExecutableNotFound('mariadb-dump not found in PATH! This is required to take a backup.')
      inspect = <module 'inspect' from '/opt/homebrew/Cellar/python@3.13/3.13.1/Frameworks/Python.framework/Versions/3.13/lib/python3.13/inspect.py'>
      msg = 'mariadb-dump not found in PATH! This is required to take a backup.'
      out = {'message': 'mariadb-dump not found in PATH! This is required to take a backup.', 'title': 'Message', 'indicator': 'red', 'raise_exception': 1, '__frappe_exc_id': '0c56e30be702b0ee1a32b19e4e0b359bd66a2d8e12adf807c07f8887'}
      raise_exception = <class 'frappe.exceptions.ExecutableNotFound'>
frappe.exceptions.ExecutableNotFound: mariadb-dump not found in PATH! This is required to take a backup.
Backup failed for Site vendor-qc.local. Database or site_config.json may be corrupted
Traceback with variables (most recent call last):
  File "apps/frappe/frappe/commands/site.py", line 845, in backup
    odb = scheduled_backup(
      context = {'sites': ['test-site.local', 'vendor-qc.local'], 'force': False, 'verbose': True, 'profile': False}
      with_files = False
      backup_path = None
      backup_path_db = None
      backup_path_files = None
      backup_path_private_files = None
      backup_path_conf = None
      ignore_backup_conf = False
      verbose = True
      compress = False
      include = ''
      exclude = ''
      old_backup_metadata = False
      scheduled_backup = <function scheduled_backup at 0x107f27a60>
      exit_code = 1
      rollback_callback = None
      site = 'vendor-qc.local'
  File "apps/frappe/frappe/utils/backups.py", line 568, in scheduled_backup
    return new_backup(
      older_than = 6
      ignore_files = True
      backup_path = None
      backup_path_db = None
      backup_path_files = None
      backup_path_private_files = None
      backup_path_conf = None
      ignore_conf = False
      include_doctypes = ''
      exclude_doctypes = ''
      compress = False
      force = True
      verbose = True
      old_backup_metadata = False
      rollback_callback = <frappe.utils.CallbackManager object at 0x108166140>
  File "apps/frappe/frappe/utils/backups.py", line 626, in new_backup
    odb.get_backup(older_than, ignore_files, force=force)
      older_than = 6
      ignore_files = True
      backup_path = None
      backup_path_db = None
      backup_path_files = None
      backup_path_private_files = None
      backup_path_conf = None
      ignore_conf = False
      include_doctypes = ''
      exclude_doctypes = ''
      compress = False
      force = True
      verbose = True
      old_backup_metadata = False
      rollback_callback = <frappe.utils.CallbackManager object at 0x108166140>
      odb = <frappe.utils.backups.BackupGenerator object at 0x1080cafd0>
  File "apps/frappe/frappe/utils/backups.py", line 195, in get_backup
    self.delete_if_step_fails(self.take_dump, self.backup_path_db)
      self = <frappe.utils.backups.BackupGenerator object at 0x1080cafd0>
      older_than = 6
      ignore_files = True
      force = True
      last_db = False
      last_file = False
      last_private_file = False
      site_config_backup_path = False
  File "apps/frappe/frappe/utils/backups.py", line 520, in delete_if_step_fails
    raise e
      self = <frappe.utils.backups.BackupGenerator object at 0x1080cafd0>
      step = <bound method BackupGenerator.take_dump of <frappe.utils.backups.BackupGenerator object at 0x1080cafd0>>
      paths = ('./test-site.local/private/backups/20251127_180002-test-site_local-database.sql.gz',)
      path = './test-site.local/private/backups/20251127_180002-test-site_local-database.sql.gz'
  File "apps/frappe/frappe/utils/backups.py", line 515, in delete_if_step_fails
    step()
      self = <frappe.utils.backups.BackupGenerator object at 0x1080cafd0>
      step = <bound method BackupGenerator.take_dump of <frappe.utils.backups.BackupGenerator object at 0x1080cafd0>>
      paths = ('./test-site.local/private/backups/20251127_180002-test-site_local-database.sql.gz',)
      path = './test-site.local/private/backups/20251127_180002-test-site_local-database.sql.gz'
  File "apps/frappe/frappe/utils/backups.py", line 457, in take_dump
    frappe.throw(
      self = <frappe.utils.backups.BackupGenerator object at 0x1080cafd0>
      shlex = <module 'shlex' from '/opt/homebrew/Cellar/python@3.13/3.13.1/Frameworks/Python.framework/Versions/3.13/lib/python3.13/shlex.py'>
      frappe = <module 'frappe' from 'apps/frappe/frappe/__init__.py'>
      get_app_branch = <function get_app_branch at 0x107f0aac0>
      gzip_exc = '/usr/bin/gzip'
      database_header_content = ['begin frappe metadata', '[frappe]', 'version = 15.87.0', 'branch = version-15', 'end frappe metadata', '']
      generated_header = '-- begin frappe metadata\n-- [frappe]\n-- version = 15.87.0\n-- branch = version-15\n-- end frappe metadata\n-- \n'
      f = <_io.TextIOWrapper name='./test-site.local/private/backups/20251127_180002-test-site_local-database.sql.gz' encoding='UTF-8'>
      cmd = []
      extra = []
      get_command = <function get_command at 0x107b3fb00>
      bin = None
      args = ['--user=_537373b7e3047fb7', '--host=127.0.0.1', '--port=3306', '--password=U5hxfjpquKPDmY5A', '--single-transaction', '--quick', '--lock-tables=false', '_537373b7e3047fb7']
      bin_name = 'mariadb-dump'
  File "apps/frappe/frappe/__init__.py", line 609, in throw
    msgprint(
      msg = 'mariadb-dump not found in PATH! This is required to take a backup.'
      exc = <class 'frappe.exceptions.ExecutableNotFound'>
      title = None
      is_minimizable = False
      wide = False
      as_list = False
      primary_action = None
  File "apps/frappe/frappe/__init__.py", line 574, in msgprint
    _raise_exception()
      msg = 'mariadb-dump not found in PATH! This is required to take a backup.'
      title = None
      raise_exception = <class 'frappe.exceptions.ExecutableNotFound'>
      as_table = False
      as_list = False
      indicator = 'red'
      alert = False
      primary_action = None
      is_minimizable = False
      wide = False
      realtime = False
      sys = <module 'sys' (built-in)>
      _raise_exception = <function msgprint.<locals>._raise_exception at 0x1081a6980>
      inspect = <module 'inspect' from '/opt/homebrew/Cellar/python@3.13/3.13.1/Frameworks/Python.framework/Versions/3.13/lib/python3.13/inspect.py'>
      out = {'message': 'mariadb-dump not found in PATH! This is required to take a backup.', 'title': 'Message', 'indicator': 'red', 'raise_exception': 1, '__frappe_exc_id': 'bc42c9846235d3f36f7083b06ec7bb18d00855d72823d4ff259c4ebe'}
  File "apps/frappe/frappe/__init__.py", line 525, in _raise_exception
    raise exc
      exc = ExecutableNotFound('mariadb-dump not found in PATH! This is required to take a backup.')
      inspect = <module 'inspect' from '/opt/homebrew/Cellar/python@3.13/3.13.1/Frameworks/Python.framework/Versions/3.13/lib/python3.13/inspect.py'>
      msg = 'mariadb-dump not found in PATH! This is required to take a backup.'
      out = {'message': 'mariadb-dump not found in PATH! This is required to take a backup.', 'title': 'Message', 'indicator': 'red', 'raise_exception': 1, '__frappe_exc_id': 'bc42c9846235d3f36f7083b06ec7bb18d00855d72823d4ff259c4ebe'}
      raise_exception = <class 'frappe.exceptions.ExecutableNotFound'>
frappe.exceptions.ExecutableNotFound: mariadb-dump not found in PATH! This is required to take a backup.
Backup failed for Site test-site.local. Database or site_config.json may be corrupted
Traceback with variables (most recent call last):
  File "apps/frappe/frappe/commands/site.py", line 845, in backup
    odb = scheduled_backup(
      context = {'sites': ['test-site.local', 'vendor-qc.local'], 'force': False, 'verbose': True, 'profile': False}
      with_files = False
      backup_path = None
      backup_path_db = None
      backup_path_files = None
      backup_path_private_files = None
      backup_path_conf = None
      ignore_backup_conf = False
      verbose = True
      compress = False
      include = ''
      exclude = ''
      old_backup_metadata = False
      scheduled_backup = <function scheduled_backup at 0x1085eba60>
      exit_code = 0
      rollback_callback = None
      site = 'test-site.local'
  File "apps/frappe/frappe/utils/backups.py", line 568, in scheduled_backup
    return new_backup(
      older_than = 6
      ignore_files = True
      backup_path = None
      backup_path_db = None
      backup_path_files = None
      backup_path_private_files = None
      backup_path_conf = None
      ignore_conf = False
      include_doctypes = ''
      exclude_doctypes = ''
      compress = False
      force = True
      verbose = True
      old_backup_metadata = False
      rollback_callback = <frappe.utils.CallbackManager object at 0x1087d3fd0>
  File "apps/frappe/frappe/utils/backups.py", line 626, in new_backup
    odb.get_backup(older_than, ignore_files, force=force)
      older_than = 6
      ignore_files = True
      backup_path = None
      backup_path_db = None
      backup_path_files = None
      backup_path_private_files = None
      backup_path_conf = None
      ignore_conf = False
      include_doctypes = ''
      exclude_doctypes = ''
      compress = False
      force = True
      verbose = True
      old_backup_metadata = False
      rollback_callback = <frappe.utils.CallbackManager object at 0x1087d3fd0>
      odb = <frappe.utils.backups.BackupGenerator object at 0x108777230>
  File "apps/frappe/frappe/utils/backups.py", line 195, in get_backup
    self.delete_if_step_fails(self.take_dump, self.backup_path_db)
      self = <frappe.utils.backups.BackupGenerator object at 0x108777230>
      older_than = 6
      ignore_files = True
      force = True
      last_db = False
      last_file = False
      last_private_file = False
      site_config_backup_path = False
  File "apps/frappe/frappe/utils/backups.py", line 520, in delete_if_step_fails
    raise e
      self = <frappe.utils.backups.BackupGenerator object at 0x108777230>
      step = <bound method BackupGenerator.take_dump of <frappe.utils.backups.BackupGenerator object at 0x108777230>>
      paths = ('./test-site.local/private/backups/20251128_000002-test-site_local-database.sql.gz',)
      path = './test-site.local/private/backups/20251128_000002-test-site_local-database.sql.gz'
  File "apps/frappe/frappe/utils/backups.py", line 515, in delete_if_step_fails
    step()
      self = <frappe.utils.backups.BackupGenerator object at 0x108777230>
      step = <bound method BackupGenerator.take_dump of <frappe.utils.backups.BackupGenerator object at 0x108777230>>
      paths = ('./test-site.local/private/backups/20251128_000002-test-site_local-database.sql.gz',)
      path = './test-site.local/private/backups/20251128_000002-test-site_local-database.sql.gz'
  File "apps/frappe/frappe/utils/backups.py", line 457, in take_dump
    frappe.throw(
      self = <frappe.utils.backups.BackupGenerator object at 0x108777230>
      shlex = <module 'shlex' from '/opt/homebrew/Cellar/python@3.13/3.13.1/Frameworks/Python.framework/Versions/3.13/lib/python3.13/shlex.py'>
      frappe = <module 'frappe' from 'apps/frappe/frappe/__init__.py'>
      get_app_branch = <function get_app_branch at 0x1085ceac0>
      gzip_exc = '/usr/bin/gzip'
      database_header_content = ['begin frappe metadata', '[frappe]', 'version = 15.87.0', 'branch = version-15', 'end frappe metadata', '']
      generated_header = '-- begin frappe metadata\n-- [frappe]\n-- version = 15.87.0\n-- branch = version-15\n-- end frappe metadata\n-- \n'
      f = <_io.TextIOWrapper name='./test-site.local/private/backups/20251128_000002-test-site_local-database.sql.gz' encoding='UTF-8'>
      cmd = []
      extra = []
      get_command = <function get_command at 0x10827bb00>
      bin = None
      args = ['--user=_537373b7e3047fb7', '--host=127.0.0.1', '--port=3306', '--password=U5hxfjpquKPDmY5A', '--single-transaction', '--quick', '--lock-tables=false', '_537373b7e3047fb7']
      bin_name = 'mariadb-dump'
  File "apps/frappe/frappe/__init__.py", line 609, in throw
    msgprint(
      msg = 'mariadb-dump not found in PATH! This is required to take a backup.'
      exc = <class 'frappe.exceptions.ExecutableNotFound'>
      title = None
      is_minimizable = False
      wide = False
      as_list = False
      primary_action = None
  File "apps/frappe/frappe/__init__.py", line 574, in msgprint
    _raise_exception()
      msg = 'mariadb-dump not found in PATH! This is required to take a backup.'
      title = None
      raise_exception = <class 'frappe.exceptions.ExecutableNotFound'>
      as_table = False
      as_list = False
      indicator = 'red'
      alert = False
      primary_action = None
      is_minimizable = False
      wide = False
      realtime = False
      sys = <module 'sys' (built-in)>
      _raise_exception = <function msgprint.<locals>._raise_exception at 0x10641dda0>
      inspect = <module 'inspect' from '/opt/homebrew/Cellar/python@3.13/3.13.1/Frameworks/Python.framework/Versions/3.13/lib/python3.13/inspect.py'>
      out = {'message': 'mariadb-dump not found in PATH! This is required to take a backup.', 'title': 'Message', 'indicator': 'red', 'raise_exception': 1, '__frappe_exc_id': 'c0d476de38cbad93c0c47cca0e63357bd4070342583055622a4633a4'}
  File "apps/frappe/frappe/__init__.py", line 525, in _raise_exception
    raise exc
      exc = ExecutableNotFound('mariadb-dump not found in PATH! This is required to take a backup.')
      inspect = <module 'inspect' from '/opt/homebrew/Cellar/python@3.13/3.13.1/Frameworks/Python.framework/Versions/3.13/lib/python3.13/inspect.py'>
      msg = 'mariadb-dump not found in PATH! This is required to take a backup.'
      out = {'message': 'mariadb-dump not found in PATH! This is required to take a backup.', 'title': 'Message', 'indicator': 'red', 'raise_exception': 1, '__frappe_exc_id': 'c0d476de38cbad93c0c47cca0e63357bd4070342583055622a4633a4'}
      raise_exception = <class 'frappe.exceptions.ExecutableNotFound'>
frappe.exceptions.ExecutableNotFound: mariadb-dump not found in PATH! This is required to take a backup.
Backup failed for Site vendor-qc.local. Database or site_config.json may be corrupted
Traceback with variables (most recent call last):
  File "apps/frappe/frappe/commands/site.py", line 845, in backup
    odb = scheduled_backup(
      context = {'sites': ['test-site.local', 'vendor-qc.local'], 'force': False, 'verbose': True, 'profile': False}
      with_files = False
      backup_path = None
      backup_path_db = None
      backup_path_files = None
      backup_path_private_files = None
      backup_path_conf = None
      ignore_backup_conf = False
      verbose = True
      compress = False
      include = ''
      exclude = ''
      old_backup_metadata = False
      scheduled_backup = <function scheduled_backup at 0x1085eba60>
      exit_code = 1
      rollback_callback = None
      site = 'vendor-qc.local'
  File "apps/frappe/frappe/utils/backups.py", line 568, in scheduled_backup
    return new_backup(
      older_than = 6
      ignore_files = True
      backup_path = None
      backup_path_db = None
      backup_path_files = None
      backup_path_private_files = None
      backup_path_conf = None
      ignore_conf = False
      include_doctypes = ''
      exclude_doctypes = ''
      compress = False
      force = True
      verbose = True
      old_backup_metadata = False
      rollback_callback = <frappe.utils.CallbackManager object at 0x1086fbf10>
  File "apps/frappe/frappe/utils/backups.py", line 626, in new_backup
    odb.get_backup(older_than, ignore_files, force=force)
      older_than = 6
      ignore_files = True
      backup_path = None
      backup_path_db = None
      backup_path_files = None
      backup_path_private_files = None
      backup_path_conf = None
      ignore_conf = False
      include_doctypes = ''
      exclude_doctypes = ''
      compress = False
      force = True
      verbose = True
      old_backup_metadata = False
      rollback_callback = <frappe.utils.CallbackManager object at 0x1086fbf10>
      odb = <frappe.utils.backups.BackupGenerator object at 0x10878efd0>
  File "apps/frappe/frappe/utils/backups.py", line 195, in get_backup
    self.delete_if_step_fails(self.take_dump, self.backup_path_db)
      self = <frappe.utils.backups.BackupGenerator object at 0x10878efd0>
      older_than = 6
      ignore_files = True
      force = True
      last_db = False
      last_file = False
      last_private_file = False
      site_config_backup_path = False
  File "apps/frappe/frappe/utils/backups.py", line 520, in delete_if_step_fails
    raise e
      self = <frappe.utils.backups.BackupGenerator object at 0x10878efd0>
      step = <bound method BackupGenerator.take_dump of <frappe.utils.backups.BackupGenerator object at 0x10878efd0>>
      paths = ('./test-site.local/private/backups/20251128_000002-test-site_local-database.sql.gz',)
      path = './test-site.local/private/backups/20251128_000002-test-site_local-database.sql.gz'
  File "apps/frappe/frappe/utils/backups.py", line 515, in delete_if_step_fails
    step()
      self = <frappe.utils.backups.BackupGenerator object at 0x10878efd0>
      step = <bound method BackupGenerator.take_dump of <frappe.utils.backups.BackupGenerator object at 0x10878efd0>>
      paths = ('./test-site.local/private/backups/20251128_000002-test-site_local-database.sql.gz',)
      path = './test-site.local/private/backups/20251128_000002-test-site_local-database.sql.gz'
  File "apps/frappe/frappe/utils/backups.py", line 457, in take_dump
    frappe.throw(
      self = <frappe.utils.backups.BackupGenerator object at 0x10878efd0>
      shlex = <module 'shlex' from '/opt/homebrew/Cellar/python@3.13/3.13.1/Frameworks/Python.framework/Versions/3.13/lib/python3.13/shlex.py'>
      frappe = <module 'frappe' from 'apps/frappe/frappe/__init__.py'>
      get_app_branch = <function get_app_branch at 0x1085ceac0>
      gzip_exc = '/usr/bin/gzip'
      database_header_content = ['begin frappe metadata', '[frappe]', 'version = 15.87.0', 'branch = version-15', 'end frappe metadata', '']
      generated_header = '-- begin frappe metadata\n-- [frappe]\n-- version = 15.87.0\n-- branch = version-15\n-- end frappe metadata\n-- \n'
      f = <_io.TextIOWrapper name='./test-site.local/private/backups/20251128_000002-test-site_local-database.sql.gz' encoding='UTF-8'>
      cmd = []
      extra = []
      get_command = <function get_command at 0x10827bb00>
      bin = None
      args = ['--user=_537373b7e3047fb7', '--host=127.0.0.1', '--port=3306', '--password=U5hxfjpquKPDmY5A', '--single-transaction', '--quick', '--lock-tables=false', '_537373b7e3047fb7']
      bin_name = 'mariadb-dump'
  File "apps/frappe/frappe/__init__.py", line 609, in throw
    msgprint(
      msg = 'mariadb-dump not found in PATH! This is required to take a backup.'
      exc = <class 'frappe.exceptions.ExecutableNotFound'>
      title = None
      is_minimizable = False
      wide = False
      as_list = False
      primary_action = None
  File "apps/frappe/frappe/__init__.py", line 574, in msgprint
    _raise_exception()
      msg = 'mariadb-dump not found in PATH! This is required to take a backup.'
      title = None
      raise_exception = <class 'frappe.exceptions.ExecutableNotFound'>
      as_table = False
      as_list = False
      indicator = 'red'
      alert = False
      primary_action = None
      is_minimizable = False
      wide = False
      realtime = False
      sys = <module 'sys' (built-in)>
      _raise_exception = <function msgprint.<locals>._raise_exception at 0x108866980>
      inspect = <module 'inspect' from '/opt/homebrew/Cellar/python@3.13/3.13.1/Frameworks/Python.framework/Versions/3.13/lib/python3.13/inspect.py'>
      out = {'message': 'mariadb-dump not found in PATH! This is required to take a backup.', 'title': 'Message', 'indicator': 'red', 'raise_exception': 1, '__frappe_exc_id': '0b4be923c8bb1446fa13bc778c4d13bfb5e5c97f39c005c2514d459f'}
  File "apps/frappe/frappe/__init__.py", line 525, in _raise_exception
    raise exc
      exc = ExecutableNotFound('mariadb-dump not found in PATH! This is required to take a backup.')
      inspect = <module 'inspect' from '/opt/homebrew/Cellar/python@3.13/3.13.1/Frameworks/Python.framework/Versions/3.13/lib/python3.13/inspect.py'>
      msg = 'mariadb-dump not found in PATH! This is required to take a backup.'
      out = {'message': 'mariadb-dump not found in PATH! This is required to take a backup.', 'title': 'Message', 'indicator': 'red', 'raise_exception': 1, '__frappe_exc_id': '0b4be923c8bb1446fa13bc778c4d13bfb5e5c97f39c005c2514d459f'}
      raise_exception = <class 'frappe.exceptions.ExecutableNotFound'>
frappe.exceptions.ExecutableNotFound: mariadb-dump not found in PATH! This is required to take a backup.
Backup failed for Site test-site.local. Database or site_config.json may be corrupted
Traceback with variables (most recent call last):
  File "apps/frappe/frappe/commands/site.py", line 845, in backup
    odb = scheduled_backup(
      context = {'sites': ['test-site.local', 'vendor-qc.local'], 'force': False, 'verbose': True, 'profile': False}
      with_files = False
      backup_path = None
      backup_path_db = None
      backup_path_files = None
      backup_path_private_files = None
      backup_path_conf = None
      ignore_backup_conf = False
      verbose = True
      compress = False
      include = ''
      exclude = ''
      old_backup_metadata = False
      scheduled_backup = <function scheduled_backup at 0x10aa0ba60>
      exit_code = 0
      rollback_callback = None
      site = 'test-site.local'
  File "apps/frappe/frappe/utils/backups.py", line 568, in scheduled_backup
    return new_backup(
      older_than = 6
      ignore_files = True
      backup_path = None
      backup_path_db = None
      backup_path_files = None
      backup_path_private_files = None
      backup_path_conf = None
      ignore_conf = False
      include_doctypes = ''
      exclude_doctypes = ''
      compress = False
      force = True
      verbose = True
      old_backup_metadata = False
      rollback_callback = <frappe.utils.CallbackManager object at 0x10ac024d0>
  File "apps/frappe/frappe/utils/backups.py", line 626, in new_backup
    odb.get_backup(older_than, ignore_files, force=force)
      older_than = 6
      ignore_files = True
      backup_path = None
      backup_path_db = None
      backup_path_files = None
      backup_path_private_files = None
      backup_path_conf = None
      ignore_conf = False
      include_doctypes = ''
      exclude_doctypes = ''
      compress = False
      force = True
      verbose = True
      old_backup_metadata = False
      rollback_callback = <frappe.utils.CallbackManager object at 0x10ac024d0>
      odb = <frappe.utils.backups.BackupGenerator object at 0x10ab97230>
  File "apps/frappe/frappe/utils/backups.py", line 195, in get_backup
    self.delete_if_step_fails(self.take_dump, self.backup_path_db)
      self = <frappe.utils.backups.BackupGenerator object at 0x10ab97230>
      older_than = 6
      ignore_files = True
      force = True
      last_db = False
      last_file = False
      last_private_file = False
      site_config_backup_path = False
  File "apps/frappe/frappe/utils/backups.py", line 520, in delete_if_step_fails
    raise e
      self = <frappe.utils.backups.BackupGenerator object at 0x10ab97230>
      step = <bound method BackupGenerator.take_dump of <frappe.utils.backups.BackupGenerator object at 0x10ab97230>>
      paths = ('./test-site.local/private/backups/20251128_060001-test-site_local-database.sql.gz',)
      path = './test-site.local/private/backups/20251128_060001-test-site_local-database.sql.gz'
  File "apps/frappe/frappe/utils/backups.py", line 515, in delete_if_step_fails
    step()
      self = <frappe.utils.backups.BackupGenerator object at 0x10ab97230>
      step = <bound method BackupGenerator.take_dump of <frappe.utils.backups.BackupGenerator object at 0x10ab97230>>
      paths = ('./test-site.local/private/backups/20251128_060001-test-site_local-database.sql.gz',)
      path = './test-site.local/private/backups/20251128_060001-test-site_local-database.sql.gz'
  File "apps/frappe/frappe/utils/backups.py", line 457, in take_dump
    frappe.throw(
      self = <frappe.utils.backups.BackupGenerator object at 0x10ab97230>
      shlex = <module 'shlex' from '/opt/homebrew/Cellar/python@3.13/3.13.1/Frameworks/Python.framework/Versions/3.13/lib/python3.13/shlex.py'>
      frappe = <module 'frappe' from 'apps/frappe/frappe/__init__.py'>
      get_app_branch = <function get_app_branch at 0x10a9f2ac0>
      gzip_exc = '/usr/bin/gzip'
      database_header_content = ['begin frappe metadata', '[frappe]', 'version = 15.87.0', 'branch = version-15', 'end frappe metadata', '']
      generated_header = '-- begin frappe metadata\n-- [frappe]\n-- version = 15.87.0\n-- branch = version-15\n-- end frappe metadata\n-- \n'
      f = <_io.TextIOWrapper name='./test-site.local/private/backups/20251128_060001-test-site_local-database.sql.gz' encoding='UTF-8'>
      cmd = []
      extra = []
      get_command = <function get_command at 0x10a69fb00>
      bin = None
      args = ['--user=_537373b7e3047fb7', '--host=127.0.0.1', '--port=3306', '--password=U5hxfjpquKPDmY5A', '--single-transaction', '--quick', '--lock-tables=false', '_537373b7e3047fb7']
      bin_name = 'mariadb-dump'
  File "apps/frappe/frappe/__init__.py", line 609, in throw
    msgprint(
      msg = 'mariadb-dump not found in PATH! This is required to take a backup.'
      exc = <class 'frappe.exceptions.ExecutableNotFound'>
      title = None
      is_minimizable = False
      wide = False
      as_list = False
      primary_action = None
  File "apps/frappe/frappe/__init__.py", line 574, in msgprint
    _raise_exception()
      msg = 'mariadb-dump not found in PATH! This is required to take a backup.'
      title = None
      raise_exception = <class 'frappe.exceptions.ExecutableNotFound'>
      as_table = False
      as_list = False
      indicator = 'red'
      alert = False
      primary_action = None
      is_minimizable = False
      wide = False
      realtime = False
      sys = <module 'sys' (built-in)>
      _raise_exception = <function msgprint.<locals>._raise_exception at 0x108841da0>
      inspect = <module 'inspect' from '/opt/homebrew/Cellar/python@3.13/3.13.1/Frameworks/Python.framework/Versions/3.13/lib/python3.13/inspect.py'>
      out = {'message': 'mariadb-dump not found in PATH! This is required to take a backup.', 'title': 'Message', 'indicator': 'red', 'raise_exception': 1, '__frappe_exc_id': 'f7556b25ea2d05aac031145fde0de82ad96246cb881b2cf4b2c59353'}
  File "apps/frappe/frappe/__init__.py", line 525, in _raise_exception
    raise exc
      exc = ExecutableNotFound('mariadb-dump not found in PATH! This is required to take a backup.')
      inspect = <module 'inspect' from '/opt/homebrew/Cellar/python@3.13/3.13.1/Frameworks/Python.framework/Versions/3.13/lib/python3.13/inspect.py'>
      msg = 'mariadb-dump not found in PATH! This is required to take a backup.'
      out = {'message': 'mariadb-dump not found in PATH! This is required to take a backup.', 'title': 'Message', 'indicator': 'red', 'raise_exception': 1, '__frappe_exc_id': 'f7556b25ea2d05aac031145fde0de82ad96246cb881b2cf4b2c59353'}
      raise_exception = <class 'frappe.exceptions.ExecutableNotFound'>
frappe.exceptions.ExecutableNotFound: mariadb-dump not found in PATH! This is required to take a backup.
Backup failed for Site vendor-qc.local. Database or site_config.json may be corrupted
Traceback with variables (most recent call last):
  File "apps/frappe/frappe/commands/site.py", line 845, in backup
    odb = scheduled_backup(
      context = {'sites': ['test-site.local', 'vendor-qc.local'], 'force': False, 'verbose': True, 'profile': False}
      with_files = False
      backup_path = None
      backup_path_db = None
      backup_path_files = None
      backup_path_private_files = None
      backup_path_conf = None
      ignore_backup_conf = False
      verbose = True
      compress = False
      include = ''
      exclude = ''
      old_backup_metadata = False
      scheduled_backup = <function scheduled_backup at 0x10aa0ba60>
      exit_code = 1
      rollback_callback = None
      site = 'vendor-qc.local'
  File "apps/frappe/frappe/utils/backups.py", line 568, in scheduled_backup
    return new_backup(
      older_than = 6
      ignore_files = True
      backup_path = None
      backup_path_db = None
      backup_path_files = None
      backup_path_private_files = None
      backup_path_conf = None
      ignore_conf = False
      include_doctypes = ''
      exclude_doctypes = ''
      compress = False
      force = True
      verbose = True
      old_backup_metadata = False
      rollback_callback = <frappe.utils.CallbackManager object at 0x10ac501f0>
  File "apps/frappe/frappe/utils/backups.py", line 626, in new_backup
    odb.get_backup(older_than, ignore_files, force=force)
      older_than = 6
      ignore_files = True
      backup_path = None
      backup_path_db = None
      backup_path_files = None
      backup_path_private_files = None
      backup_path_conf = None
      ignore_conf = False
      include_doctypes = ''
      exclude_doctypes = ''
      compress = False
      force = True
      verbose = True
      old_backup_metadata = False
      rollback_callback = <frappe.utils.CallbackManager object at 0x10ac501f0>
      odb = <frappe.utils.backups.BackupGenerator object at 0x10abb2fd0>
  File "apps/frappe/frappe/utils/backups.py", line 195, in get_backup
    self.delete_if_step_fails(self.take_dump, self.backup_path_db)
      self = <frappe.utils.backups.BackupGenerator object at 0x10abb2fd0>
      older_than = 6
      ignore_files = True
      force = True
      last_db = False
      last_file = False
      last_private_file = False
      site_config_backup_path = False
  File "apps/frappe/frappe/utils/backups.py", line 520, in delete_if_step_fails
    raise e
      self = <frappe.utils.backups.BackupGenerator object at 0x10abb2fd0>
      step = <bound method BackupGenerator.take_dump of <frappe.utils.backups.BackupGenerator object at 0x10abb2fd0>>
      paths = ('./test-site.local/private/backups/20251128_060001-test-site_local-database.sql.gz',)
      path = './test-site.local/private/backups/20251128_060001-test-site_local-database.sql.gz'
  File "apps/frappe/frappe/utils/backups.py", line 515, in delete_if_step_fails
    step()
      self = <frappe.utils.backups.BackupGenerator object at 0x10abb2fd0>
      step = <bound method BackupGenerator.take_dump of <frappe.utils.backups.BackupGenerator object at 0x10abb2fd0>>
      paths = ('./test-site.local/private/backups/20251128_060001-test-site_local-database.sql.gz',)
      path = './test-site.local/private/backups/20251128_060001-test-site_local-database.sql.gz'
  File "apps/frappe/frappe/utils/backups.py", line 457, in take_dump
    frappe.throw(
      self = <frappe.utils.backups.BackupGenerator object at 0x10abb2fd0>
      shlex = <module 'shlex' from '/opt/homebrew/Cellar/python@3.13/3.13.1/Frameworks/Python.framework/Versions/3.13/lib/python3.13/shlex.py'>
      frappe = <module 'frappe' from 'apps/frappe/frappe/__init__.py'>
      get_app_branch = <function get_app_branch at 0x10a9f2ac0>
      gzip_exc = '/usr/bin/gzip'
      database_header_content = ['begin frappe metadata', '[frappe]', 'version = 15.87.0', 'branch = version-15', 'end frappe metadata', '']
      generated_header = '-- begin frappe metadata\n-- [frappe]\n-- version = 15.87.0\n-- branch = version-15\n-- end frappe metadata\n-- \n'
      f = <_io.TextIOWrapper name='./test-site.local/private/backups/20251128_060001-test-site_local-database.sql.gz' encoding='UTF-8'>
      cmd = []
      extra = []
      get_command = <function get_command at 0x10a69fb00>
      bin = None
      args = ['--user=_537373b7e3047fb7', '--host=127.0.0.1', '--port=3306', '--password=U5hxfjpquKPDmY5A', '--single-transaction', '--quick', '--lock-tables=false', '_537373b7e3047fb7']
      bin_name = 'mariadb-dump'
  File "apps/frappe/frappe/__init__.py", line 609, in throw
    msgprint(
      msg = 'mariadb-dump not found in PATH! This is required to take a backup.'
      exc = <class 'frappe.exceptions.ExecutableNotFound'>
      title = None
      is_minimizable = False
      wide = False
      as_list = False
      primary_action = None
  File "apps/frappe/frappe/__init__.py", line 574, in msgprint
    _raise_exception()
      msg = 'mariadb-dump not found in PATH! This is required to take a backup.'
      title = None
      raise_exception = <class 'frappe.exceptions.ExecutableNotFound'>
      as_table = False
      as_list = False
      indicator = 'red'
      alert = False
      primary_action = None
      is_minimizable = False
      wide = False
      realtime = False
      sys = <module 'sys' (built-in)>
      _raise_exception = <function msgprint.<locals>._raise_exception at 0x10ac8e980>
      inspect = <module 'inspect' from '/opt/homebrew/Cellar/python@3.13/3.13.1/Frameworks/Python.framework/Versions/3.13/lib/python3.13/inspect.py'>
      out = {'message': 'mariadb-dump not found in PATH! This is required to take a backup.', 'title': 'Message', 'indicator': 'red', 'raise_exception': 1, '__frappe_exc_id': '5c5b9289418522cbd38a68efb456e6920d9b15e477dd0239d16f8dcf'}
  File "apps/frappe/frappe/__init__.py", line 525, in _raise_exception
    raise exc
      exc = ExecutableNotFound('mariadb-dump not found in PATH! This is required to take a backup.')
      inspect = <module 'inspect' from '/opt/homebrew/Cellar/python@3.13/3.13.1/Frameworks/Python.framework/Versions/3.13/lib/python3.13/inspect.py'>
      msg = 'mariadb-dump not found in PATH! This is required to take a backup.'
      out = {'message': 'mariadb-dump not found in PATH! This is required to take a backup.', 'title': 'Message', 'indicator': 'red', 'raise_exception': 1, '__frappe_exc_id': '5c5b9289418522cbd38a68efb456e6920d9b15e477dd0239d16f8dcf'}
      raise_exception = <class 'frappe.exceptions.ExecutableNotFound'>
frappe.exceptions.ExecutableNotFound: mariadb-dump not found in PATH! This is required to take a backup.
Backup failed for Site test-site.local. Database or site_config.json may be corrupted
Traceback with variables (most recent call last):
  File "apps/frappe/frappe/commands/site.py", line 845, in backup
    odb = scheduled_backup(
      context = {'sites': ['test-site.local', 'vendor-qc.local'], 'force': False, 'verbose': True, 'profile': False}
      with_files = False
      backup_path = None
      backup_path_db = None
      backup_path_files = None
      backup_path_private_files = None
      backup_path_conf = None
      ignore_backup_conf = False
      verbose = True
      compress = False
      include = ''
      exclude = ''
      old_backup_metadata = False
      scheduled_backup = <function scheduled_backup at 0x10adf3a60>
      exit_code = 0
      rollback_callback = None
      site = 'test-site.local'
  File "apps/frappe/frappe/utils/backups.py", line 568, in scheduled_backup
    return new_backup(
      older_than = 6
      ignore_files = True
      backup_path = None
      backup_path_db = None
      backup_path_files = None
      backup_path_private_files = None
      backup_path_conf = None
      ignore_conf = False
      include_doctypes = ''
      exclude_doctypes = ''
      compress = False
      force = True
      verbose = True
      old_backup_metadata = False
      rollback_callback = <frappe.utils.CallbackManager object at 0x10b043c10>
  File "apps/frappe/frappe/utils/backups.py", line 626, in new_backup
    odb.get_backup(older_than, ignore_files, force=force)
      older_than = 6
      ignore_files = True
      backup_path = None
      backup_path_db = None
      backup_path_files = None
      backup_path_private_files = None
      backup_path_conf = None
      ignore_conf = False
      include_doctypes = ''
      exclude_doctypes = ''
      compress = False
      force = True
      verbose = True
      old_backup_metadata = False
      rollback_callback = <frappe.utils.CallbackManager object at 0x10b043c10>
      odb = <frappe.utils.backups.BackupGenerator object at 0x10afe7230>
  File "apps/frappe/frappe/utils/backups.py", line 195, in get_backup
    self.delete_if_step_fails(self.take_dump, self.backup_path_db)
      self = <frappe.utils.backups.BackupGenerator object at 0x10afe7230>
      older_than = 6
      ignore_files = True
      force = True
      last_db = False
      last_file = False
      last_private_file = False
      site_config_backup_path = False
  File "apps/frappe/frappe/utils/backups.py", line 520, in delete_if_step_fails
    raise e
      self = <frappe.utils.backups.BackupGenerator object at 0x10afe7230>
      step = <bound method BackupGenerator.take_dump of <frappe.utils.backups.BackupGenerator object at 0x10afe7230>>
      paths = ('./test-site.local/private/backups/20251128_120002-test-site_local-database.sql.gz',)
      path = './test-site.local/private/backups/20251128_120002-test-site_local-database.sql.gz'
  File "apps/frappe/frappe/utils/backups.py", line 515, in delete_if_step_fails
    step()
      self = <frappe.utils.backups.BackupGenerator object at 0x10afe7230>
      step = <bound method BackupGenerator.take_dump of <frappe.utils.backups.BackupGenerator object at 0x10afe7230>>
      paths = ('./test-site.local/private/backups/20251128_120002-test-site_local-database.sql.gz',)
      path = './test-site.local/private/backups/20251128_120002-test-site_local-database.sql.gz'
  File "apps/frappe/frappe/utils/backups.py", line 457, in take_dump
    frappe.throw(
      self = <frappe.utils.backups.BackupGenerator object at 0x10afe7230>
      shlex = <module 'shlex' from '/opt/homebrew/Cellar/python@3.13/3.13.1/Frameworks/Python.framework/Versions/3.13/lib/python3.13/shlex.py'>
      frappe = <module 'frappe' from 'apps/frappe/frappe/__init__.py'>
      get_app_branch = <function get_app_branch at 0x10add6ac0>
      gzip_exc = '/usr/bin/gzip'
      database_header_content = ['begin frappe metadata', '[frappe]', 'version = 15.87.0', 'branch = version-15', 'end frappe metadata', '']
      generated_header = '-- begin frappe metadata\n-- [frappe]\n-- version = 15.87.0\n-- branch = version-15\n-- end frappe metadata\n-- \n'
      f = <_io.TextIOWrapper name='./test-site.local/private/backups/20251128_120002-test-site_local-database.sql.gz' encoding='UTF-8'>
      cmd = []
      extra = []
      get_command = <function get_command at 0x10aac3b00>
      bin = None
      args = ['--user=_537373b7e3047fb7', '--host=127.0.0.1', '--port=3306', '--password=U5hxfjpquKPDmY5A', '--single-transaction', '--quick', '--lock-tables=false', '_537373b7e3047fb7']
      bin_name = 'mariadb-dump'
  File "apps/frappe/frappe/__init__.py", line 609, in throw
    msgprint(
      msg = 'mariadb-dump not found in PATH! This is required to take a backup.'
      exc = <class 'frappe.exceptions.ExecutableNotFound'>
      title = None
      is_minimizable = False
      wide = False
      as_list = False
      primary_action = None
  File "apps/frappe/frappe/__init__.py", line 574, in msgprint
    _raise_exception()
      msg = 'mariadb-dump not found in PATH! This is required to take a backup.'
      title = None
      raise_exception = <class 'frappe.exceptions.ExecutableNotFound'>
      as_table = False
      as_list = False
      indicator = 'red'
      alert = False
      primary_action = None
      is_minimizable = False
      wide = False
      realtime = False
      sys = <module 'sys' (built-in)>
      _raise_exception = <function msgprint.<locals>._raise_exception at 0x108cbdda0>
      inspect = <module 'inspect' from '/opt/homebrew/Cellar/python@3.13/3.13.1/Frameworks/Python.framework/Versions/3.13/lib/python3.13/inspect.py'>
      out = {'message': 'mariadb-dump not found in PATH! This is required to take a backup.', 'title': 'Message', 'indicator': 'red', 'raise_exception': 1, '__frappe_exc_id': 'f8aa1b9604d92de9c4ef8676169483d5a0d0a5b2ddc4d5f5d8f7b1a8'}
  File "apps/frappe/frappe/__init__.py", line 525, in _raise_exception
    raise exc
      exc = ExecutableNotFound('mariadb-dump not found in PATH! This is required to take a backup.')
      inspect = <module 'inspect' from '/opt/homebrew/Cellar/python@3.13/3.13.1/Frameworks/Python.framework/Versions/3.13/lib/python3.13/inspect.py'>
      msg = 'mariadb-dump not found in PATH! This is required to take a backup.'
      out = {'message': 'mariadb-dump not found in PATH! This is required to take a backup.', 'title': 'Message', 'indicator': 'red', 'raise_exception': 1, '__frappe_exc_id': 'f8aa1b9604d92de9c4ef8676169483d5a0d0a5b2ddc4d5f5d8f7b1a8'}
      raise_exception = <class 'frappe.exceptions.ExecutableNotFound'>
frappe.exceptions.ExecutableNotFound: mariadb-dump not found in PATH! This is required to take a backup.
Backup failed for Site vendor-qc.local. Database or site_config.json may be corrupted
Traceback with variables (most recent call last):
  File "apps/frappe/frappe/commands/site.py", line 845, in backup
    odb = scheduled_backup(
      context = {'sites': ['test-site.local', 'vendor-qc.local'], 'force': False, 'verbose': True, 'profile': False}
      with_files = False
      backup_path = None
      backup_path_db = None
      backup_path_files = None
      backup_path_private_files = None
      backup_path_conf = None
      ignore_backup_conf = False
      verbose = True
      compress = False
      include = ''
      exclude = ''
      old_backup_metadata = False
      scheduled_backup = <function scheduled_backup at 0x10adf3a60>
      exit_code = 1
      rollback_callback = None
      site = 'vendor-qc.local'
  File "apps/frappe/frappe/utils/backups.py", line 568, in scheduled_backup
    return new_backup(
      older_than = 6
      ignore_files = True
      backup_path = None
      backup_path_db = None
      backup_path_files = None
      backup_path_private_files = None
      backup_path_conf = None
      ignore_conf = False
      include_doctypes = ''
      exclude_doctypes = ''
      compress = False
      force = True
      verbose = True
      old_backup_metadata = False
      rollback_callback = <frappe.utils.CallbackManager object at 0x10b077fd0>
  File "apps/frappe/frappe/utils/backups.py", line 626, in new_backup
    odb.get_backup(older_than, ignore_files, force=force)
      older_than = 6
      ignore_files = True
      backup_path = None
      backup_path_db = None
      backup_path_files = None
      backup_path_private_files = None
      backup_path_conf = None
      ignore_conf = False
      include_doctypes = ''
      exclude_doctypes = ''
      compress = False
      force = True
      verbose = True
      old_backup_metadata = False
      rollback_callback = <frappe.utils.CallbackManager object at 0x10b077fd0>
      odb = <frappe.utils.backups.BackupGenerator object at 0x10affefd0>
  File "apps/frappe/frappe/utils/backups.py", line 195, in get_backup
    self.delete_if_step_fails(self.take_dump, self.backup_path_db)
      self = <frappe.utils.backups.BackupGenerator object at 0x10affefd0>
      older_than = 6
      ignore_files = True
      force = True
      last_db = False
      last_file = False
      last_private_file = False
      site_config_backup_path = False
  File "apps/frappe/frappe/utils/backups.py", line 520, in delete_if_step_fails
    raise e
      self = <frappe.utils.backups.BackupGenerator object at 0x10affefd0>
      step = <bound method BackupGenerator.take_dump of <frappe.utils.backups.BackupGenerator object at 0x10affefd0>>
      paths = ('./test-site.local/private/backups/20251128_120002-test-site_local-database.sql.gz',)
      path = './test-site.local/private/backups/20251128_120002-test-site_local-database.sql.gz'
  File "apps/frappe/frappe/utils/backups.py", line 515, in delete_if_step_fails
    step()
      self = <frappe.utils.backups.BackupGenerator object at 0x10affefd0>
      step = <bound method BackupGenerator.take_dump of <frappe.utils.backups.BackupGenerator object at 0x10affefd0>>
      paths = ('./test-site.local/private/backups/20251128_120002-test-site_local-database.sql.gz',)
      path = './test-site.local/private/backups/20251128_120002-test-site_local-database.sql.gz'
  File "apps/frappe/frappe/utils/backups.py", line 457, in take_dump
    frappe.throw(
      self = <frappe.utils.backups.BackupGenerator object at 0x10affefd0>
      shlex = <module 'shlex' from '/opt/homebrew/Cellar/python@3.13/3.13.1/Frameworks/Python.framework/Versions/3.13/lib/python3.13/shlex.py'>
      frappe = <module 'frappe' from 'apps/frappe/frappe/__init__.py'>
      get_app_branch = <function get_app_branch at 0x10add6ac0>
      gzip_exc = '/usr/bin/gzip'
      database_header_content = ['begin frappe metadata', '[frappe]', 'version = 15.87.0', 'branch = version-15', 'end frappe metadata', '']
      generated_header = '-- begin frappe metadata\n-- [frappe]\n-- version = 15.87.0\n-- branch = version-15\n-- end frappe metadata\n-- \n'
      f = <_io.TextIOWrapper name='./test-site.local/private/backups/20251128_120002-test-site_local-database.sql.gz' encoding='UTF-8'>
      cmd = []
      extra = []
      get_command = <function get_command at 0x10aac3b00>
      bin = None
      args = ['--user=_537373b7e3047fb7', '--host=127.0.0.1', '--port=3306', '--password=U5hxfjpquKPDmY5A', '--single-transaction', '--quick', '--lock-tables=false', '_537373b7e3047fb7']
      bin_name = 'mariadb-dump'
  File "apps/frappe/frappe/__init__.py", line 609, in throw
    msgprint(
      msg = 'mariadb-dump not found in PATH! This is required to take a backup.'
      exc = <class 'frappe.exceptions.ExecutableNotFound'>
      title = None
      is_minimizable = False
      wide = False
      as_list = False
      primary_action = None
  File "apps/frappe/frappe/__init__.py", line 574, in msgprint
    _raise_exception()
      msg = 'mariadb-dump not found in PATH! This is required to take a backup.'
      title = None
      raise_exception = <class 'frappe.exceptions.ExecutableNotFound'>
      as_table = False
      as_list = False
      indicator = 'red'
      alert = False
      primary_action = None
      is_minimizable = False
      wide = False
      realtime = False
      sys = <module 'sys' (built-in)>
      _raise_exception = <function msgprint.<locals>._raise_exception at 0x10b0d6980>
      inspect = <module 'inspect' from '/opt/homebrew/Cellar/python@3.13/3.13.1/Frameworks/Python.framework/Versions/3.13/lib/python3.13/inspect.py'>
      out = {'message': 'mariadb-dump not found in PATH! This is required to take a backup.', 'title': 'Message', 'indicator': 'red', 'raise_exception': 1, '__frappe_exc_id': 'd27761aa67a1001d209088cf415f03d4a125039389f2b5bbad0236e2'}
  File "apps/frappe/frappe/__init__.py", line 525, in _raise_exception
    raise exc
      exc = ExecutableNotFound('mariadb-dump not found in PATH! This is required to take a backup.')
      inspect = <module 'inspect' from '/opt/homebrew/Cellar/python@3.13/3.13.1/Frameworks/Python.framework/Versions/3.13/lib/python3.13/inspect.py'>
      msg = 'mariadb-dump not found in PATH! This is required to take a backup.'
      out = {'message': 'mariadb-dump not found in PATH! This is required to take a backup.', 'title': 'Message', 'indicator': 'red', 'raise_exception': 1, '__frappe_exc_id': 'd27761aa67a1001d209088cf415f03d4a125039389f2b5bbad0236e2'}
      raise_exception = <class 'frappe.exceptions.ExecutableNotFound'>
frappe.exceptions.ExecutableNotFound: mariadb-dump not found in PATH! This is required to take a backup.
Backup failed for Site test-site.local. Database or site_config.json may be corrupted
Traceback with variables (most recent call last):
  File "apps/frappe/frappe/commands/site.py", line 845, in backup
    odb = scheduled_backup(
      context = {'sites': ['test-site.local', 'vendor-qc.local'], 'force': False, 'verbose': True, 'profile': False}
      with_files = False
      backup_path = None
      backup_path_db = None
      backup_path_files = None
      backup_path_private_files = None
      backup_path_conf = None
      ignore_backup_conf = False
      verbose = True
      compress = False
      include = ''
      exclude = ''
      old_backup_metadata = False
      scheduled_backup = <function scheduled_backup at 0x1083a3a60>
      exit_code = 0
      rollback_callback = None
      site = 'test-site.local'
  File "apps/frappe/frappe/utils/backups.py", line 568, in scheduled_backup
    return new_backup(
      older_than = 6
      ignore_files = True
      backup_path = None
      backup_path_db = None
      backup_path_files = None
      backup_path_private_files = None
      backup_path_conf = None
      ignore_conf = False
      include_doctypes = ''
      exclude_doctypes = ''
      compress = False
      force = True
      verbose = True
      old_backup_metadata = False
      rollback_callback = <frappe.utils.CallbackManager object at 0x108618070>
  File "apps/frappe/frappe/utils/backups.py", line 626, in new_backup
    odb.get_backup(older_than, ignore_files, force=force)
      older_than = 6
      ignore_files = True
      backup_path = None
      backup_path_db = None
      backup_path_files = None
      backup_path_private_files = None
      backup_path_conf = None
      ignore_conf = False
      include_doctypes = ''
      exclude_doctypes = ''
      compress = False
      force = True
      verbose = True
      old_backup_metadata = False
      rollback_callback = <frappe.utils.CallbackManager object at 0x108618070>
      odb = <frappe.utils.backups.BackupGenerator object at 0x108597230>
  File "apps/frappe/frappe/utils/backups.py", line 195, in get_backup
    self.delete_if_step_fails(self.take_dump, self.backup_path_db)
      self = <frappe.utils.backups.BackupGenerator object at 0x108597230>
      older_than = 6
      ignore_files = True
      force = True
      last_db = False
      last_file = False
      last_private_file = False
      site_config_backup_path = False
  File "apps/frappe/frappe/utils/backups.py", line 520, in delete_if_step_fails
    raise e
      self = <frappe.utils.backups.BackupGenerator object at 0x108597230>
      step = <bound method BackupGenerator.take_dump of <frappe.utils.backups.BackupGenerator object at 0x108597230>>
      paths = ('./test-site.local/private/backups/20251128_180002-test-site_local-database.sql.gz',)
      path = './test-site.local/private/backups/20251128_180002-test-site_local-database.sql.gz'
  File "apps/frappe/frappe/utils/backups.py", line 515, in delete_if_step_fails
    step()
      self = <frappe.utils.backups.BackupGenerator object at 0x108597230>
      step = <bound method BackupGenerator.take_dump of <frappe.utils.backups.BackupGenerator object at 0x108597230>>
      paths = ('./test-site.local/private/backups/20251128_180002-test-site_local-database.sql.gz',)
      path = './test-site.local/private/backups/20251128_180002-test-site_local-database.sql.gz'
  File "apps/frappe/frappe/utils/backups.py", line 457, in take_dump
    frappe.throw(
      self = <frappe.utils.backups.BackupGenerator object at 0x108597230>
      shlex = <module 'shlex' from '/opt/homebrew/Cellar/python@3.13/3.13.1/Frameworks/Python.framework/Versions/3.13/lib/python3.13/shlex.py'>
      frappe = <module 'frappe' from 'apps/frappe/frappe/__init__.py'>
      get_app_branch = <function get_app_branch at 0x108386ac0>
      gzip_exc = '/usr/bin/gzip'
      database_header_content = ['begin frappe metadata', '[frappe]', 'version = 15.87.0', 'branch = version-15', 'end frappe metadata', '']
      generated_header = '-- begin frappe metadata\n-- [frappe]\n-- version = 15.87.0\n-- branch = version-15\n-- end frappe metadata\n-- \n'
      f = <_io.TextIOWrapper name='./test-site.local/private/backups/20251128_180002-test-site_local-database.sql.gz' encoding='UTF-8'>
      cmd = []
      extra = []
      get_command = <function get_command at 0x108073b00>
      bin = None
      args = ['--user=_537373b7e3047fb7', '--host=127.0.0.1', '--port=3306', '--password=U5hxfjpquKPDmY5A', '--single-transaction', '--quick', '--lock-tables=false', '_537373b7e3047fb7']
      bin_name = 'mariadb-dump'
  File "apps/frappe/frappe/__init__.py", line 609, in throw
    msgprint(
      msg = 'mariadb-dump not found in PATH! This is required to take a backup.'
      exc = <class 'frappe.exceptions.ExecutableNotFound'>
      title = None
      is_minimizable = False
      wide = False
      as_list = False
      primary_action = None
  File "apps/frappe/frappe/__init__.py", line 574, in msgprint
    _raise_exception()
      msg = 'mariadb-dump not found in PATH! This is required to take a backup.'
      title = None
      raise_exception = <class 'frappe.exceptions.ExecutableNotFound'>
      as_table = False
      as_list = False
      indicator = 'red'
      alert = False
      primary_action = None
      is_minimizable = False
      wide = False
      realtime = False
      sys = <module 'sys' (built-in)>
      _raise_exception = <function msgprint.<locals>._raise_exception at 0x10626dda0>
      inspect = <module 'inspect' from '/opt/homebrew/Cellar/python@3.13/3.13.1/Frameworks/Python.framework/Versions/3.13/lib/python3.13/inspect.py'>
      out = {'message': 'mariadb-dump not found in PATH! This is required to take a backup.', 'title': 'Message', 'indicator': 'red', 'raise_exception': 1, '__frappe_exc_id': 'd630bc59869c2259e123f72351eaca2f96bbccb65b81a0bafca9bab1'}
  File "apps/frappe/frappe/__init__.py", line 525, in _raise_exception
    raise exc
      exc = ExecutableNotFound('mariadb-dump not found in PATH! This is required to take a backup.')
      inspect = <module 'inspect' from '/opt/homebrew/Cellar/python@3.13/3.13.1/Frameworks/Python.framework/Versions/3.13/lib/python3.13/inspect.py'>
      msg = 'mariadb-dump not found in PATH! This is required to take a backup.'
      out = {'message': 'mariadb-dump not found in PATH! This is required to take a backup.', 'title': 'Message', 'indicator': 'red', 'raise_exception': 1, '__frappe_exc_id': 'd630bc59869c2259e123f72351eaca2f96bbccb65b81a0bafca9bab1'}
      raise_exception = <class 'frappe.exceptions.ExecutableNotFound'>
frappe.exceptions.ExecutableNotFound: mariadb-dump not found in PATH! This is required to take a backup.
Backup failed for Site vendor-qc.local. Database or site_config.json may be corrupted
Traceback with variables (most recent call last):
  File "apps/frappe/frappe/commands/site.py", line 845, in backup
    odb = scheduled_backup(
      context = {'sites': ['test-site.local', 'vendor-qc.local'], 'force': False, 'verbose': True, 'profile': False}
      with_files = False
      backup_path = None
      backup_path_db = None
      backup_path_files = None
      backup_path_private_files = None
      backup_path_conf = None
      ignore_backup_conf = False
      verbose = True
      compress = False
      include = ''
      exclude = ''
      old_backup_metadata = False
      scheduled_backup = <function scheduled_backup at 0x1083a3a60>
      exit_code = 1
      rollback_callback = None
      site = 'vendor-qc.local'
  File "apps/frappe/frappe/utils/backups.py", line 568, in scheduled_backup
    return new_backup(
      older_than = 6
      ignore_files = True
      backup_path = None
      backup_path_db = None
      backup_path_files = None
      backup_path_private_files = None
      backup_path_conf = None
      ignore_conf = False
      include_doctypes = ''
      exclude_doctypes = ''
      compress = False
      force = True
      verbose = True
      old_backup_metadata = False
      rollback_callback = <frappe.utils.CallbackManager object at 0x10861bfd0>
  File "apps/frappe/frappe/utils/backups.py", line 626, in new_backup
    odb.get_backup(older_than, ignore_files, force=force)
      older_than = 6
      ignore_files = True
      backup_path = None
      backup_path_db = None
      backup_path_files = None
      backup_path_private_files = None
      backup_path_conf = None
      ignore_conf = False
      include_doctypes = ''
      exclude_doctypes = ''
      compress = False
      force = True
      verbose = True
      old_backup_metadata = False
      rollback_callback = <frappe.utils.CallbackManager object at 0x10861bfd0>
      odb = <frappe.utils.backups.BackupGenerator object at 0x1085aefd0>
  File "apps/frappe/frappe/utils/backups.py", line 195, in get_backup
    self.delete_if_step_fails(self.take_dump, self.backup_path_db)
      self = <frappe.utils.backups.BackupGenerator object at 0x1085aefd0>
      older_than = 6
      ignore_files = True
      force = True
      last_db = False
      last_file = False
      last_private_file = False
      site_config_backup_path = False
  File "apps/frappe/frappe/utils/backups.py", line 520, in delete_if_step_fails
    raise e
      self = <frappe.utils.backups.BackupGenerator object at 0x1085aefd0>
      step = <bound method BackupGenerator.take_dump of <frappe.utils.backups.BackupGenerator object at 0x1085aefd0>>
      paths = ('./test-site.local/private/backups/20251128_180003-test-site_local-database.sql.gz',)
      path = './test-site.local/private/backups/20251128_180003-test-site_local-database.sql.gz'
  File "apps/frappe/frappe/utils/backups.py", line 515, in delete_if_step_fails
    step()
      self = <frappe.utils.backups.BackupGenerator object at 0x1085aefd0>
      step = <bound method BackupGenerator.take_dump of <frappe.utils.backups.BackupGenerator object at 0x1085aefd0>>
      paths = ('./test-site.local/private/backups/20251128_180003-test-site_local-database.sql.gz',)
      path = './test-site.local/private/backups/20251128_180003-test-site_local-database.sql.gz'
  File "apps/frappe/frappe/utils/backups.py", line 457, in take_dump
    frappe.throw(
      self = <frappe.utils.backups.BackupGenerator object at 0x1085aefd0>
      shlex = <module 'shlex' from '/opt/homebrew/Cellar/python@3.13/3.13.1/Frameworks/Python.framework/Versions/3.13/lib/python3.13/shlex.py'>
      frappe = <module 'frappe' from 'apps/frappe/frappe/__init__.py'>
      get_app_branch = <function get_app_branch at 0x108386ac0>
      gzip_exc = '/usr/bin/gzip'
      database_header_content = ['begin frappe metadata', '[frappe]', 'version = 15.87.0', 'branch = version-15', 'end frappe metadata', '']
      generated_header = '-- begin frappe metadata\n-- [frappe]\n-- version = 15.87.0\n-- branch = version-15\n-- end frappe metadata\n-- \n'
      f = <_io.TextIOWrapper name='./test-site.local/private/backups/20251128_180003-test-site_local-database.sql.gz' encoding='UTF-8'>
      cmd = []
      extra = []
      get_command = <function get_command at 0x108073b00>
      bin = None
      args = ['--user=_537373b7e3047fb7', '--host=127.0.0.1', '--port=3306', '--password=U5hxfjpquKPDmY5A', '--single-transaction', '--quick', '--lock-tables=false', '_537373b7e3047fb7']
      bin_name = 'mariadb-dump'
  File "apps/frappe/frappe/__init__.py", line 609, in throw
    msgprint(
      msg = 'mariadb-dump not found in PATH! This is required to take a backup.'
      exc = <class 'frappe.exceptions.ExecutableNotFound'>
      title = None
      is_minimizable = False
      wide = False
      as_list = False
      primary_action = None
  File "apps/frappe/frappe/__init__.py", line 574, in msgprint
    _raise_exception()
      msg = 'mariadb-dump not found in PATH! This is required to take a backup.'
      title = None
      raise_exception = <class 'frappe.exceptions.ExecutableNotFound'>
      as_table = False
      as_list = False
      indicator = 'red'
      alert = False
      primary_action = None
      is_minimizable = False
      wide = False
      realtime = False
      sys = <module 'sys' (built-in)>
      _raise_exception = <function msgprint.<locals>._raise_exception at 0x108686980>
      inspect = <module 'inspect' from '/opt/homebrew/Cellar/python@3.13/3.13.1/Frameworks/Python.framework/Versions/3.13/lib/python3.13/inspect.py'>
      out = {'message': 'mariadb-dump not found in PATH! This is required to take a backup.', 'title': 'Message', 'indicator': 'red', 'raise_exception': 1, '__frappe_exc_id': '9c2c0dfba1c17c00a6ac7eeb59b0314b4be86861453e0354af8b08ea'}
  File "apps/frappe/frappe/__init__.py", line 525, in _raise_exception
    raise exc
      exc = ExecutableNotFound('mariadb-dump not found in PATH! This is required to take a backup.')
      inspect = <module 'inspect' from '/opt/homebrew/Cellar/python@3.13/3.13.1/Frameworks/Python.framework/Versions/3.13/lib/python3.13/inspect.py'>
      msg = 'mariadb-dump not found in PATH! This is required to take a backup.'
      out = {'message': 'mariadb-dump not found in PATH! This is required to take a backup.', 'title': 'Message', 'indicator': 'red', 'raise_exception': 1, '__frappe_exc_id': '9c2c0dfba1c17c00a6ac7eeb59b0314b4be86861453e0354af8b08ea'}
      raise_exception = <class 'frappe.exceptions.ExecutableNotFound'>
frappe.exceptions.ExecutableNotFound: mariadb-dump not found in PATH! This is required to take a backup.
